time_ms,supply_pressure_psi,upstream_pressure_psi,downstream_pressure_psi,supply_temperature_K,upstream_temperature_K,downstream_temperature_K,time_s,supply_pressure_abs_pa,upstream_pressure_abs_pa,downstream_pressure_abs_pa,supply_pressure_psia,upstream_pressure_psia,downstream_pressure_psia,pressure_drop_psi,pressure_drop_pa,supply_density_kg_m3,upstream_density_kg_m3,upstream_cp_J_kgK,upstream_cv_J_kgK,upstream_gamma,tank_mass_kg_raw,tank_mass_kg_used,mass_flow_kg_s,real_gas_critical_pressure_psia,real_gas_choked,real_gas_ideal_mass_flux_kg_m2_s,real_gas_ideal_mass_flow_kg_s,Cd_real_gas,ideal_gas_critical_pressure_ratio,ideal_gas_choked,ideal_gas_ideal_mass_flux_kg_m2_s,ideal_gas_ideal_mass_flow_kg_s,Cd_ideal_gas,incompressible_ideal_mass_flow_kg_s,Cd_incompressible_equiv,orifice_diameter_in,orifice_diameter_m,orifice_area_m2,tank_volume_L,tank_volume_m3
0,1500.0,1488.0,0.4,295.0,295.3,250.052,0.0,10443460.603456667,10360723.51593865,104082.5666219348,1514.6959,1502.6959,15.0959,1487.6,10256640.949316716,124.55096718386794,123.42690984429291,1174.6551378995878,741.6352586112876,1.5838717540197997,6.227548359193397,6.227548359193397,0.6972250390901991,768.8921148433377,True,25349.728760014867,0.7398660761736462,0.9423665465188333,0.4991557850652907,True,25409.50358011497,0.7416106850418567,0.9401496676802162,1.4685958618975035,0.4747562329294238,0.24,0.006096,2.9186350796015867e-05,50.0,0.05
1,1499.7321,1487.7366,0.3996,294.9851,295.2872,250.0412,0.001,10441613.497977827,10358907.43686763,104079.80871901754,1514.4279999999999,1502.4325,15.095500000000001,1487.3369999999998,10254827.628148612,124.53702268308614,123.41217993484472,1174.6482304496317,741.6335883719519,1.583866007239831,6.226851134154307,6.226851134154307,0.6964715613967201,768.7618713506287,True,25345.84935988942,0.7397528506407068,0.9414922305382123,0.4991566413398815,True,25405.569534330658,0.741495864601548,0.9392790906136445,1.4683784092481635,0.4743134038271008,0.24,0.006096,2.9186350796015867e-05,50.0,0.05
2,1499.4646,1487.4735,0.3992,294.9702,295.2744,250.0305,0.002,10439769.150401905,10357093.426223798,104077.05081610028,1514.1605,1502.1694,15.0951,1487.0743,10253016.375407698,124.52310832141207,123.39747224223942,1174.641349585491,741.6319219994765,1.5838602880234707,6.226155416070604,6.226155416070604,0.6951665473943649,768.6317736643143,True,25341.975000839113,0.7396397722383549,0.9398717774337612,0.49915749351062,True,25401.640561131266,0.7413811922114825,0.9376641256851109,1.4681612356446363,0.4734946888099338,0.24,0.006096,2.9186350796015867e-05,50.0,0.05
3,1499.1974,1487.2108,0.3988,294.9553,295.2616,250.0197,0.003,10437926.87125317,10355282.173482884,104074.292913183,1513.8933,1501.9067,15.0947,1486.8120000000001,10251207.8805697,124.50921602119035,123.38279485132651,1174.6345057145775,741.6302608980815,1.5838546074052413,6.225460801059518,6.225460801059518,0.6951549077048185,768.5018708236996,True,25338.107429373184,0.7395268919408216,0.9399994987071358,0.4991583399332931,True,25397.71841082499,0.7412667189567688,0.9377932260106776,1.4679444385479292,0.47355668882976,0.24,0.006096,2.9186350796015867e-05,50.0,0.05
4,1498.9306,1486.9484,0.3984,294.9405,295.2488,250.009,0.004,10436087.350007351,10353472.989169154,104071.53501026574,1513.6264999999996,1501.6442999999997,15.0943,1486.55,10249401.45415889,124.49530212510389,123.3681396886946,1174.627688466608,741.6286036675965,1.583848954392656,6.2247651062551945,6.2247651062551945,0.6938491547971353,768.3721138025053,True,25334.24489982335,0.7394141587984201,0.9383768846469888,0.49915918224574757,True,25393.801333841944,0.7411523937738466,0.9361760963411996,1.4677279205668181,0.4727369051678048,0.24,0.006096,2.9186350796015867e-05,50.0,0.05
5,1498.6641,1486.6863,0.398,294.9256,295.2361,249.9983,0.005,10434249.897188723,10351665.873282617,104068.77710734846,1513.36,1501.3822,15.093899999999998,1486.2883000000002,10247597.096175268,124.48146205499849,123.35345561732731,1174.6207380753895,741.6269345022341,1.5838431473147243,6.224073102749925,6.224073102749925,0.6927451133947216,768.2425111348721,True,25330.381793408047,0.7393014088194207,0.9370266377565217,0.4991600475175021,True,25389.88405865307,0.7410380628060197,0.9348306762699452,1.4675113775187407,0.4720543390716403,0.24,0.006096,2.9186350796015867e-05,50.0,0.05
6,1498.3979,1486.4246,0.3976,294.9108,295.2233,249.9876,0.006,10432414.512797281,10349861.515298994,104066.01920443121,1513.0937999999999,1501.1205,15.0935,1486.0269999999998,10245795.496094562,124.46759232056809,123.33885301148662,1174.6139845138064,741.6252864201242,1.5838375605877033,6.223379616028405,6.223379616028405,0.6927322500177979,768.113094801668,True,25326.53109573039,0.7391890210061912,0.9371517031933783,0.4991608799593743,True,25385.978879997812,0.7409240848918661,0.9349571219822048,1.4672955153318188,0.47211501894432034,0.24,0.006096,2.9186350796015867e-05,50.0,0.05
7,1498.1321,1486.1633,0.3972,294.896,295.2106,249.9769,0.007,10430581.886308758,10348059.915218288,104063.26130151394,1512.8279999999997,1500.8591999999999,15.0931,1485.7660999999998,10243996.653916774,124.45375276499777,123.3242295971935,1174.6071082331252,741.6236278066489,1.5838318308533732,6.222687638249889,6.222687638249889,0.69122311255569,767.9838818635908,True,25322.68156962739,0.7390766673869508,0.935252245209621,0.4991617337129468,True,25382.075255197677,0.7408101523290733,0.9330637686086187,1.4670797256491912,0.4711557936974555,0.24,0.006096,2.9186350796015867e-05,50.0,0.05
8,1497.8667,1485.9022,0.3969,294.8812,295.1978,249.9662,0.008,10428752.017723152,10346259.694089042,104061.19287432599,1512.5626,1500.5980999999997,15.0928,1485.5052999999998,10242198.501214717,124.43994339606586,123.30967149003568,1174.6004080371436,741.6219874781401,1.5838262994754666,6.221997169803293,6.221997169803293,0.6912092547731845,767.8547572094998,True,25318.840959282636,0.7389645739861579,0.9353753604785553,0.49916255791359904,True,25378.180226291348,0.7406964706490526,0.9331882655894069,1.466864372586156,0.47121551773361814,0.24,0.006096,2.9186350796015867e-05,50.0,0.05
9,1497.6016,1485.6416,0.3965,294.8665,295.1851,249.9555,0.009,10426924.217564732,10344462.920338443,104058.43497140871,1512.2975,1500.3374999999999,15.0924,1485.2450999999999,10240404.485367034,124.42610439480684,123.2951006758567,1174.5935955501177,741.6203380222066,1.583820636152708,6.2213052197403425,6.2213052197403425,0.6901038096166303,767.7258849934108,True,25315.00326903313,0.7388525658122894,0.9340209962699865,0.49916340177768065,True,25374.288503372387,0.740582885458739,0.9318387221292045,1.4666492389767252,0.47053091582968587,0.24,0.006096,2.9186350796015867e-05,50.0,0.05
10,1497.3368,1485.3812,0.3961,294.8517,295.1724,249.9448,0.01,10425098.485833501,10342667.525539303,104055.67706849145,1512.0327,1500.0771,15.092,1484.9851,10238611.848470813,124.4123392436812,123.28054404695685,1174.5867993802324,741.6186910414967,1.5838149895206852,6.22061696218406,6.22061696218406,0.6887956848308932,767.5971095899027,True,25311.168878075765,0.7387406539327186,0.9323917414914947,0.4991642431578214,True,25370.400106935595,0.7404693973563007,0.9302149248707667,1.4664342872939502,0.4697078422122453,0.24,0.006096,2.9186350796015867e-05,50.0,0.05
11,1497.0724,1485.1212,0.3957,294.837,295.1597,249.9342,0.011,10423275.512005188,10340874.888643079,104052.91916557419,1511.7683,1499.8171,15.091600000000001,1484.7255,10236821.969477504,124.3985525674136,123.26601777566968,1174.5800403519086,741.617049345516,1.5838093816592898,6.21992762837068,6.21992762837068,0.6887806092686333,767.4685290803972,True,25307.341279607997,0.7386289403011321,0.9325123505014897,0.49916507876394733,True,25366.518537756998,0.7403561085166152,0.9303369032082155,1.4662197124751388,0.469766299967347,0.24,0.006096,2.9186350796015867e-05,50.0,0.05
12,1496.8083,1484.8615,0.3953,294.8223,295.147,249.9235,0.012,10421454.606604062,10339084.320174042,104050.16126265693,1511.5041999999999,1499.5574,15.0912,1484.4661999999998,10235034.158911385,124.38478801931046,123.25151378375041,1174.5733080786197,741.6154115323133,1.5838038015576512,6.219239400965524,6.219239400965524,0.6874717514938311,767.3400944331689,True,25303.518727614217,0.7385173739577056,0.9308809457111055,0.4991659102366925,True,25362.642045960933,0.7402429678671973,0.92871095212777,1.466005417099994,0.4689421631563723,0.24,0.006096,2.9186350796015867e-05,50.0,0.05
13,1496.5446,1484.6022,0.3949,294.8076,295.1343,249.9128,0.013,10419636.459105853,10337296.509607924,104047.40335973965,1511.2404999999999,1499.2981,15.0908,1484.2073,10233249.106248185,124.37105369735382,123.23704016199451,1174.566612987836,741.6137790083101,1.5837982602729856,6.218552684867691,6.218552684867691,0.6861625747169455,767.2118546941398,True,25299.702969030855,0.7384060058891387,0.929248366406114,0.49916673592840394,True,25358.77238223247,0.7401300265041558,0.9270838233085693,1.4657914986652314,0.4681174473598558,0.24,0.006096,2.9186350796015867e-05,50.0,0.05
14,1496.2812,1484.3432,0.3946,294.7929,295.1217,249.9022,0.014,10417820.380034832,10335510.767468994,104045.3349325517,1510.9770999999998,1499.0391,15.0905,1483.9486000000002,10231465.432536444,124.35734151632181,123.22253771893592,1174.559784852722,741.6121345462809,1.583792565060062,6.217867075816091,6.217867075816091,0.6848530451029546,767.0837693247863,True,25295.88664439802,0.7382946212996533,0.9276148374173131,0.49916758455961596,True,25354.902530105166,0.7400170796424397,0.9254557279054436,1.4655775064056666,0.4672922735983843,0.24,0.006096,2.9186350796015867e-05,50.0,0.05
15,1496.0182,1484.0845,0.3942,294.7782,295.109,249.8916,0.015,10416007.05886673,10333727.093757251,104042.57702963443,1510.7141,1498.7803999999999,15.0901,1483.6903,10229684.516727617,124.3436595755497,123.20810868700345,1174.553143356231,741.6105097957592,1.5837870793925304,6.217182978777485,6.217182978777485,0.6850385640400418,766.9558213380607,True,25292.08098144797,0.7381835478857817,0.9280057324523806,0.4991684019698703,True,25351.043023527633,0.7399044347295682,0.9258473552607106,1.465364147054576,0.4674869147146728,0.24,0.006096,2.9186350796015867e-05,50.0,0.05
16,1495.7554,1483.8262,0.3938,294.7636,295.0964,249.881,0.016,10414195.116650086,10331946.177948426,104039.81912671716,1510.4513,1498.5221,15.0897,1483.4324,10227906.358821709,124.32993997376022,123.19365893804782,1174.5463792534017,741.6088745122618,1.58378145087041,6.216496998688012,6.216496998688012,0.6837283208751614,766.828076767171,True,25288.27650116502,0.738072508989647,0.9263701229180344,0.4991692406696526,True,25347.18508085666,0.7397918354614222,0.9242171758339386,1.4651508608547656,0.4666606962755193,0.24,0.006096,2.9186350796015867e-05,50.0,0.05
17,1495.4931,1483.5682,0.3934,294.7489,295.0837,249.8703,0.017,10412386.621812087,10330167.330566788,104037.0612237999,1510.1889999999999,1498.2640999999999,15.0893,1483.1748,10226130.269342989,124.3163104427147,123.1792826049049,1174.5398018379296,741.6072589481138,1.583776031944296,6.215815522135735,6.215815522135735,0.6822152827835453,766.7004695991671,True,25284.4826821193,0.737961781256122,0.924458827152691,0.4991700481406409,True,25343.3374832885,0.739679538129076,0.9223119575662736,1.4649381581961216,0.46569561927692804,0.24,0.006096,2.9186350796015867e-05,50.0,0.05
18,1495.2311,1483.3105,0.3931,294.7343,295.0711,249.8597,0.018,10410580.195401277,10328390.55161234,104034.99279661196,1509.927,1498.0064,15.089000000000002,1482.9174,10224355.558815729,124.30265136244888,123.1648774851669,1174.53309142394,741.6056314458938,1.583770459150878,6.215132568122445,6.215132568122445,0.6823995922418362,766.5730168102378,True,25280.68830116026,0.7378510371223977,0.9248473715008643,0.4991708785422445,True,25339.48970106557,0.7395672354073309,0.9227012225142606,1.4647253819512704,0.4658891015684869,0.24,0.006096,2.9186350796015867e-05,50.0,0.05
19,1494.9694,1483.0532,0.3927,294.7197,295.0585,249.8492,0.019,10408775.837417655,10326616.530560808,104032.23489369468,1509.6653,1497.7491,15.0886,1482.6605000000002,10222584.295667114,124.28901445902501,123.15050277855282,1174.5264182990213,741.604009241989,1.5837649252995982,6.214450722951251,6.214450722951251,0.6825833795101062,766.445758963125,True,25276.90071755802,0.7377404913787136,0.9252350758658672,0.4991717031440317,True,25335.64875043337,0.7394551320747894,0.9230896506119168,1.4645130323099405,0.4660821477522014,0.24,0.006096,2.9186350796015867e-05,50.0,0.05
20,1494.708,1482.7962,0.3923,294.7052,295.0459,249.8386,0.02,10406973.547861222,10324844.577936463,104029.47699077742,1509.4039,1497.4921,15.0882,1482.4038999999998,10220815.100945685,124.27534802726848,123.1361504020181,1174.519772060507,741.6023909326781,1.583759419361323,6.213767401363424,6.213767401363424,0.6812716112594899,766.3186470207586,True,25273.118184953015,0.7376300930552065,0.9235951972047612,0.49917252358940534,True,25331.81288121218,0.7393431770500921,0.9214551948361759,1.4643009624377537,0.4652538164868209,0.24,0.006096,2.9186350796015867e-05,50.0,0.05
21,1494.447,1482.5396,0.3919,294.6906,295.0333,249.828,0.021,10405174.016207704,10323075.383215036,104026.71908786014,1509.1428999999998,1497.2355,15.0878,1482.1477,10219048.664127177,124.26176359457465,123.12182845106904,1174.5131631517736,741.6007779261296,1.583753952411261,6.213088179728732,6.213088179728732,0.6797569486734574,766.1917300342702,True,25269.342450619566,0.7375198931484379,0.9216794760228185,0.49917333822798493,True,25327.983844385697,0.7392314214380635,0.9195455292621254,1.4640892698597072,0.4642865449991266,0.24,0.006096,2.9186350796015867e-05,50.0,0.05
22,1494.1864,1482.2833,0.3916,294.6761,295.0208,249.8174,0.022,10403377.242457105,10321308.256920798,104024.6506606722,1508.8823,1496.9792,15.0875,1481.8917000000001,10217283.606260126,124.24815774932154,123.10747775585638,1174.5064212822792,741.5991529780938,1.5837483316502292,6.212407887466077,6.212407887466077,0.6786469720691457,766.0649674301432,True,25265.56615984557,0.7374096770012003,0.9203119964861013,0.49917417578916207,True,25324.15462787785,0.7391196605817917,0.9181828170217453,1.4638775039964522,0.4635954649322833,0.24,0.006096,2.9186350796015867e-05,50.0,0.05
23,1493.926,1482.0273,0.3912,294.6615,295.0082,249.8069,0.023,10401581.847657964,10319543.199053746,104021.89275775492,1508.6218999999999,1496.7232,15.087099999999998,1481.6361,10215521.306295991,124.23461771569187,123.0932004959207,1174.4998662300943,741.5975477686193,1.5837429206232245,6.211730885784593,6.211730885784593,0.6773340688187091,765.938342280609,True,25261.800530170163,0.737299772012526,0.9186684907956297,0.49917498210030414,True,25320.335756240824,0.7390082016545484,0.9165447248112287,1.4636663711514526,0.46276534199925407,0.24,0.006096,2.9186350796015867e-05,50.0,0.05
24,1493.6661,1481.7716,0.3908,294.647,294.9956,249.7963,0.024,10399789.900237469,10317780.209613884,104019.13485483767,1508.3619999999999,1496.4675,15.0867,1481.3808,10213761.074759046,124.22106438656878,123.07894558741945,1174.493338133724,741.5959464613155,1.5837375375877814,6.21105321932844,6.21105321932844,0.6773134759637287,765.8118630599148,True,25258.03995306609,0.7371900144899711,0.9187773337276302,0.49917578424313924,True,25316.5219673978,0.7388968910755139,0.9166549272901305,1.4634555182058122,0.4628179452930083,0.24,0.006096,2.9186350796015867e-05,50.0,0.05
25,1493.4064,1481.5163,0.3905,294.6325,294.9831,249.7858,0.025,10397999.331768434,10316019.978076937,104017.06642764971,1508.1023,1496.2122,15.0864,1481.1257999999998,10212002.911649287,124.20752517665332,123.06467005239202,1174.4866875426449,741.5943346194131,1.5837320118490288,6.2103762588326665,6.2103762588326665,0.6762023739015603,765.685587275651,True,25254.280569602626,0.7370802918054297,0.9174066671152571,0.4991766076535305,True,25312.709752405895,0.7387856264314504,0.9152890225650635,1.4632446896553635,0.46212528819142723,0.24,0.006096,2.9186350796015867e-05,50.0,0.05
26,1493.1471,1481.2613,0.3901,294.618,294.9706,249.7753,0.026,10396211.521202315,10314261.81496718,104014.30852473245,1507.8429999999998,1495.9572,15.086,1480.8712,10210247.506442448,124.19401629161274,123.05041688656895,1174.480063932063,741.5927266798742,1.5837265141342936,6.209700814580637,6.209700814580637,0.6761808378691967,765.5594574255512,True,25250.526240799183,0.7369707166479688,0.9175138476936122,0.4991774268908688,True,25308.9026220978,0.7386745101907523,0.9153975513444785,1.4630341905236444,0.46217705795869357,0.24,0.006096,2.9186350796015867e-05,50.0,0.05
27,1492.8881,1481.0066,0.3898,294.6036,294.9581,249.7648,0.027,10394425.779063385,10312505.72028461,104012.24009754449,1507.5839999999998,1495.7024999999999,15.0857,1480.6167999999998,10208493.480187064,124.18047794313854,123.03618609496311,1174.4734673182554,741.5911226444761,1.5837210444619982,6.209023897156928,6.209023897156928,0.676158835275146,765.4334735152879,True,25246.77696702531,0.7368612890283742,0.9176202432437853,0.49917824195236526,True,25305.100576798042,0.7385635423628911,0.9155052970959094,1.4628239220471169,0.4622284507959853,0.24,0.006096,2.9186350796015867e-05,50.0,0.05
28,1492.6295,1480.7523,0.3894,294.5892,294.9455,249.7543,0.028,10392642.794827372,10310752.383504957,104009.48219462723,1507.3254,1495.4481999999998,15.0853,1480.3629,10206742.90131033,124.16696993820173,123.02203684320034,1174.467068077999,741.5895397743958,1.5837157957153658,6.208348496910087,6.208348496910087,0.6735518056198089,765.3076761576204,True,25243.04010033624,0.736752223526309,0.9142175403231162,0.49917902409539294,True,25301.310626085546,0.7384529275318966,0.9121120392480475,1.4626143841353803,0.46051222586463,0.24,0.006096,2.9186350796015867e-05,50.0,0.05
29,1492.3712,1480.4983,0.389,294.5747,294.9331,249.7438,0.029,10390861.879018547,10309001.115152491,104006.72429170995,1507.0671,1495.1941999999997,15.0849,1480.1092999999998,10204994.390860781,124.15353587091376,123.00780784478674,1174.4603760318535,741.5879291094626,1.583710211467717,6.207676793545688,6.207676793545688,0.6724393178515129,765.1820416381981,True,25239.297080524993,0.7366429784370616,0.9128429069917019,0.49917985623607425,True,25297.515244432732,0.7383421541915728,0.9107421458114926,1.4624045192198079,0.45981758741436257,0.24,0.006096,2.9186350796015867e-05,50.0,0.05
30,1492.1132,1480.2447,0.3887,294.5603,294.9206,249.7333,0.03,10389083.031636909,10307252.604702944,104004.655864522,1506.8091,1494.9406,15.0846,1479.8559999999998,10203247.948838422,124.1400723654877,122.99366039858681,1174.4538813997294,741.5863396142713,1.5837048481915266,6.207003618274385,6.207003618274385,0.6724161787865341,765.0565936852789,True,25235.566468707515,0.7365340954918729,0.9129464377850431,0.4991806554513522,True,25293.73195816609,0.7382317338714328,0.910847025310401,1.4621952861432148,0.4598675602081474,0.24,0.006096,2.9186350796015867e-05,50.0,0.05
31,1491.8556,1479.9913,0.3883,294.5459,294.9081,249.7228,0.031,10387306.94215819,10305505.473204855,104001.89796160473,1506.5515,1494.6871999999998,15.084199999999997,1479.6029999999996,10201503.57524325,124.12663922376228,122.97952725265452,1174.4474033905458,741.5847526226358,1.5836995019612778,6.2063319611881145,6.2063319611881145,0.6723924906509637,764.9312426454344,True,25231.83916624289,0.7364253091346176,0.9130491338505197,0.49918145212925524,True,25289.952007326607,0.73812141090024,0.9109510721696708,1.4619862851297072,0.45991709873756387,0.24,0.006096,2.9186350796015867e-05,50.0,0.05
32,1491.5983,1479.7383,0.388,294.5316,294.8956,249.7123,0.032,10385532.921106657,10303761.099609684,103999.82953441679,1506.2941999999998,1494.4342,15.0839,1479.3502999999998,10199761.270075267,124.11317666586166,122.96542460409565,1174.440962912298,741.5831709532396,1.583694194951401,6.205658833293083,6.205658833293083,0.6712789774142038,764.8060866275371,True,25228.118668109062,0.7363167213709477,0.9116715102766508,0.49918224296537844,True,25286.178894261997,0.7380112874987432,0.9095781985791741,1.4617776124573794,0.4592210003036807,0.24,0.006096,2.9186350796015867e-05,50.0,0.05
33,1491.3413,1479.4856,0.3876,294.5172,294.8832,249.7019,0.033,10383760.968482314,10302018.794441702,103997.07163149952,1506.0372,1494.1815000000001,15.083499999999999,1479.0980000000002,10198021.722810203,124.09978806466572,122.95129331228442,1174.4343895869085,741.5815773385327,1.5836887342884707,6.204989403233286,6.204989403233286,0.6699624084576499,764.6810850106399,True,25224.39762602891,0.7362081177314695,0.9100176870122714,0.499183056701282,True,25282.405612848488,0.7379011591837565,0.9079297411576661,1.4615689660168534,0.45838576491088723,0.24,0.006096,2.9186350796015867e-05,50.0,0.05
34,1491.0847,1479.2333,0.3873,294.5029,294.8707,249.6914,0.034,10381991.773760887,10300279.247176636,103995.00320431156,1505.7806,1493.9292,15.083199999999998,1478.846,10196284.243972324,124.08637816952336,122.93724358327495,1174.4280137762594,741.5800049095537,1.583683494701961,6.204318908476168,6.204318908476168,0.6686456440743314,764.5562700011552,True,25220.688991173807,0.7360998762136143,0.9083626633844075,0.4991838374955567,True,25278.644426038063,0.7377913838660981,0.9062800931213965,1.4613609514420298,0.45754995945014865,0.24,0.006096,2.9186350796015867e-05,50.0,0.05
35,1490.8284,1478.9812,0.3869,294.4885,294.8583,249.681,0.035,10380224.647466648,10298541.078863027,103992.24530139432,1505.5243,1493.6770999999999,15.0828,1478.5943,10194548.833561633,124.07304223890274,122.92315712992271,1174.4214946881762,741.5784191260234,1.5836780904065058,6.2036521119451375,6.2036521119451375,0.6675311083322413,764.4315603434097,True,25216.978066945212,0.735991567877301,0.9069820055921171,0.49918464283723873,True,25274.881321570145,0.7376815525790154,0.9049041635899387,1.4611528656813142,0.4568523417438471,0.24,0.006096,2.9186350796015867e-05,50.0,0.05
36,1490.5724,1478.7295,0.3866,294.4742,294.8459,249.6705,0.036,10378459.589599596,10296805.668452336,103990.17687420636,1505.2683,1493.4253999999999,15.0825,1478.3428999999999,10192815.49157813,124.05967692519005,122.90910120386283,1174.4150131958406,741.5768386693325,1.5836727254092544,6.202983846259503,6.202983846259503,0.6675054713314239,764.3070457266924,True,25213.27395001972,0.7358834582213242,0.9070804131741539,0.49918544232552176,True,25271.12505754391,0.7375719209394632,0.9050039086103034,1.4609451084543292,0.45689976130427,0.24,0.006096,2.9186350796015867e-05,50.0,0.05
37,1490.3168,1478.4782,0.3862,294.4599,294.8335,249.6601,0.037,10376697.289635463,10295073.015944565,103987.4189712891,1505.0127,1493.1741000000002,15.0821,1478.092,10191085.596973276,124.0463420200495,122.89507581181914,1174.4085693213376,741.5752635418974,1.5836673997351938,6.202317101002475,6.202317101002475,0.66747928858058,764.1827261585396,True,25209.57664089033,0.7357755472600724,0.9071778629585906,0.49918623595662137,True,25267.375634392953,0.7374624889600967,0.9051026982020459,1.4607377786236861,0.4569466870429558,0.24,0.006096,2.9186350796015867e-05,50.0,0.05
38,1490.0615,1478.2271,0.3859,294.4457,294.8211,249.6497,0.038,10374937.058098517,10293341.74238825,103985.35054410114,1504.7574,1492.923,15.0818,1477.8412,10189356.39184415,124.03297775364683,122.88106475965755,1174.4021421654631,741.5736909259808,1.5836620912198522,6.201648887682342,6.201648887682342,0.6663637333022052,764.0585035335458,True,25205.88264481223,0.735667732994698,0.9057944278589255,0.4991870270334401,True,25263.629549972004,0.7373531544260754,0.9037239880269783,1.460530582297554,0.4562477098247073,0.24,0.006096,2.9186350796015867e-05,50.0,0.05
39,1489.8065,1477.9764,0.3856,294.4314,294.8087,249.6393,0.039,10373178.894988758,10291613.226734852,103983.2821169132,1504.5023999999999,1492.6723,15.0815,1477.5908000000002,10187629.94461794,124.01968747071739,122.86708425262682,1174.3957526637184,741.5721236432878,1.5836568220687703,6.20098437353587,6.20098437353587,0.665045025809377,763.9344759695607,True,25202.1954573488,0.7355601174479396,0.9041341557734016,0.49918781224685793,True,25259.890307146055,0.7372440195732458,0.9020690682500737,1.4603237640224578,0.4554093018232562,0.24,0.006096,2.9186350796015867e-05,50.0,0.05
40,1489.5519,1477.726,0.3852,294.4172,294.7963,249.6289,0.04,10371423.489781918,10289886.779508643,103980.52421399592,1504.2477999999999,1492.4219,15.0811,1477.3408,10185906.255294647,124.00637595261446,122.8531261958549,1174.3893903736082,741.5705602857256,1.5836515812077523,6.2003187976307235,6.2003187976307235,0.6650176594321238,763.8105944163442,True,25198.513331290906,0.7354526496251388,0.9042290618860156,0.49918859324710946,True,25256.156154985685,0.7371350332983675,0.9021653148900698,1.4601172756952285,0.4554549627635071,0.24,0.006096,2.9186350796015867e-05,50.0,0.05
41,1489.2976,1477.476,0.3849,294.403,294.784,249.6185,0.041,10369670.153002266,10288163.090185352,103978.45578680797,1503.9935,1492.1719,15.0808,1477.0911,10184184.634398544,123.9930867643401,122.83914767221133,1174.382905780675,741.5689863896893,1.583646197905511,6.199654338217005,6.199654338217005,0.6626095520869058,763.6869163337677,True,25194.832418336875,0.7353452172084128,0.9010863694774094,0.49918939547689045,True,25252.423594324464,0.7370260934735416,0.8990313341066162,1.4599108128729412,0.4538698845465527,0.24,0.006096,2.9186350796015867e-05,50.0,0.05
42,1489.0436,1477.2262,0.3845,294.3887,294.7716,249.6082,0.042,10367918.8846498,10286440.779813517,103975.6978838907,1503.7395,1491.9220999999998,15.0804,1476.8417,10182465.081929626,123.97987157053099,122.82523453461182,1174.3765979582474,741.5674308860051,1.5836410136771155,6.19899357852655,6.19899357852655,0.6625813158248093,763.5633268158244,True,25191.16041684839,0.7352380448848465,0.9011793125158305,0.4991901680429433,True,25248.69962506753,0.7369174044004552,0.8991256168849416,1.4597048857330053,0.45391457019895326,0.24,0.006096,2.9186350796015867e-05,50.0,0.05
43,1488.79,1476.9768,0.3842,294.3746,294.7593,249.5978,0.043,10366170.374200253,10284721.2273446,103973.62945670275,1503.4859,1491.6726999999998,15.0801,1476.5926,10180747.597887898,123.9665835117071,122.8113009475799,1174.3701678572907,741.5658648440374,1.5836356870394495,6.198329175585355,6.198329175585355,0.6627555920158557,763.4399407737662,True,25187.489630510787,0.7351309080270999,0.9015477172555827,0.4991909618338512,True,25244.977249162414,0.7368087618314939,0.8994947214911458,1.4594989842172814,0.4540980152660309,0.24,0.006096,2.9186350796015867e-05,50.0,0.05
44,1488.5366,1476.7277,0.3839,294.3604,294.7469,249.5874,0.044,10364423.242702164,10283003.743302872,103971.5610295148,1503.2324999999998,1491.4235999999999,15.0798,1476.3437999999999,10179032.182273358,123.95336134685036,122.79744085291317,1174.3639250395554,741.5643186126604,1.583630570624796,6.197668067342518,6.197668067342518,0.6601437647714192,763.3166923735898,True,25183.829502929246,0.7350240822595469,0.898125354943559,0.49919172429928366,True,25241.26521560969,0.7367004211180574,0.8960816986768494,1.4592936665380147,0.45237211666759636,0.24,0.006096,2.9186350796015867e-05,50.0,0.05
45,1488.2837,1476.4789,0.3835,294.3462,294.7346,249.5771,0.045,10362679.558582721,10281288.327688333,103968.80312659753,1502.9795999999997,1491.1748,15.0794,1476.0954,10177319.524561735,123.94017776111625,122.78355222287627,1174.3575494970178,741.5627604320239,1.5836253007268781,6.197008888055812,6.197008888055812,0.6601143833313472,763.1935983948562,True,25180.168844712072,0.7349172410046761,0.8982159439189793,0.499192509639938,True,25237.55302578294,0.7365920758435526,0.8961736149216344,1.4590883758755633,0.45241562762449444,0.24,0.006096,2.9186350796015867e-05,50.0,0.05
46,1488.031,1476.2305,0.3832,294.3321,294.7223,249.5668,0.046,10360937.253414739,10279575.66997671,103966.73469940959,1502.7269,1490.9263999999998,15.0791,1475.8473,10175608.9352773,123.9269567715171,122.76969418541064,1174.3512117312052,741.5612075955538,1.5836200703363845,6.196347838575855,6.196347838575855,0.6602873830879616,763.0706995158793,True,25176.51499936367,0.7348105985925832,0.8985817356916743,0.4991932890956783,True,25233.847681344734,0.736483930360959,0.8965401088443944,1.458883414145963,0.45259777216296404,0.24,0.006096,2.9186350796015867e-05,50.0,0.05
47,1487.7787,1475.9824,0.3829,294.318,294.71,249.5564,0.047,10359197.706149673,10277865.080692276,103964.66627222163,1502.4746,1490.6783,15.0788,1475.5995000000003,10173900.414420055,123.91376626579272,122.75585864154309,1174.3449012858048,741.5596586936414,1.583614868363489,6.1956883132896365,6.1956883132896365,0.6589658903726558,762.9479466818826,True,25172.86621937853,0.7347041040199596,0.8969133107697379,0.49919406431910784,True,25230.147431104502,0.7363759335594146,0.894877005536313,1.4586787332268825,0.4517553285464679,0.24,0.006096,2.9186350796015867e-05,50.0,0.05
48,1487.5267,1475.7346,0.3825,294.3039,294.6977,249.5461,0.048,10357460.227311794,10276156.559835028,103961.90836930436,1502.2225999999998,1490.4305,15.0784,1475.3520999999998,10172194.651465723,123.90059813590219,122.74204559621201,1174.3386181769065,741.5581137280445,1.583609694826396,6.19502990679511,6.19502990679511,0.6578469608271007,762.8253398983823,True,25169.222505121816,0.7345977572974626,0.8955199689790464,0.499194835307471,True,25226.452275383108,0.736268085448284,0.8934883554358657,1.458474382576417,0.45105143339233983,0.24,0.006096,2.9186350796015867e-05,50.0,0.05
49,1487.275,1475.4871,0.3822,294.2898,294.6855,249.5358,0.049,10355724.816901105,10274450.10740497,103959.8399421164,1501.9709,1490.183,15.0781,1475.1049,10170490.267462853,123.88745238735963,122.72820405534448,1174.3322023756748,741.5565568093679,1.58360436785614,6.194372619367982,6.194372619367982,0.6565248353213065,762.7028875383752,True,25165.578265436918,0.7344913952396344,0.8938495938500537,0.4991956291639547,True,25222.7569681248,0.736160232914344,0.8918232824425012,1.4582699603821043,0.45020802262790904,0.24,0.006096,2.9186350796015867e-05,50.0,0.05
50,1487.0237,1475.2399,0.3819,294.2757,294.6732,249.5255,0.05,10353992.16439333,10272745.723402098,103957.77151492846,1501.7196,1489.9358,15.0778,1474.858,10168787.95188717,123.87433714248934,122.71443602501758,1174.325973981984,741.5550197197884,1.583599251240625,6.193716857124468,6.193716857124468,0.6566962946521926,762.5805728688457,True,25161.944684338803,0.734385344267059,0.8942121459512475,0.4991963916747005,True,25219.072002963498,0.7360526822284752,0.8921865384200177,1.4580661221033193,0.45038855556487495,0.24,0.006096,2.9186350796015867e-05,50.0,0.05
51,1486.7726,1474.9931,0.3815,294.2617,294.661,249.5152,0.051,10352260.890837016,10271044.097302143,103955.0136120112,1501.4684999999997,1489.6889999999999,15.0774,1474.6115999999997,10167089.083690131,123.86118453557356,122.70064762324127,1174.3196234022478,741.5534720897621,1.5835939923427411,6.193059226778678,6.193059226778678,0.655576432469843,762.4584616914915,True,25158.312327918757,0.7342793290383675,0.8928161348739097,0.49919717539189273,True,25215.38863979574,0.7359451782989518,0.8907952002418558,1.4578624088526326,0.4496833367051387,0.24,0.006096,2.9186350796015867e-05,50.0,0.05
52,1486.5219,1474.7466,0.3812,294.2476,294.6487,249.5049,0.052,10350532.37518362,10269344.539629377,103952.94518482324,1501.2178,1489.4424999999999,15.0771,1474.3654,10165391.594444554,123.84811408519057,122.68693273672626,1174.313460277936,741.551944296519,1.5835889438493223,6.192405704259529,6.192405704259529,0.6540502748985091,762.3364882239143,True,25154.690629680852,0.7341736248831187,0.8908659378803409,0.4991979277556594,True,25211.715618316775,0.7358379762055854,0.8888509373641981,1.4576592300996816,0.448699024705371,0.24,0.006096,2.9186350796015867e-05,50.0,0.05
53,1486.2716,1474.5004,0.3809,294.2336,294.6365,249.4947,0.053,10348806.61743314,10267647.050383799,103950.8767576353,1500.9675,1489.1962999999998,15.0768,1474.1194999999998,10163696.173626164,123.83502252457762,122.67318938805553,1174.3071645055502,741.5504045501415,1.5835837419816914,6.191751126228882,6.191751126228882,0.6542206143772091,762.2146691889593,True,25151.068409982207,0.7340679055083337,0.8912262877426426,0.4991987029789424,True,25208.04244889434,0.7357307697942891,0.8892119797573911,1.4574560294641632,0.4488784574981207,0.24,0.006096,2.9186350796015867e-05,50.0,0.05
54,1486.0215,1474.2545,0.3806,294.2196,294.6243,249.4844,0.054,10347082.238634119,10265951.62956541,103948.80833044734,1500.7174,1488.9504,15.0765,1473.8739,10162002.821234964,123.82194526061548,122.65946857487226,1174.300896157922,741.548868747284,1.5835785686541415,6.191097263030774,6.191097263030774,0.653099690873205,762.0929962316562,True,25147.451259491576,0.7339623340852321,0.8898272575352117,0.4991994739515333,True,25204.374377102726,0.7356237121642341,0.8878176166341346,1.4572531099099135,0.44817175988979646,0.24,0.006096,2.9186350796015867e-05,50.0,0.05
55,1485.7718,1474.0089,0.3803,294.2056,294.6121,249.4741,0.055,10345360.617738014,10264258.277174208,103946.7399032594,1500.4677,1488.7048,15.0762,1473.6286,10160311.537270948,123.80889853694269,122.64577030208045,1174.294655251053,741.547336889697,1.5835734238847734,6.190444926847135,6.190444926847135,0.6517755082340955,761.9714693574949,True,25143.83917857176,0.7338569106244028,0.8881506718789793,0.4992002406706929,True,25200.71140326041,0.7355168033247157,0.8861463195509754,1.4570504714667927,0.44732527870360045,0.24,0.006096,2.9186350796015867e-05,50.0,0.05
56,1485.5224,1473.7637,0.3799,294.1916,294.5999,249.4639,0.056,10343641.065269098,10262567.682685923,103943.98200034212,1500.2183,1488.4596,15.0758,1473.3838,10158623.700685581,123.79587424028611,122.63210268539905,1174.2884522966701,741.5458103930624,1.583568318826087,6.189793712014306,6.189793712014306,0.651944632658342,761.8501376398076,True,25140.233915953166,0.7337516861649048,0.8885085308162722,0.4992010014743255,True,25197.05527963676,0.7354100944180821,0.886504873412453,1.4568482612199187,0.4475034566142284,0.24,0.006096,2.9186350796015867e-05,50.0,0.05
57,1485.2733,1473.5188,0.3796,294.1777,294.5877,249.4537,0.057,10341923.58122737,10260879.156624828,103941.91357315418,1499.9692,1488.2147000000002,15.0755,1473.1392000000003,10156937.243051674,123.78282075163636,122.61845762006057,1174.2822768189146,741.5442878456232,1.5835632423661525,6.189141037581819,6.189141037581819,0.6506197646808687,761.7289520174219,True,25136.6337237129,0.7336466096912473,0.8868299206816751,0.49920175801838473,True,25193.404254672776,0.7353035343227183,0.8848315482124656,1.4566462827132427,0.44665597434469995,0.24,0.006096,2.9186350796015867e-05,50.0,0.05
58,1485.0246,1473.2742,0.3793,294.1637,294.5755,249.4434,0.058,10340208.855088558,10259192.698990919,103939.84514596623,1499.7205,1487.9701000000002,15.0752,1472.8949,10155252.853844952,123.76984944969888,122.60483511096689,1174.2761288337826,741.5427692491292,1.5835581945230621,6.188492472484945,6.188492472484945,0.6492944768010602,761.6079124957715,True,25133.03860221339,0.7335416812140083,0.8851500786246811,0.4992025103001328,True,25189.758328687378,0.7351971230479322,0.8831569880323492,1.456444585414111,0.4458078826366375,0.24,0.006096,2.9186350796015867e-05,50.0,0.05
59,1484.7762,1473.0299,0.379,294.1498,294.5634,249.4332,0.059,10338496.197376937,10257508.309784196,103937.77671877827,1499.4721000000002,1487.7258,15.0749,1472.6508999999999,10153570.533065418,123.75684897256431,122.59118419514562,1174.2698482526935,741.5412386954496,1.583552993382429,6.187842448628216,6.187842448628216,0.6494624881215714,761.4870274127353,True,25129.442966332703,0.7334367377238599,0.885505804000365,0.4992032854304234,True,25186.112261192895,0.7350907076430122,0.8835133968758789,1.4562428666324077,0.4459850090963653,0.24,0.006096,2.9186350796015867e-05,50.0,0.05
60,1484.5281,1472.7859,0.3787,294.1359,294.5512,249.423,0.06,10336785.6080925,10255825.989004664,103935.70829159033,1499.2239999999997,1487.4818,15.0746,1472.4072,10151890.280713074,123.74387095017404,122.5776068163058,1174.2637552946971,741.5397280042091,1.583548002822624,6.187193547508702,6.187193547508702,0.6483396146541054,761.3662801054037,True,25125.85798800116,0.7333321052886793,0.8841009550493957,0.49920402918011975,True,25182.476534672805,0.7349845940533986,0.8821132033238261,1.4560417318643313,0.44527543439566425,0.24,0.006096,2.9186350796015867e-05,50.0,0.05
61,1484.2803,1472.5423,0.3783,294.122,294.5391,249.4128,0.061,10335077.087235253,10254146.426128048,103932.95038867305,1498.9761999999998,1487.2382,15.0742,1472.164,10150213.475739375,123.73091538797816,122.56400916036249,1174.2575402661241,741.5382067705362,1.583542870137627,6.186545769398908,6.186545769398908,0.6472164686879296,761.2457363115819,True,25122.274245784007,0.733227508931167,0.8826952900763141,0.49920479411341423,True,25178.842420518056,0.7348785275228452,0.880712178201192,1.455840722805521,0.44456543806570537,0.24,0.006096,2.9186350796015867e-05,50.0,0.05
62,1484.0328,1472.299,0.378,294.1081,294.5269,249.4026,0.062,10333370.634805195,10252468.93167862,103930.88196148511,1498.7287,1486.9949,15.0739,1471.9209999999998,10148538.049717134,123.71798229142651,122.55048504615034,1174.2515129083702,741.5367054069549,1.5835379480830172,6.185899114571326,6.185899114571326,0.6471801905186112,761.1253303124944,True,25118.701160725002,0.7331232236172108,0.8827713673090876,0.4992055276584579,True,25175.218646942103,0.7347727627960522,0.8807895764343218,1.455640248329296,0.4446017422652397,0.24,0.006096,2.9186350796015867e-05,50.0,0.05
63,1483.7857,1472.0559,0.3777,294.0943,294.5148,249.3925,0.063,10331666.940278051,10250792.816180652,103928.81353429717,1498.4815999999998,1486.7518,15.0736,1471.6782,10146864.002646355,123.70502818035742,122.53692444339889,1174.2453424891503,741.5351906706986,1.583532861639482,6.185251409017871,6.185251409017871,0.6458532815750004,761.0050296888176,True,25115.125816547905,0.7330188723678416,0.8810868395362406,0.49920628570520187,True,25171.592983202707,0.7346669429022857,0.8791103068059264,1.4554396549620543,0.44375132927915095,0.24,0.006096,2.9186350796015867e-05,50.0,0.05
64,1483.5389,1471.8132,0.3774,294.0804,294.5027,249.3823,0.064,10329965.3141781,10249119.4585856,103926.74510710921,1498.2348000000002,1486.5091,15.0733,1471.4358,10145192.71347849,123.69214816016353,122.52339454774163,1174.2392101574585,741.5336813077505,1.5835278150637733,6.184607408008176,6.184607408008176,0.6447290850283025,760.8849242643341,True,25111.557295174414,0.7329147202512118,0.8796781770289959,0.49920703781278775,True,25167.9741736942,0.7345613230585065,0.8777062782775332,1.4552394406776195,0.4430398647854748,0.24,0.006096,2.9186350796015867e-05,50.0,0.05
65,1483.2924,1471.5709,0.3771,294.0666,294.4906,249.3721,0.065,10328265.756505333,10247448.858893463,103924.67667992126,1497.9883,1486.2667999999999,15.073,1471.1938,10143524.182213543,123.67923901695629,122.50989536574995,1174.2331159349637,741.5321773204848,1.5835228083803958,6.183961950847815,6.183961950847815,0.6448948300976554,760.7650140463061,True,25107.995597087564,0.7328107672814195,0.8800291410701913,0.4992077839775051,True,25164.36221884182,0.7344559032771255,0.878057929986197,1.4550396055158294,0.4432146229236366,0.24,0.006096,2.9186350796015867e-05,50.0,0.05
66,1483.0462,1471.3288,0.3768,294.0528,294.4785,249.362,0.066,10326568.267259754,10245779.638152787,103922.6082527333,1497.7420999999997,1486.0246999999997,15.0727,1470.9519999999998,10141857.029900054,123.6663523669596,122.49641067096572,1174.2270388133418,741.5306758791729,1.5835178193014818,6.1833176183479805,6.1833176183479805,0.6435668404565149,760.6452008937698,True,25104.437225210568,0.7327069113915549,0.8783414356420559,0.4992085275209571,True,25160.753614442234,0.7343505812832352,0.8763754763180266,1.45483995421533,0.4423626383038288,0.24,0.006096,2.9186350796015867e-05,50.0,0.05
67,1482.8004,1471.087,0.3765,294.039,294.4665,249.3518,0.067,10324873.535917096,10244112.4858393,103920.53982554536,1497.4963000000002,1485.7829,15.0724,1470.7105,10140191.946013754,123.65349634333803,122.48289764030008,1174.220829167297,741.5291624763889,1.5835126770279726,6.182674817166902,6.182674817166902,0.6424417576413362,760.5255421897471,True,25100.878347881375,0.732603040749385,0.8769302363039304,0.4992092938981456,True,25157.144876645187,0.7342452553959598,0.8749688920970742,1.4546402819410795,0.4416499155269223,0.24,0.006096,2.9186350796015867e-05,50.0,0.05
68,1482.5548,1470.8456,0.3762,294.0252,294.4544,249.3417,0.068,10323180.183525892,10242448.09142873,103918.47139835742,1497.2506999999998,1485.5415,15.0721,1470.4694000000002,10138529.620030373,123.64065469665395,122.46946628595838,1174.214817830196,741.5276703780636,1.5835077566714797,6.182032734832698,6.182032734832698,0.6426063020353467,760.4060704019845,True,25097.331876353277,0.7324995321872778,0.8772787883106141,0.4992100272043744,True,25153.54823151706,0.7341402824495614,0.8753181338738166,1.4544412914230953,0.4418234725766001,0.24,0.006096,2.9186350796015867e-05,50.0,0.05
69,1482.3096,1470.6045,0.3759,294.0115,294.4424,249.3316,0.069,10321489.589037608,10240785.765445346,103916.40297116946,1497.0055,1485.3003999999999,15.0718,1470.2286,10136869.362474177,123.6277920912566,122.45600661267994,1174.2086739923695,741.5261663184511,1.5835026831515764,6.18138960456283,6.18138960456283,0.6412773802508127,760.2867530678457,True,25093.784901357765,0.7323960089307942,0.8755883052762629,0.49921078333977353,True,25149.951454788767,0.7340353056622345,0.87363288292007,1.4542422800498132,0.4409701114100785,0.24,0.006096,2.9186350796015867e-05,50.0,0.05
70,1482.0647,1470.3636,0.3756,293.9977,294.4303,249.3215,0.07,10319801.06297651,10239124.818413422,103914.33454398152,1496.7605999999998,1485.0594999999998,15.071500000000002,1469.9879999999998,10135210.48386944,123.61500360144393,122.44261238404239,1174.2027074694727,741.5246807375396,1.5834978092726197,6.180750180072197,6.180750180072197,0.6401512690022173,760.1675245168899,True,25090.24683397412,0.7322927456549951,0.8741739868386073,0.49921150972387884,True,25146.3632654953,0.7339305795107929,0.8722231868699559,1.4540437551245156,0.4402558497611364,0.24,0.006096,2.9186350796015867e-05,50.0,0.05
71,1481.8201,1470.1231,0.3753,293.984,294.4183,249.3114,0.071,10318114.6053426,10237466.629284415,103912.26611679356,1496.5159999999998,1484.819,15.071200000000001,1469.7477999999999,10133554.363167621,123.6021860404965,122.42919797044793,1174.1966189863367,741.5231846117752,1.5834927934196528,6.1801093020248254,6.1801093020248254,0.6401114880513887,760.0484994993774,True,25086.71001392398,0.7321895187843094,0.8742428997265593,0.49921225726962354,True,25142.776698745314,0.7338259007154745,0.8722933974220385,1.453845307116078,0.44028858154183315,0.24,0.006096,2.9186350796015867e-05,50.0,0.05
72,1481.5759,1469.883,0.375,293.9703,294.4063,249.3013,0.072,10316430.90561161,10235811.198058326,103910.1976896056,1496.2718,1484.5789,15.070899999999998,1469.5079999999998,10131901.00036872,123.58939914192187,122.41581431566244,1174.1905687287647,741.5216938720301,1.5834878175949947,6.179469957096094,6.179469957096094,0.6389847650725642,759.9296697246084,True,25083.18002122424,0.7320864911790674,0.8728268760204037,0.4992129988520707,True,25139.19699027788,0.7337214220883965,0.8708819803213831,1.453647238519934,0.4395734729446203,0.24,0.006096,2.9186350796015867e-05,50.0,0.05
73,1481.3319,1469.6431,0.3747,293.9566,294.3943,249.2912,0.073,10314748.584832076,10234157.145783694,103908.12926241766,1496.0277999999998,1484.339,15.0706,1469.2684,10130249.016521277,123.5766266498936,122.40244518527338,1174.1845356615468,741.5202056856191,1.5834828594803843,6.17883133249468,6.17883133249468,0.6378577411437618,759.810937042943,True,25079.65335822265,0.7319835607555637,0.8714099268641444,0.49921373779742767,True,25135.620635381703,0.7336170413398256,0.8694696349730701,1.4534493540270026,0.43885790679701353,0.24,0.006096,2.9186350796015867e-05,50.0,0.05
74,1481.0883,1469.4035,0.3744,293.9429,294.3823,249.2811,0.074,10313069.02195546,10232505.161936251,103906.0608352297,1495.7841999999998,1484.0993999999998,15.0703,1469.0291,10128599.101101022,123.56388483227612,122.38909870345199,1174.178530325052,741.518721471376,1.5834779302606958,6.178194241613806,6.178194241613806,0.63781675084374,759.6923505369069,True,25076.131774261168,0.7318807785707062,0.8714762971222385,0.4992144724386948,True,25132.04938686598,0.7335128096278659,0.8695373038779302,1.4532517513342027,0.4388893736120893,0.24,0.006096,2.9186350796015867e-05,50.0,0.05
75,1480.845,1469.1643,0.3741,293.9293,294.3703,249.2711,0.075,10311391.527506033,10230855.935991725,103903.99240804175,1495.5408999999997,1483.8601999999998,15.07,1468.7902,10126951.943583684,123.55111397985985,122.37578299662202,1174.1725632672712,741.517242648975,1.5834730411294158,6.177555698992993,6.177555698992993,0.6366891171592215,759.5739592914726,True,25072.617018845052,0.7317781956861693,0.8700575132089235,0.4992152011075678,True,25128.48499768399,0.733408778114827,0.8681231206364666,1.45305452815196,0.4381729004822569,0.24,0.006096,2.9186350796015867e-05,50.0,0.05
76,1480.602,1468.9253,0.3738,293.9156,294.3583,249.261,0.076,10309716.101483794,10229208.08899866,103901.9239808538,1495.2979,1483.6212,15.0697,1468.5515,10125306.165017806,123.53841726758975,122.36248182698947,1174.1666134415548,741.515766384472,1.5834681697553488,6.176920863379488,6.176920863379488,0.6355611026042425,759.4556651532896,True,25069.105594077628,0.7316757100111134,0.8686376955093793,0.4992159271322144,True,25124.923962908957,0.733304844504686,0.8667079010415307,1.4528574891509092,0.43745591522240923,0.24,0.006096,2.9186350796015867e-05,50.0,0.05
77,1480.3593,1468.6867,0.3735,293.902,294.3464,249.251,0.077,10308042.743888743,10227562.999908509,103899.85555366585,1495.0552,1483.3826,15.0694,1468.3131999999998,10123663.144354843,123.52569153575568,122.34916053004353,1174.1605417179749,741.5142795723515,1.5834631564953012,6.1762845767877845,6.1762845767877845,0.6355189874038842,759.3375745582003,True,25065.59542381103,0.7315732609503588,0.8687017710000853,0.4992166743057818,True,25121.364557187495,0.733200958440674,0.8667732633021461,1.4526605274785076,0.43748623672387,0.24,0.006096,2.9186350796015867e-05,50.0,0.05
78,1480.117,1468.4484,0.3732,293.8884,294.3344,249.2409,0.078,10306372.144196607,10225919.979245547,103897.78712647791,1494.8129,1483.1443,15.0691,1468.0752,10122022.19211907,123.5129965080936,122.33591281816872,1174.1546579980613,741.512812681215,1.5834583542157135,6.17564982540468,6.17564982540468,0.6343903647843945,759.2196218871986,True,25062.095909520016,0.7314711228986456,0.867280122105787,0.49921739003719795,True,25117.81549069579,0.7330973741410487,0.8653562093680848,1.4524641500035937,0.43676834624994004,0.24,0.006096,2.9186350796015867e-05,50.0,0.05
79,1479.8749,1468.2103,0.3729,293.8748,294.3225,249.2309,0.079,10304702.923455931,10224278.337534044,103895.71869928995,1494.5708,1482.9062,15.0688,1467.8374,10120382.618834754,123.50031592116432,122.32262874917869,1174.1486313279424,741.5113324054985,1.5834533877168777,6.175015796058216,6.175015796058216,0.6332614430580179,759.1017746014345,True,25058.594153152724,0.7313689194089076,0.8658577446383965,0.49921813024616807,True,25114.264549541294,0.7329937351268576,0.8639384113541172,1.4522676545921263,0.4360500910804016,0.24,0.006096,2.9186350796015867e-05,50.0,0.05
80,1479.6332,1467.9726,0.3726,293.8612,294.3106,249.2209,0.08,10303036.460618172,10222639.453725459,103893.65027210201,1494.3290999999997,1482.6685,15.0685,1467.6000000000001,10118745.803453358,123.48766605037126,122.30937548807455,1174.1426430130023,741.5098575276111,1.5834484613972668,6.174383302518564,6.174383302518564,0.631928870207048,758.9841225990932,True,25055.099228484334,0.7312669153115303,0.8641562430563909,0.4992188644691497,True,25110.720470546188,0.7328902963940577,0.8622421026942823,1.4520715389063081,0.4351912789937424,0.24,0.006096,2.9186350796015867e-05,50.0,0.05
81,1479.3918,1467.7352,0.3723,293.8476,294.2986,249.2109,0.081,10301372.066207603,10221002.63834406,103891.58184491405,1494.0877,1482.4311,15.0682,1467.3628999999999,10117111.056499146,123.47503876635602,122.29619581748322,1174.1368427668424,741.5084025814224,1.5834437461252027,6.1737519383178014,6.1737519383178014,0.6320885979253035,758.8666085468637,True,25051.61495911239,0.7311652222033729,0.8644948894321025,0.4992195672396024,True,25107.186730107107,0.7327871594059806,0.8625814328374607,1.4518760074280648,0.43535990311253986,0.24,0.006096,2.9186350796015867e-05,50.0,0.05
82,1479.1507,1467.4982,0.372,293.8341,294.2867,249.2009,0.082,10299709.740224218,10219368.580865579,103889.5134177261,1493.8465999999999,1482.1941,15.0679,1467.1262,10115479.067447852,123.46238250645426,122.28299606251703,1174.1309206850551,741.5069370884664,1.5834388890484161,6.173119125322714,6.173119125322714,0.6322479470445614,758.7492980515674,True,25048.13194921849,0.7310635658547835,0.8648330686611586,0.49922029114705196,True,25103.654623227925,0.7326840700955558,0.8629202856315743,1.4516805535774935,0.43552828856628395,0.24,0.006096,2.9186350796015867e-05,50.0,0.05
83,1478.9099,1467.2614,0.3717,293.8206,294.2748,249.1909,0.083,10298049.482668025,10217735.902338557,103887.44499053816,1493.6058,1481.9573,15.067600000000002,1466.8897,10113848.457348019,123.44974884847423,122.26981088159637,1174.1250159241672,741.5054741607424,1.5834340498336525,6.172487442423712,6.172487442423712,0.6298286295595972,758.6320846907969,True,25044.652273428757,0.730962006816528,0.8616434557284516,0.4992210123945661,True,25100.125873845285,0.7325810787782028,0.8597391439730112,1.4514852841476829,0.4339200930510534,0.24,0.006096,2.9186350796015867e-05,50.0,0.05
84,1478.6694,1467.0249,0.3715,293.807,294.263,249.1809,0.084,10296391.293539017,10216105.292238722,103886.06603907951,1493.3653,1481.7207999999998,15.0674,1466.6533999999997,10112219.226199642,123.43718936127188,122.25659751227519,1174.11897878976,741.5039992629137,1.5834290576408,6.1718594680635945,6.1718594680635945,0.6286981900407227,758.5150258001847,True,25041.17211071314,0.7308604335666828,0.8602164806933156,0.49922175644463584,True,25096.597007897297,0.7324780840587327,0.8583167247230723,1.4512899453259047,0.4331995767389823,0.24,0.006096,2.9186350796015867e-05,50.0,0.05
85,1478.4292,1466.7887,0.3712,293.7935,294.2511,249.1709,0.085,10294735.172837198,10214476.750566076,103883.99761189157,1493.1250999999997,1481.4846,15.0671,1466.4175,10110592.752954185,123.4246009208726,122.24345774669479,1174.1131297989255,741.5025443073589,1.5834242765757065,6.171230046043631,6.171230046043631,0.6286530794668579,758.3981048874982,True,25037.702603555856,0.7307591713137009,0.8602739509060354,0.49922246902989065,True,25093.078480685075,0.7323753910892314,0.8583754821852879,1.4510952402517245,0.43322661533767015,0.24,0.006096,2.9186350796015867e-05,50.0,0.05
86,1478.1894,1466.5529,0.3709,293.78,294.2392,249.161,0.086,10293081.810038297,10212850.966796346,103881.92918470362,1492.8853,1481.2487999999998,15.0668,1466.1819999999998,10108969.037611643,123.41204323809319,122.23034882223409,1174.1073192726878,741.5010947616283,1.5834195358135381,6.17060216190466,6.17060216190466,0.6288109584520498,758.2813792947119,True,25034.239930551346,0.7306581085246995,0.8606090196161742,0.4992231756104345,True,25089.56681779205,0.7322728984641582,0.8587112260618881,1.450900915104795,0.43339345361611575,0.24,0.006096,2.9186350796015867e-05,50.0,0.05
87,1477.9498,1466.3173,0.3706,293.7666,294.2274,249.151,0.087,10291429.826190853,10211226.561978076,103879.86075751566,1492.6456999999998,1481.0131999999996,15.0665,1465.9467,10107346.70122056,123.39944848253455,122.21720360542359,1174.101365850987,741.4996318253998,1.5834146309157595,6.169972424126728,6.169972424126728,0.6276795631351888,758.1647590921132,True,25030.775023861817,0.7305569805425834,0.8591794751848271,0.4992239066566216,True,25086.053287870527,0.7321703513473364,0.8572862339756531,1.4507064724916205,0.43267165001141494,0.24,0.006096,2.9186350796015867e-05,50.0,0.05
88,1477.7106,1466.0821,0.3703,293.7531,294.2155,249.1411,0.088,10289780.600246329,10209604.915062724,103877.79233032772,1492.4065,1480.778,15.0662,1465.7117999999998,10105727.122732395,123.3869360555678,122.20414012667703,1174.0956111945845,741.4981902627746,1.5834099484160635,6.16934680277839,6.16934680277839,0.6263442827430481,758.0483259807265,True,25027.32252173733,0.7304562146044541,0.8574699896039858,0.49922460455783624,True,25082.551849125797,0.732068157127842,0.8555819245033339,1.4505127118860577,0.4318088890986909,0.24,0.006096,2.9186350796015867e-05,50.0,0.05
89,1477.4717,1465.8471,0.37,293.7397,294.2037,249.1311,0.089,10288133.44272899,10207984.64709883,103875.72390313976,1492.1676,1480.5430000000001,15.0659,1465.4771,10104108.92319569,123.37439471122482,122.19104036991938,1174.0897136583333,741.4967353089885,1.5834051018027466,6.1687197355612415,6.1687197355612415,0.6265010970496405,757.9319982621389,True,25023.867787704894,0.7303553835250766,0.8578030794074784,0.4992253269215139,True,25079.04854496591,0.7319659084636864,0.8559156783197669,1.450318833916675,0.43197473713951284,0.24,0.006096,2.9186350796015867e-05,50.0,0.05
90,1477.2331,1465.6125,0.3698,293.7263,294.1919,249.1212,0.09,10286488.353638839,10206367.13703785,103874.34495168114,1491.9289999999999,1480.3083999999997,15.065700000000001,1465.2426999999996,10102492.79208617,123.36187601168582,122.1779714815079,1174.0838546449265,741.4952857690407,1.5834002955625366,6.168093800584291,6.168093800584291,0.6253687246498885,757.8158658801442,True,25020.419890551846,0.7302547519892592,0.8563706335992273,0.4992260432700072,True,25075.55210757498,0.7318638602154584,0.8544877792787609,1.4501252865708616,0.4312515135355715,0.24,0.006096,2.9186350796015867e-05,50.0,0.05
91,1476.9948,1465.3782,0.3695,293.7129,294.1801,249.1113,0.091,10284845.332975877,10204751.695404064,103872.27652449318,1491.6906999999999,1480.0741,15.0654,1465.0087,10100879.41887957,123.34937996223883,122.16492533734345,1174.0780236132027,741.4938402239947,1.5833955185096757,6.167468998111942,6.167468998111942,0.6242360878595719,757.6998797524643,True,25016.977080956953,0.7301542689406987,0.8549372569788684,0.49922675527045446,True,25072.06078415946,0.7317619612255107,0.8530589466745975,1.449932071119872,0.4305278159530852,0.24,0.006096,2.9186350796015867e-05,50.0,0.05
92,1476.7568,1465.1442,0.3692,293.6995,294.1683,249.1014,0.092,10283204.380740104,10203138.322197462,103870.20809730522,1491.4526999999998,1479.8401,15.0651,1464.7749999999999,10099268.114100156,123.33690656817143,122.15190194218413,1174.0722205787793,741.4923986755618,1.5833907706618198,6.166845328408572,6.166845328408572,0.6231031867023376,757.5840398843131,True,25013.53935927257,0.7300539343896792,0.8535029500570367,0.4992274629201845,True,25068.574575029517,0.7316602115028958,0.8516291810134483,1.4497391381097824,0.42980365937747944,0.24,0.006096,2.9186350796015867e-05,50.0,0.05
93,1476.5191,1464.9104,0.3689,293.6861,294.1565,249.0915,0.093,10281565.496931517,10201526.32794232,103868.13967011728,1491.215,1479.6063,15.0648,1464.5415,10097658.188272202,123.32445583477073,122.13889316916061,1174.0664349911096,741.4909597037714,1.5833860408226068,6.166222791738537,6.166222791738537,0.6219700211931922,757.468297190408,True,25010.104975977207,0.7299536972740528,0.8520677729503721,0.49922816788794244,True,25065.091727214694,0.7315585598848033,0.8501985422617873,1.4495463898282868,0.42907907298287346,0.24,0.006096,2.9186350796015867e-05,50.0,0.05
94,1476.2817,1464.677,0.3687,293.6727,294.1447,249.0816,0.094,10279928.681550121,10199917.091590093,103866.76071865865,1490.9776,1479.3728999999998,15.0646,1464.3083,10096050.330871435,123.3120277673237,122.12591528573014,1174.0606879962631,741.4895261534944,1.5833813514356008,6.165601388366185,6.165601388366185,0.6219214394341179,757.3527498563413,True,25006.67743113195,0.72985365974783,0.8521179980778565,0.49922886682854556,True,25061.615747551397,0.7314571087229905,0.8502500447632471,1.449353972293989,0.42910251831011403,0.24,0.006096,2.9186350796015867e-05,50.0,0.05
95,1476.0447,1464.4439,0.3684,293.6594,294.133,249.0717,0.095,10278294.624071639,10198309.923665056,103864.6922914707,1490.7405999999999,1479.1398,15.0643,1464.0755,10094445.231373586,123.29957897719336,122.1129093057159,1174.054808726271,741.4880806285074,1.5833765092098406,6.164978948859669,6.164978948859669,0.6220761013178162,757.2373570079368,True,25003.249410782133,0.7297536083433643,0.8524467631342172,0.49922958855157185,True,25058.13966169803,0.7313556544618771,0.8505794650285878,1.449161584988444,0.42926621003604426,0.24,0.006096,2.9186350796015867e-05,50.0,0.05
96,1475.8079,1464.2111,0.3681,293.6461,294.1212,249.0618,0.096,10276661.945544617,10196704.824167207,103862.62386428275,1490.5038,1478.907,15.064,1463.843,10092842.200302925,123.287144723271,122.09997695647992,1174.0491178292477,741.4866550815909,1.5833718783516866,6.16435723616355,6.16435723616355,0.6211455422085237,757.1221022260286,True,24999.83204479373,0.7296538679008284,0.8512879456056652,0.49923027877283044,True,25054.67391330197,0.7312545019134189,0.8494245718600277,1.4489697820513356,0.4286808116378766,0.24,0.006096,2.9186350796015867e-05,50.0,0.05
97,1475.5714,1463.9786,0.3678,293.6328,294.1095,249.052,0.097,10275031.335444784,10195101.793096544,103860.55543709481,1490.2673,1478.6744999999999,15.0637,1463.6107999999997,10091241.237659449,123.27473315550503,122.08701652597492,1174.0432946763362,741.4852175597223,1.5833670946808511,6.163736657775252,6.163736657775252,0.6198074240842288,757.0070019335705,True,24996.414205140623,0.7295541136337483,0.8495701860923032,0.4992309917727119,True,25051.20806038448,0.7311533463143617,0.8477119433407349,1.4487779599630057,0.4278139516286233,0.24,0.006096,2.9186350796015867e-05,50.0,0.05
98,1475.3353,1463.7464,0.3676,293.6195,294.0978,249.0421,0.098,10273403.483247865,10193500.830453072,103859.17648563616,1490.0312,1478.4423,15.0635,1463.3788000000002,10089641.653967436,123.26235242630761,122.0740788787845,1174.037499602358,741.4837840410628,1.5833623403115997,6.163117621315381,6.163117621315381,0.6184690124300687,756.8920479252106,True,24993.001456645663,0.7294545079589959,0.8478513816585175,0.49923170040740755,True,25047.74732466004,0.7310523400674959,0.8459982665166865,1.448586371044435,0.4269465906849246,0.24,0.006096,2.9186350796015867e-05,50.0,0.05
99,1475.0995,1463.5145,0.3673,293.6062,294.0861,249.0323,0.099,10271777.699478136,10191901.936236786,103857.10805844821,1489.7953999999997,1478.2104,15.0632,1463.1471999999999,10088044.828178337,123.24999439500782,122.06116401963187,1174.031732622836,741.4823545273146,1.58335761526148,6.162499719750391,6.162499719750391,0.6175376959263303,756.7772402061275,True,24989.59379965866,0.7293550508867808,0.8466900930836111,0.4992324046742613,True,25044.29170643631,0.7309514831818009,0.8448408822405215,1.4483951143121556,0.4263599689229825,0.24,0.006096,2.9186350796015867e-05,50.0,0.05
100,1474.8639,1463.2829,0.367,293.5929,294.0744,249.0225,0.1,10270153.294659868,10190305.110447688,103855.03963126025,1489.5598000000002,1477.9787999999999,15.062899999999999,1462.9159,10086450.070816427,123.23765091847056,122.04827195323962,1174.0259937532946,741.4809290201803,1.583352919548039,6.161882545923529,6.161882545923529,0.6176905741667724,756.6625787814849,True,24986.191234529215,0.7292557424273064,0.8470150294748553,0.499233104570618,True,25040.84120602111,0.7308507756662611,0.8451664754732878,1.4482041403015573,0.4265217568278404,0.24,0.006096,2.9186350796015867e-05,50.0,0.05
101,1474.6287,1463.0516,0.3668,293.5797,294.0627,249.0126,0.101,10268531.647744514,10188710.353085779,103853.66067980163,1489.3246,1477.7475,15.0627,1462.6848,10084856.692405976,123.22528677204116,122.03540268432951,1174.0202830092542,741.4795075213615,1.5833482531888199,6.1612643386020585,6.1612643386020585,0.6163512745474691,756.5480636564437,True,24982.793761607394,0.7291565825907902,0.8452934380123006,0.49923380009382345,True,25037.395823722432,0.7307502175298656,0.8434500048879957,1.4480133995428257,0.4256530186406194,0.24,0.006096,2.9186350796015867e-05,50.0,0.05
102,1474.3938,1462.8206,0.3665,293.5664,294.051,249.0028,0.102,10266912.069256349,10187117.664151056,103851.59225261369,1489.0897,1477.5165,15.0624,1462.4540999999997,10083266.071898442,123.21299686748864,122.02255621762293,1174.0146004062356,741.4780900325608,1.5833436162013643,6.160649843374433,6.160649843374433,0.6152152984186614,756.4336948361523,True,24979.40138124327,0.7290575713874494,0.8438500916297489,0.49923449124122365,True,25033.955559848386,0.7306498087816068,0.8420111673532935,1.4478229910602738,0.42492438800693805,0.24,0.006096,2.9186350796015867e-05,50.0,0.05
103,1474.1592,1462.5899,0.3662,293.5532,294.0393,248.993,0.103,10265294.559195371,10185527.043643523,103849.52382542573,1488.8551,1477.2858,15.0621,1462.2237,10081677.519818097,123.20067816010442,122.00973255784017,1174.0089459597568,741.4766765554804,1.5833390086032093,6.1600339080052215,6.1600339080052215,0.6153671576985289,756.3194723257582,True,24976.014093787235,0.7289587088275106,0.844172859513967,0.4992351780101651,True,25030.520414707193,0.7305495494304807,0.842334593427995,1.4476328653853736,0.4250850974806463,0.24,0.006096,2.9186350796015867e-05,50.0,0.05
104,1473.9249,1462.3595,0.366,293.54,294.0276,248.9832,0.104,10263679.117561582,10183938.491563177,103848.14487396709,1488.6208000000001,1477.0554,15.0619,1461.9934999999998,10080090.34668921,123.1883821811807,121.99693170970127,1174.0033196853358,741.4752670918215,1.5833344304118935,6.159419109059035,6.159419109059035,0.6142306041374468,756.20539613038,True,24972.63189958932,0.72885999492119,0.8427278330783707,0.4992358603979947,True,25027.090388607285,0.7304494394854892,0.8408940727918086,1.4474429730443996,0.4243556503269615,0.24,0.006096,2.9186350796015867e-05,50.0,0.05
105,1473.6909,1462.1294,0.3657,293.5268,294.016,248.9734,0.105,10262065.74435498,10182352.007910019,103846.07644677915,1488.3867999999998,1476.8253,15.0616,1461.7637,10078505.93146324,123.17610893593894,121.98410284698475,1173.9975612196909,741.4738456485817,1.5833296995024446,6.158805446796947,6.158805446796947,0.6143816688636434,756.0914744329913,True,24969.249240170713,0.728761267436775,0.8430492896865505,0.49923656555085705,True,25023.66026566404,0.7303493267139942,0.8412161775076656,1.4472531115333052,0.42451570079039685,0.24,0.006096,2.9186350796015867e-05,50.0,0.05
106,1473.4572,1461.8996,0.3654,293.5137,294.0044,248.9637,0.106,10260454.439575568,10180767.59268405,103844.00801959119,1488.1531,1476.5955,15.0613,1461.5342,10076923.584664458,123.16380691442617,121.97129681107242,1173.9918309451857,741.4724282185226,1.5833249980256763,6.158190345721309,6.158190345721309,0.6132445394746355,755.9776990543814,True,24965.871675830433,0.7286626886591036,0.841602773161252,0.49923726631883947,True,25020.235263413073,0.7302493633968205,0.8397741514242115,1.4470635329654813,0.4237854976677545,0.24,0.006096,2.9186350796015867e-05,50.0,0.05
107,1473.2238,1461.6701,0.3652,293.5005,293.9927,248.9539,0.107,10258845.203223342,10179185.245885268,103842.62906813256,1487.9197,1476.3660000000002,15.0611,1461.3049,10075342.616817135,123.15157915435994,121.95856443182949,1173.986289267758,741.471030801652,1.5833205081505153,6.157578957717997,6.157578957717997,0.6121070408530613,755.8640618283258,True,24962.50476462322,0.7285644208075108,0.840154999848369,0.4992379355490045,True,25016.820597316553,0.7301497017542761,0.8383308784245169,1.4468744893493837,0.42305469158441494,0.24,0.006096,2.9186350796015867e-05,50.0,0.05
108,1472.9907,1461.4408,0.3649,293.4874,293.9811,248.9441,0.108,10257238.035298305,10177604.278037943,103840.56064094462,1487.6866,1476.1366999999998,15.060800000000002,1461.0759,10073763.717396999,123.13932263279203,121.94579592086393,1173.9806048336416,741.469619980085,1.5833158543504093,6.156966131639602,6.156966131639602,0.6122571068549405,755.7505300065343,True,24959.135640450182,0.7284660883675211,0.840474411412887,0.499238629214746,True,25013.4040830415,0.7300499861701448,0.838650939597783,1.4466853789367782,0.42321372412356206,0.24,0.006096,2.9186350796015867e-05,50.0,0.05
109,1472.7579,1461.2119,0.3647,293.4743,293.9695,248.9344,0.109,10255632.935800456,10176026.068093536,103839.18168948598,1487.4538,1475.9078,15.0606,1460.8472,10072186.88640405,123.12708887008576,121.93305839008568,1173.9749592291987,741.4682146013319,1.5833112412787842,6.156354443504288,6.156354443504288,0.6111190340466237,755.6371936176255,True,24955.7733628301,0.7283679557534278,0.8390251509822104,0.49923931681181233,True,25009.99444414994,0.729950471253368,0.8372061641350766,1.4464965998312445,0.4224821780555308,0.24,0.006096,2.9186350796015867e-05,50.0,0.05
110,1472.5254,1460.9833,0.3644,293.4612,293.9579,248.9246,0.11,10254029.904729793,10174449.92657632,103837.11326229802,1487.2213,1475.6792,15.0603,1460.6189000000002,10070612.813314022,123.11487787143018,121.92034370486743,1173.9693418776267,741.4668132425322,1.5833066577096064,6.155743893571509,6.155743893571509,0.6099807018008505,755.5240035679412,True,24952.416181678294,0.7282699718866454,0.8375749726720758,0.4992400000134426,True,25006.589927174122,0.7298511058266208,0.8357604680340842,1.446308153290317,0.4217501646610778,0.24,0.006096,2.9186350796015867e-05,50.0,0.05
111,1472.2932,1460.755,0.3641,293.4481,293.9463,248.9149,0.111,10252428.94208632,10172875.85348629,103835.04483511008,1486.9891,1475.4509000000003,15.06,1460.3909000000003,10069040.808651181,123.10268964201371,121.90765186989397,1173.9637527943478,741.4654159053779,1.583302103660305,6.155134482100686,6.155134482100686,0.6088421101403583,755.4109598625794,True,24949.0640973426,0.7281721367773262,0.8361238770202233,0.4992406788169995,True,25003.190532419958,0.7297518898988317,0.834313851828139,1.4461199898348784,0.42101769868341105,0.24,0.006096,2.9186350796015867e-05,50.0,0.05
112,1472.0613,1460.527,0.3639,293.435,293.9348,248.9052,0.112,10250830.047870034,10171303.848823447,103833.66588365144,1486.7572,1475.2229,15.0598,1460.1631,10067470.182939796,123.09052418702457,121.89493207890465,1173.9580315745086,741.4640065841672,1.5832973969738433,6.1545262093512285,6.1545262093512285,0.6074993512679612,755.2980706618436,True,24945.711555244958,0.7280742883076059,0.8343919858508961,0.4992413803739725,True,24999.7910476079,0.7296526713425813,0.8325870309638495,1.445931758618038,0.4201438606263023,0.24,0.006096,2.9186350796015867e-05,50.0,0.05
113,1471.8298,1460.2993,0.3636,293.4219,293.9232,248.8955,0.113,10249233.911556665,10169733.912587792,103831.5974564635,1486.5257,1474.9951999999998,15.0595,1459.9357,10065902.315131329,123.078389667963,121.88228596128742,1173.9524990680359,741.4626172935552,1.5832929020118784,6.15391948339815,6.15391948339815,0.6076476722614643,755.1853196571383,True,24942.36966613651,0.7279767507597653,0.8347075255182016,0.4992420503742537,True,24996.401898726133,0.7295537544544181,0.8329032213889178,1.445744161442057,0.420300969194554,0.24,0.006096,2.9186350796015867e-05,50.0,0.05
114,1471.5985,1460.0718,0.3634,293.4089,293.9116,248.8858,0.114,10247639.154194755,10168165.355303597,103830.21850500486,1486.2944,1474.7677,15.0593,1459.7084,10064335.136798592,123.0662182801341,121.86965456483735,1173.9469842709486,741.461230603686,1.5832884253639798,6.153310914006705,6.153310914006705,0.6079995345203315,755.072665909151,True,24939.03112417799,0.7278793109030167,0.8353026736891851,0.4992427176466449,True,24993.016118965814,0.7294549358986153,0.8334984172412749,1.4455567001114282,0.4205988837888302,0.24,0.006096,2.9186350796015867e-05,50.0,0.05
115,1471.3675,1459.8447,0.3631,293.3959,293.9001,248.8761,0.115,10246046.465260034,10166599.555922318,103828.1500778169,1486.0634,1474.5406,15.059,1459.4816,10062771.405844502,123.05406968658217,121.85700337745277,1173.9413479688828,741.4598333551596,1.583283807373237,6.152703484329109,6.152703484329109,0.6055723534022945,754.9602157736438,True,24935.693877827573,0.7277819088603408,0.8320794265834136,0.49924340598908806,True,24989.63200558096,0.7293561659782314,0.8302834494997177,1.4453693680116668,0.41897411610110064,0.24,0.006096,2.9186350796015867e-05,50.0,0.05
116,1471.1368,1459.6179,0.3629,293.3828,293.8886,248.8664,0.116,10244455.8447525,10165035.824968226,103826.77112635828,1485.8327,1474.3138,15.0588,1459.2549999999999,10061209.053841868,123.041995385998,121.84437506933607,1173.9357400001807,741.458440133104,1.5832792189801492,6.152099769299901,6.152099769299901,0.6057195912512725,754.8479120014025,True,24932.36173113324,0.7276846556580161,0.8323929693193056,0.49924408992183006,True,24986.253016966584,0.7292575456311965,0.8305976330035807,1.4451822696704602,0.4191302398066319,0.24,0.006096,2.9186350796015867e-05,50.0,0.05
117,1470.9064,1459.3913,0.3626,293.3699,293.8771,248.8567,0.117,10242867.292672155,10163473.472965596,103824.70269917033,1485.6023,1474.0872000000002,15.0585,1459.0287,10059648.770266427,123.02984090293212,121.83176150040082,1173.9301497695358,741.4570495126205,1.5832746489377791,6.151492045146607,6.151492045146607,0.6056625881697073,754.7357054929089,True,24929.032933613427,0.727587500205874,0.8324257742173037,0.49924477112127574,True,24982.87739930435,0.7291590236699533,0.8306316845964928,1.4449954063306123,0.4191449920991187,0.24,0.006096,2.9186350796015867e-05,50.0,0.05
118,1470.6764,1459.1651,0.3624,293.3569,293.8656,248.8471,0.118,10241281.498494726,10161913.87886588,103823.32374771168,1485.3723,1473.8609999999999,15.0583,1458.8027,10058090.55511817,123.01776888247122,121.81917896423012,1173.9245985117093,741.4556643483523,1.5832701197898913,6.150888444123561,6.150888444123561,0.6032346187057556,754.623694461796,True,24925.710987226124,0.7274905447132887,0.8291992563882687,0.4992454462270676,True,24979.50866110642,0.7290607024951686,0.8274134329846877,1.444808874619665,0.41751862775936543,0.24,0.006096,2.9186350796015867e-05,50.0,0.05
119,1470.4466,1458.9391,0.3621,293.3439,293.8541,248.8374,0.119,10239697.083268756,10160355.663717626,103821.25532052373,1485.1425,1473.635,15.058,1458.5770000000002,10056534.408397103,123.0057115181839,121.80661117545995,1173.9190650189257,741.4542817886165,1.5832656090232167,6.150285575909195,6.150285575909195,0.6035848368856023,754.511780703369,True,24922.39239062442,0.7273936869887209,0.8297911401793092,0.49924611859495005,True,24976.143294398396,0.728962479721871,0.8280053551122337,1.4446225779625494,0.4178148992637783,0.24,0.006096,2.9186350796015867e-05,50.0,0.05
120,1470.2171,1458.7135,0.3619,293.331,293.8426,248.8278,0.12,10238114.736469975,10158800.206472287,103819.87636906511,1484.913,1473.4094,15.0578,1458.3516000000002,10054980.330103222,122.99362548899579,121.79407442983052,1173.9135705332724,741.4529046888647,1.5832611391897922,6.14968127444979,6.14968127444979,0.6024436527432044,754.4000624335309,True,24919.08064592291,0.7272970292461157,0.8283323436198704,0.4992467848633124,True,24972.784807831307,0.7288644577547803,0.8265510086731257,1.4444366129946122,0.4170786362817373,0.24,0.006096,2.9186350796015867e-05,50.0,0.05
121,1469.9879,1458.4881,0.3616,293.318,293.8311,248.8181,0.121,10236534.45809838,10157246.128178407,103817.80794187715,1484.6838,1473.184,15.0575,1458.1265,10053428.32023653,122.98161377207417,121.78155243981854,1173.9080938396444,741.4515301966061,1.5832566877680683,6.149080688603709,6.149080688603709,0.6013021047501752,754.288441445296,True,24915.77225161884,0.7272004692893856,0.8268725477278125,0.4992474483891539,True,24969.429693292386,0.7287665342048865,0.8250956603080298,1.4442508831329606,0.4163418639881961,0.24,0.006096,2.9186350796015867e-05,50.0,0.05
122,1469.759,1458.263,0.3614,293.3051,293.8196,248.8085,0.122,10234956.248153973,10155694.118311713,103816.42899041851,1484.4549,1472.9588999999996,15.057299999999998,1457.9015999999997,10051877.689321294,122.96957340480579,121.76905335588665,1173.902645567659,741.4501597405081,1.583252266043749,6.14847867024029,6.14847867024029,0.6014473702161922,754.1769668493977,True,24912.468958961752,0.7271040582311139,0.8271819740346147,0.49924810749020443,True,24966.07970527662,0.7286687602794959,0.8254057302875105,1.444065387184849,0.41649593955623515,0.24,0.006096,2.9186350796015867e-05,50.0,0.05
123,1469.5304,1458.0382,0.3611,293.2922,293.8082,248.7989,0.123,10233380.106636755,10154144.176872209,103814.36056323057,1484.2263,1472.7341,15.057,1457.6770999999999,10050329.816308979,122.95755587726553,121.75652640267081,1173.8970652470518,741.4487772949959,1.5832476918091947,6.147877793863277,6.147877793863277,0.6003052557653064,754.0656467710555,True,24909.165219424085,0.7270076341300289,0.8257207044100155,0.49924878932636507,True,24962.729637095927,0.7285709840143836,0.8239488930202236,1.4438799231344832,0.41575843402692275,0.24,0.006096,2.9186350796015867e-05,50.0,0.05
124,1469.3021,1457.8138,0.3609,293.2793,293.7968,248.7893,0.124,10231806.033546725,10152596.993335621,103812.98161177193,1483.998,1472.5096999999998,15.056799999999999,1457.4528999999998,10048784.01172385,122.94556119457516,121.74403051889576,1173.8915239902558,741.4474003133969,1.5832431585761475,6.147278059728759,6.147278059728759,0.599162885239366,753.9545221973576,True,24905.868334415187,0.726911410087625,0.8242584679846204,0.49924946505281687,True,24959.38645141851,0.7284734086244263,0.8224910863538082,1.4436947909421973,0.4150204662360351,0.24,0.006096,2.9186350796015867e-05,50.0,0.05
125,1469.0741,1457.5896,0.3607,293.2664,293.7853,248.7797,0.125,10230234.028883882,10151051.188750494,103811.6026603133,1483.7699999999998,1472.2855,15.0566,1457.2288999999998,10047239.586090181,122.93358936185595,121.73160018711242,1173.8861610647193,741.4460419724271,1.58323882604039,6.146679468092798,6.146679468092798,0.5993070624213033,753.8434868027866,True,24902.580349895106,0.7268154458180102,0.8245656663870155,0.4992501108650532,True,24956.051845834274,0.7283760836560784,0.8227989302079852,1.443510145525056,0.4151734328152671,0.24,0.006096,2.9186350796015867e-05,50.0,0.05
126,1468.8464,1457.3657,0.3604,293.2536,293.7739,248.7701,0.126,10228664.092648227,10149507.452592555,103809.53423312535,1483.5422999999998,1472.0616,15.056299999999998,1457.0053000000003,10045697.91835943,122.92158891207833,121.71914200829723,1173.8806661186418,741.4446716416862,1.5832343410324439,6.146079445603917,6.146079445603917,0.5981641273601781,753.7326059313028,True,24899.29192116223,0.7267194685834446,0.8231018339527183,0.4992507794068494,True,24952.717162505916,0.7282787564186634,0.8213395243075212,1.4433255321664102,0.414434660808877,0.24,0.006096,2.9186350796015867e-05,50.0,0.05
127,1468.619,1457.142,0.3602,293.2407,293.7625,248.7605,0.127,10227096.224839762,10147965.095386073,103808.15528166672,1483.3148999999999,1471.8379,15.0561,1456.7818,10044156.940104406,122.90966279676154,121.70669861415729,1173.8751890297701,741.443303923293,1.5832298745140667,6.145483139838078,6.145483139838078,0.597020830632573,753.6218223605537,True,24896.006845667758,0.7266235892176717,0.8216370064112052,0.4992514451944832,True,24949.385853754247,0.7281815276728273,0.8198791207194907,1.443141055051754,0.4136954101213361,0.24,0.006096,2.9186350796015867e-05,50.0,0.05
128,1468.3919,1456.9187,0.3599,293.2279,293.7511,248.7509,0.128,10225530.425458483,10146425.496082507,103806.08685447877,1483.0878,1471.6145999999999,15.0558,1456.5587999999998,10042619.409228029,122.89770807885301,121.69428630899512,1173.8697510692934,741.4419416759073,1.5832254490701652,6.144885403942651,6.144885403942651,0.5971640292373195,753.5112343155677,True,24892.728626149485,0.726527909952825,0.821942310896349,0.49925210486136745,True,24946.061428780813,0.7280844998393576,0.8201850600707418,1.4429570089720647,0.4138474157748663,0.24,0.006096,2.9186350796015867e-05,50.0,0.05
129,1468.1651,1456.6957,0.3597,293.2151,293.7397,248.7414,0.129,10223966.694504393,10144887.965206131,103804.70790302014,1482.861,1471.3916,15.0556,1456.3359999999998,10041083.257303111,122.88577623559205,121.68189694784452,1173.8643416253612,741.4405834728078,1.5832210534351099,6.144288811779603,6.144288811779603,0.5960201696516378,753.4007926915774,True,24889.455511771343,0.726432379688389,0.8204757749197621,0.49925276008673786,True,24942.742133454285,0.727987621721562,0.8187229450991976,1.4427731970416557,0.4131073205918654,0.24,0.006096,2.9186350796015867e-05,50.0,0.05
130,1467.9386,1456.4729,0.3595,293.2023,293.7283,248.7318,0.13,10222405.03197749,10143351.813281214,103803.3289515615,1482.6345,1471.1688,15.0554,1456.1134,10039548.484329652,122.87386727206696,121.66952238360001,1173.8589500788557,741.4392278864715,1.5832166763350644,6.143693363603348,6.143693363603348,0.5948760556598245,753.2904483815418,True,24886.185751541863,0.7263369473193126,0.8190083925309458,0.4992534125510721,True,24939.426213505743,0.7278908421187323,0.8172599808073823,1.442589570958755,0.41236680732723285,0.24,0.006096,2.9186350796015867e-05,50.0,0.05
131,1467.7124,1456.2505,0.3592,293.1895,293.717,248.7223,0.131,10220845.437877774,10141818.419259215,103801.26052437355,1482.4082999999998,1470.9464,15.0551,1455.8913000000002,10038017.158734841,122.86198119336565,121.65712816593715,1173.8534371789576,741.4378617351564,1.5832121581056529,6.143099059668283,6.143099059668283,0.5939358794225882,753.1803077089695,True,24882.917303902792,0.7262415532599602,0.8178213939377649,0.4992540860545247,True,24936.11197536583,0.7277941116017593,0.8160767859407787,1.4424060751074697,0.4117674555539678,0.24,0.006096,2.9186350796015867e-05,50.0,0.05
132,1467.4864,1456.0283,0.359,293.1767,293.7056,248.7127,0.132,10219287.222729519,10140286.40418867,103799.88157291492,1482.1823,1470.7241999999997,15.0549,1455.6692999999998,10036486.522615755,122.85010983689004,121.6447995138936,1173.8481027301605,741.4365142433444,1.583207840698409,6.142505491844503,6.142505491844503,0.594077704517531,753.0702562609187,True,24879.657756087345,0.7261464189539822,0.8181238507976161,0.4992547296245371,True,24932.806316613605,0.7276976314858049,0.8163798792426323,1.442223016541984,0.4119180582362013,0.24,0.006096,2.9186350796015867e-05,50.0,0.05
133,1467.2608,1455.8064,0.3587,293.164,293.6943,248.7032,0.133,10217731.76548418,10138756.457545318,103797.81314572698,1481.9567,1470.5022999999999,15.0546,1455.4477,10034958.64439959,122.83821808518495,121.63244307088823,1173.8426363103906,741.4351547569212,1.58320337089389,6.141910904259248,6.141910904259248,0.5929328199417796,752.9603593414244,True,24876.397771251573,0.7260512718929757,0.8166541990841405,0.49925539591338325,True,24929.500586664268,0.7276011492918667,0.814914628047039,1.4420399904496097,0.41117640555648577,0.24,0.006096,2.9186350796015867e-05,50.0,0.05
134,1467.0354,1455.5848,0.3585,293.1512,293.683,248.6937,0.134,10216177.6871903,10137228.579329152,103796.43419426832,1481.7312999999997,1470.2807,15.054399999999998,1455.2263,10033432.145134883,122.82639252409237,121.62010959933157,1173.8371984676792,741.4337993191526,1.5831989309707704,6.141319626204619,6.141319626204619,0.5917875467462181,752.8506088603463,True,24873.142894264874,0.725956273911444,0.8151834594082006,0.49925605774987514,True,24926.19998879446,0.7275048168846019,0.8134482865425323,1.4418571986811122,0.4104342283601558,0.24,0.006096,2.9186350796015867e-05,50.0,0.05
135,1466.8104,1455.3635,0.3583,293.1385,293.6716,248.6842,0.135,10214626.366799338,10135702.769540172,103795.0552428097,1481.5062999999998,1470.0593999999999,15.0542,1455.0051999999996,10031907.714297362,122.8145465833151,121.6078498506266,1173.8319497735733,741.4324639804333,1.5831947032259315,6.140727329165756,6.140727329165756,0.5919284298051934,752.7409967399886,True,24869.89866784192,0.725861586781002,0.8154838891946803,0.4992566879598015,True,24922.90972428898,0.7274087860705333,0.8137493540637507,1.4416749916071052,0.41058382315791025,0.24,0.006096,2.9186350796015867e-05,50.0,0.05
136,1466.5856,1455.1425,0.358,293.1258,293.6603,248.6747,0.136,10213076.425359834,10134179.028178383,103792.98681562176,1481.2815,1469.8383999999999,15.0539,1454.7844999999998,10030386.04136276,122.80271538690018,121.59556233295883,1173.8265691362449,741.4311166467402,1.583190323121443,6.140135769345009,6.140135769345009,0.5907825976601089,752.6315391536691,True,24866.65400703483,0.7257668869724722,0.8140115073650596,0.49925734088307044,True,24919.619390978944,0.7273127532483107,0.8122813672956601,1.4414928171651227,0.40984081961778857,0.24,0.006096,2.9186350796015867e-05,50.0,0.05
137,1466.3612,1454.9218,0.3578,293.1131,293.649,248.6652,0.137,10211529.241823247,10132657.355243782,103791.60786416312,1481.0571,1469.6177,15.0537,1454.5639999999999,10028865.747379618,122.7909152794087,121.58329780047879,1173.8212171213818,741.4297733666907,1.5831859729496487,6.139545763970435,6.139545763970435,0.589636542277276,752.522228020569,True,24863.414455096507,0.7256723362731783,0.8125382666582844,0.49925798934622523,True,24916.334190646652,0.7272168702389773,0.8108125188068179,1.4413108771264576,0.40909740683622314,0.24,0.006096,2.9186350796015867e-05,50.0,0.05
138,1466.137,1454.7014,0.3576,293.1004,293.6377,248.6557,0.138,10209983.437238118,10131137.750736367,103790.22891270448,1480.8328999999999,1469.3972999999999,15.0535,1454.3438,10027347.521823663,122.77912992520908,121.57105625776127,1173.8158937441056,741.4284341419464,1.5831816527276301,6.138956496260454,6.138956496260454,0.5899806173897559,752.41306334561,True,24860.180012366895,0.7255779346930422,0.8131181905901658,0.4992586333466822,True,24913.054123591428,0.727121137051269,0.8113924727622883,1.4411292210607354,0.40938772787876987,0.24,0.006096,2.9186350796015867e-05,50.0,0.05
139,1465.9131,1454.4812,0.3573,293.0878,293.6265,248.6462,0.139,10208439.701080179,10129619.52518041,103788.16048551654,1480.609,1469.1770999999999,15.0532,1454.1238999999998,10025831.364694893,122.7673160547131,121.55877881695503,1173.8104277888267,741.4270814873078,1.5831771688648801,6.138365802735656,6.138365802735656,0.588834019623846,752.3040040868898,True,24856.943387266765,0.7254834694174747,0.8116436065685259,0.49925930174238825,True,24909.772236225857,0.7270253507353445,0.8099222661606973,1.44094749994278,0.40864363180978386,0.24,0.006096,2.9186350796015867e-05,50.0,0.05
140,1465.6895,1454.2613,0.3571,293.0751,293.6152,248.6368,0.14,10206898.033349426,10128103.368051643,103786.78153405791,1480.3854,1468.9571999999998,15.053,1453.9042,10024316.586517585,122.75557656442413,121.54657511263026,1173.8051510719088,741.4257489449827,1.583172897275531,6.137778828221207,6.137778828221207,0.5876870649367447,752.1950832216456,True,24853.717412746435,0.7253893149934654,0.81016779926244,0.49925993849694356,True,24906.500682168386,0.726929866010975,0.8084508456939256,1.440766314034453,0.40789894878309274,0.24,0.006096,2.9186350796015867e-05,50.0,0.05
141,1465.4662,1454.0418,0.3569,293.0625,293.6039,248.6273,0.141,10205358.434045862,10126589.968825793,103785.40258259926,1480.1621,1468.7377,15.0528,1453.6849,10022804.566243194,122.74380857211565,121.53440256827061,1173.7999136884816,741.4244218939297,1.5831686669965248,6.137190428605783,6.137190428605783,0.5878259231280936,752.0863579463495,True,24850.498300135776,0.7252953608435587,0.810464198260443,0.49926056909520145,True,24903.2360171635,0.726834582352911,0.8087478738631035,1.4405855100722103,0.4080465331756866,0.24,0.006096,2.9186350796015867e-05,50.0,0.05
142,1465.2432,1453.8225,0.3567,293.0499,293.5927,248.6179,0.142,10203820.903169485,10125077.948551401,103784.02363114063,1479.9390999999998,1468.5184,15.0526,1453.4658,10021293.92492026,122.732063527499,121.52219414606492,1173.7945337491822,741.4230814120199,1.583164273108038,6.13660317637495,6.13660317637495,0.5866784130153064,751.977738091076,True,24847.277007653516,0.7252013430711549,0.808986936690964,0.4992612240841793,True,24899.96953411926,0.7267392456329125,0.8072749841717602,1.44040459165524,0.4073011266515926,0.24,0.006096,2.9186350796015867e-05,50.0,0.05
143,1465.0205,1453.6034,0.3564,293.0373,293.5815,248.6084,0.143,10202285.440720297,10123567.307228468,103781.95520395269,1479.7164,1468.2993,15.0523,1453.247,10019785.352024516,122.72034143559505,121.51000058220492,1173.789171849786,741.4217435579795,1.5831598979238666,6.136017071779753,6.136017071779753,0.5857350204209979,751.8692155918487,True,24844.059075226767,0.72510742336651,0.8077906825192362,0.49926187628678076,True,24896.70643174762,0.7266440075824105,0.8060825029986478,1.4402239090395765,0.4066971925300139,0.24,0.006096,2.9186350796015867e-05,50.0,0.05
144,1464.798,1453.3847,0.3562,293.0247,293.5703,248.599,0.144,10200751.357222566,10122059.423808454,103780.57625249405,1479.4939,1468.0806,15.052100000000001,1453.0285000000001,10018278.84755596,122.70863412668216,121.49783819791116,1173.7838493190388,741.420411196818,1.5831555640939123,6.135431706334108,6.135431706334108,0.5845870228845342,751.7608886916479,True,24840.848006825323,0.7250137039977155,0.8063116871600213,0.4992625223265787,True,24893.450220339113,0.7265489706539758,0.8046078743437488,1.440043558952435,0.4059509306161504,0.24,0.006096,2.9186350796015867e-05,50.0,0.05
145,1464.5759,1453.1663,0.356,293.0121,293.559,248.5896,0.145,10199220.031627754,10120553.608815625,103779.19730103541,1479.2718,1467.8622,15.0519,1452.8103,10016774.41151459,122.69695795467968,121.48574955932071,1173.7787161314425,741.4190989651304,1.5831514426453241,6.134847897733984,6.134847897733984,0.5847245548616229,751.6527002247349,True,24837.64758803742,0.7249202954522775,0.8066053034103748,0.49926313670856737,True,24890.204341271037,0.7264542352888536,0.8049021210938692,1.4398637936402747,0.4060971304676797,0.24,0.006096,2.9186350796015867e-05,50.0,0.05
146,1464.354,1452.9481,0.3558,292.9996,293.5478,248.5802,0.146,10197690.084984401,10119049.172774255,103777.81834957679,1479.0499,1467.644,15.0517,1452.5922999999998,10015271.354424678,122.6852451444877,121.47362506874953,1173.7734404139069,741.4177733009243,1.5831471576248544,6.1342622572243855,6.1342622572243855,0.5837804164625595,751.544617181745,True,24834.44499262334,0.7248268233790645,0.8054067504580449,0.49926377547585193,True,24886.956647114905,0.7263594469479344,0.8037073365198553,1.439683914059094,0.405492074171079,0.24,0.006096,2.9186350796015867e-05,50.0,0.05
147,1464.1324,1452.7302,0.3555,292.987,293.5367,248.5708,0.147,10196162.206768233,10117546.805160074,103775.74992238883,1478.8283,1467.4261,15.0514,1452.3746999999998,10013771.055237684,122.67360673802115,121.46147289794493,1173.768032823329,741.4164356325094,1.5831427203552295,6.133680336901058,6.133680336901058,0.5824271283136113,751.4366886782759,True,24831.241974380733,0.7247333389650297,0.8036433499048883,0.49926443694075123,True,24883.708894682226,0.7262646569061357,0.8019488801709452,1.4395040677697102,0.40460262763688637,0.24,0.006096,2.9186350796015867e-05,50.0,0.05
148,1463.9112,1452.5126,0.3553,292.9745,293.5255,248.5614,0.148,10194637.086454986,10116046.50597308,103774.37097093019,1478.6071,1467.2085,15.0512,1452.1572999999999,10012272.13500215,122.66194805935515,121.44939448271414,1173.7628146232812,741.4151180999007,1.5831384955184102,6.133097402967758,6.133097402967758,0.5825637015104803,751.3288986246268,True,24828.049606157758,0.7246401653862039,0.8039351520074759,0.49926506673999554,True,24880.47147492451,0.7261701684374131,0.8022413021510537,1.439324756752252,0.4047479200072953,0.24,0.006096,2.9186350796015867e-05,50.0,0.05
149,1463.6902,1452.2953,0.3551,292.962,293.5143,248.552,0.149,10193113.345093196,10114548.275213275,103772.99201947157,1478.3861000000002,1466.9912,15.051,1451.9402,10010775.283193804,122.65030418996074,121.43733911061257,1173.7576252074493,741.4138046364534,1.5831343008011463,6.132515209498037,6.132515209498037,0.581618700940453,751.2212550744443,True,24824.862351771913,0.7245471410616225,0.8027341051794813,0.4992656920509936,True,24877.2391925675,0.7260758299106695,0.801044019068932,1.4391457300454682,0.40414162985570434,0.24,0.006096,2.9186350796015867e-05,50.0,0.05
150,1463.4695,1452.0783,0.3549,292.9495,293.5032,248.5426,0.15,10191591.672158593,10113052.112880656,103771.61306801293,1478.1653999999999,1466.7741999999998,15.050799999999999,1451.7233999999999,10009280.499812644,122.63868331131752,121.42525607991614,1173.7523039459381,741.4124791684415,1.5831299538718357,6.131934165565877,6.131934165565877,0.5806735091073278,751.1137660692091,True,24821.674677147104,0.7244541044717993,0.8015324994682692,0.49926634005418713,True,24874.006854284737,0.7259814897516574,0.7998461631659006,1.43896668722609,0.40353506044444837,0.24,0.006096,2.9186350796015867e-05,50.0,0.05
151,1463.249,1451.8616,0.3547,292.937,293.492,248.5333,0.151,10190071.37817545,10111558.018975228,103770.23411655429,1477.9449,1466.5575,15.0506,1451.5068999999999,10007787.784858674,122.62707724959644,121.41324681032287,1173.7471721375532,741.4111738464832,1.583125819439821,6.1313538624798225,6.1313538624798225,0.5795236120875416,751.006415537464,True,24818.497651971145,0.724361378700526,0.8000476407607245,0.4992669563817774,True,24870.784848104766,0.7258874511490219,0.7983656573346212,1.4387882292462115,0.4027859001815416,0.24,0.006096,2.9186350796015867e-05,50.0,0.05
152,1463.0289,1451.6451,0.3544,292.9245,293.4809,248.5239,0.152,10188553.842095224,10110065.304021258,103768.16568936635,1477.7248,1466.341,15.0503,1451.2907,10006297.138331892,122.61550236683405,121.4012017331973,1173.7418978278479,741.4098550861692,1.5831215214848091,6.1307751183417025,6.1307751183417025,0.579454383904249,750.8991704299558,True,24815.318456097975,0.7242685895745223,0.8000545546848226,0.4992675970877897,True,24867.56103224393,0.7257933597284059,0.7983737742118261,1.4386097068872785,0.4027877617745365,0.24,0.006096,2.9186350796015867e-05,50.0,0.05
153,1462.8091,1451.4289,0.3542,292.9121,293.4698,248.5146,0.153,10187038.374442184,10108574.657494476,103766.78673790772,1477.5049999999999,1466.1248000000003,15.0501,1451.0747000000001,10004807.870756568,122.60389907424029,121.38917972158255,1173.736652346918,741.4085403976757,1.5831172537038092,6.130194953712015,6.130194953712015,0.5797937732140781,750.792071838092,True,24812.144376379605,0.7241759497704076,0.8006255570871909,0.4992682332974483,True,24864.34235587154,0.7256994183107024,0.7989447953034517,1.4384314194270134,0.40307362963820265,0.24,0.006096,2.9186350796015867e-05,50.0,0.05
154,1462.5895,1451.213,0.354,292.8997,293.4586,248.5053,0.154,10185524.285740606,10107086.079394879,103765.40778644907,1477.2854000000002,1465.9089,15.0499,1450.8589999999997,10003320.67160843,122.59231061590548,121.37723147557374,1173.7315963780857,741.4072458650746,1.583113198480512,6.129615530795274,6.129615530795274,0.5775621670723012,750.6851117421714,True,24808.98094546917,0.7240836207661366,0.7976456731077491,0.4992688378221756,True,24861.134010968297,0.7256057784308817,0.7959723919526607,1.4382537168120733,0.4015718230525298,0.24,0.006096,2.9186350796015867e-05,50.0,0.05
155,1462.3702,1450.9974,0.3538,292.8872,293.4475,248.4959,0.155,10184012.265466213,10105599.569722472,103764.02883499044,1477.0661,1465.6933,15.0497,1450.6435999999997,10001835.54088748,122.58079658755739,121.36525560583358,1173.72640860535,741.4059393269072,1.5831089911026734,6.12903982937787,6.12903982937787,0.5764111644557488,750.5783061990903,True,24805.817098541786,0.723991279619849,0.7961576067026787,0.49926946503072184,True,24857.925613973934,0.7255121370307114,0.7944886584734681,1.438075998331423,0.40082107282546237,0.24,0.006096,2.9186350796015867e-05,50.0,0.05
156,1462.1512,1450.782,0.3536,292.8748,293.4364,248.4866,0.156,10182502.31361901,10104114.439001523,103762.6498835318,1476.8471,1465.4778999999999,15.049499999999998,1450.4283999999998,10000351.789117992,122.56925416932725,121.3532946497128,1173.721239025276,741.4046354311546,1.5831048026058174,6.128462708466363,6.128462708466363,0.5765451983879757,750.4715980595962,True,24802.656616441564,0.7238990366805874,0.796444212761634,0.49927008942630247,True,24854.720601900397,0.7254185944240277,0.7947758753630304,1.437898466449642,0.40096377584402093,0.24,0.006096,2.9186350796015867e-05,50.0,0.05
157,1461.9325,1450.567,0.3534,292.8624,293.4254,248.4773,0.157,10180994.430198994,10102632.066183493,103761.27093207318,1476.6283999999998,1465.2629,15.0493,1450.2136,9998870.79525142,122.55773477962188,121.34131425435179,1173.715948326723,741.4033209602039,1.5831004733113736,6.127886738981094,6.127886738981094,0.5766787786610621,750.3650935964816,True,24799.497473372816,0.7238068328227681,0.7967302220843611,0.49927073481289985,True,24851.517295672962,0.7253251016047666,0.7950624863046548,1.4377210167896803,0.401106175625603,0.24,0.006096,2.9186350796015867e-05,50.0,0.05
158,1461.7141,1450.3522,0.3532,292.8501,293.4143,248.468,0.158,10179488.615206165,10101151.07231692,103759.89198061454,1476.4099999999999,1465.0481,15.0491,1449.999,9997391.180336306,122.54618701818079,121.32939947085333,1173.7108365272707,741.4020252205116,1.5830963453035882,6.12730935090904,6.12730935090904,0.5755269301594126,750.2586785269361,True,24796.347226999955,0.7237148886270359,0.7952398647639382,0.4992713501945028,True,24848.322565610233,0.7252318590924572,0.7935764582648329,1.4375440540879325,0.40035429072437206,0.24,0.006096,2.9186350796015867e-05,50.0,0.05
159,1461.496,1450.1377,0.3529,292.8377,293.4032,248.4587,0.159,10177984.868640527,10099672.146877537,103757.8235534266,1476.1919,1464.8336,15.0488,1449.7848000000001,9995914.32332411,122.5347137024155,121.31750777883136,1173.705753642563,741.4007335620943,1.5830922475668983,6.126735685120775,6.126735685120775,0.5732943041793988,750.152410000778,True,24793.20209871374,0.723623093809576,0.7922554007518494,0.4992719610650693,True,24845.132976737983,0.7251387666327367,0.7905994418717334,1.4373674255756426,0.39885021322909386,0.24,0.006096,2.9186350796015867e-05,50.0,0.05
160,1461.2781,1449.9235,0.3527,292.8253,293.3922,248.4494,0.16,10176482.501026345,10098195.289865341,103756.44460196796,1475.974,1464.6194000000003,15.0486,1449.5708000000002,9994438.845263373,122.52325524601362,121.30558850303025,1173.7005389837327,741.3994298935895,1.5830879977236965,6.126162762300681,6.126162762300681,0.57363161792955,750.0462960293182,True,24790.05655964727,0.7235312870029394,0.7928221325517048,0.49927259461263485,True,24841.943340548474,0.725045672791998,0.7911661836703549,1.4371907319188313,0.3991339529191642,0.24,0.006096,2.9186350796015867e-05,50.0,0.05
161,1461.0605,1449.7095,0.3525,292.813,293.3812,248.4402,0.161,10174982.201839352,10096719.811804602,103755.06565050932,1475.7564,1464.4054,15.048399999999999,1449.357,9992964.746154092,122.51176843769831,121.29368416494773,1173.6953425679296,741.3981288708145,1.583083766822456,6.125588421884916,6.125588421884916,0.573764011160165,749.9402794755857,True,24786.91438784975,0.7234395784745956,0.7931056417592908,0.4992732253381405,True,24838.7570914761,0.7249526778088483,0.7914502956170224,1.4370142250211355,0.3992751088819083,0.24,0.006096,2.9186350796015867e-05,50.0,0.05
162,1460.8432,1449.4959,0.3523,292.8007,293.3701,248.4309,0.162,10173483.971079547,10095247.09164678,103753.6866990507,1475.5391000000002,1464.1917999999998,15.048200000000001,1449.1435999999997,9991493.404947728,122.50030468556722,121.28186177899748,1173.6903465030182,741.3968494623053,1.5830797599885025,6.1250152342783615,6.1250152342783615,0.5726110789805716,749.8344506017294,True,24783.784616822653,0.7233482318794876,0.7916119149040385,0.4992738226621935,True,24835.582928863823,0.7248600355853627,0.789960890198834,1.4368384009971626,0.3985215585713611,0.24,0.006096,2.9186350796015867e-05,50.0,0.05
163,1460.6262,1449.2825,0.3521,292.7884,293.3591,248.4217,0.163,10171987.808746928,10093775.750440419,103752.30774759206,1475.3220999999999,1463.9784,15.048,1448.9304,9990023.442692827,122.48886399453909,121.27000366156824,1173.6852079977325,741.3955566076579,1.5830755897271174,6.124443199726954,6.124443199726954,0.5714579008717919,749.7287271576027,True,24780.652684970384,0.7232568222177781,0.7901175396029955,0.4992744443510437,True,24832.40696556429,0.7247673408063873,0.7884708218722702,1.4366624635843799,0.3977676840293032,0.24,0.006096,2.9186350796015867e-05,50.0,0.05
164,1460.4095,1449.0694,0.3519,292.7761,293.3481,248.4124,0.164,10170493.714841498,10092306.477661245,103750.92879613343,1475.1053999999997,1463.7653,15.0478,1448.7175,9988555.548865112,122.47744636953236,121.25816866223082,1173.6800984661731,741.3942678385529,1.583071449807534,6.123872318476618,6.123872318476618,0.5703044768574728,749.6231502736555,True,24777.525873828905,0.72316556201093,0.7886222834942646,0.49927506151828976,True,24829.236145813113,0.7246747961488185,0.7869798699889593,1.43648681096457,0.3970133749258203,0.24,0.006096,2.9186350796015867e-05,50.0,0.05
165,1460.1931,1448.8565,0.3517,292.7638,293.3371,248.4032,0.165,10169001.689363258,10090838.58383353,103749.54984467478,1474.889,1463.5524,15.047599999999997,1448.5048000000002,9987089.033988856,122.4660518154648,121.24634861538438,1173.6750072263876,741.3929817205378,1.5830673288849597,6.12330259077324,6.12330259077324,0.5706402138994235,749.5176708232349,True,24774.402431057948,0.7230744001145256,0.7891860281722621,0.4992756758551509,True,24826.068714149358,0.7245823503771577,0.7875436292402036,1.436311345193417,0.3972956252201571,0.24,0.006096,2.9186350796015867e-05,50.0,0.05
166,1459.9769,1448.644,0.3515,292.7516,293.3261,248.394,0.166,10167511.042836474,10089373.447908731,103748.17089321616,1474.6727999999998,1463.3399,15.0474,1448.2925,9985625.277015515,122.45462076097638,121.23455986510778,1173.669955684971,741.3917011272151,1.583063249697182,6.122731038048819,6.122731038048819,0.5696909624034561,749.4123870733781,True,24771.28586229678,0.7229834388453822,0.7879723542675652,0.4992762839718989,True,24822.908182339295,0.7244901059870472,0.7863336679074555,1.4361362622374516,0.3966830845952576,0.24,0.006096,2.9186350796015867e-05,50.0,0.05
167,1459.761,1448.4317,0.3513,292.7393,293.3152,248.3847,0.167,10166022.464736879,10087909.690935392,103746.79194175753,1474.4569,1463.1276,15.0472,1448.0803999999998,9984162.898993634,122.44326417696865,121.22273541380135,1173.664761716711,741.3904070826061,1.583059007109517,6.122163208848433,6.122163208848433,0.568536706472969,749.3072087511686,True,24768.167136899414,0.7228924146318982,0.7864748543010673,0.4992769164496544,True,24819.745853668843,0.7243978091531391,0.7848404554641318,1.4359610661194946,0.3959276611930492,0.24,0.006096,2.9186350796015867e-05,50.0,0.05
168,1459.5454,1448.2197,0.3511,292.7271,293.3042,248.3755,0.168,10164535.955064472,10086448.002389241,103745.4129902989,1474.2413,1462.9156,15.047,1447.8686000000002,9982702.589398943,122.43187929271745,121.21098476140764,1173.6597575166936,741.3891332331602,1.5830549773482965,6.121593964635873,6.121593964635873,0.5686668755151914,749.2021690183657,True,24765.05905957199,0.7228017011967189,0.786753648440047,0.49927751720120606,True,24816.593855589963,0.7243058138315006,0.7851198549781123,1.4357864549774448,0.3960664718237119,0.24,0.006096,2.9186350796015867e-05,50.0,0.05
169,1459.3301,1448.0079,0.3509,292.7149,293.2933,248.3663,0.169,10163051.513819253,10084987.692794546,103744.03403884025,1474.0259999999998,1462.7038,15.0468,1447.657,9981243.658755707,122.42051750194805,121.19919842004627,1173.654610900742,741.3878459314243,1.583050784203577,6.121025875097403,6.121025875097403,0.567512079318476,749.0972347146061,True,24761.94882714572,0.7227109248620687,0.7852546015224375,0.4992781423114122,True,24813.44006205005,0.7242137661069065,0.7836250923110752,1.4356117307605611,0.3953102828282257,0.24,0.006096,2.9186350796015867e-05,50.0,0.05
170,1459.1151,1447.7965,0.3507,292.7027,293.2823,248.3572,0.17,10161569.141001223,10083530.14110277,103742.65508738162,1473.811,1462.4923999999999,15.046599999999998,1447.4457999999997,9979787.486015389,122.40917880954471,121.18749405289188,1173.6496647962597,741.3865802682521,1.5830468152952053,6.120458940477236,6.120458940477236,0.566561795771122,748.9924881486508,True,24758.85099521138,0.722620510452526,0.7840378007210513,0.4992787339942229,True,24810.298354590017,0.7241220711308795,0.7824119970356771,1.435437689508305,0.39469619608858963,0.24,0.006096,2.9186350796015867e-05,50.0,0.05
171,1458.9003,1447.5853,0.3505,292.6905,293.2714,248.348,0.171,10160088.14713465,10082073.968362454,103741.27613592299,1473.5962,1462.2812,15.0464,1447.2348,9978332.692226531,122.3978550301172,121.17575400981954,1173.6445762901408,741.3853011521604,1.5830426830235529,6.11989275150586,6.11989275150586,0.5656112964074964,748.8878470142137,True,24755.75100978637,0.7225300331904491,0.7828204647908511,0.49927935003275425,True,24807.15485313087,0.724030323794565,0.7811983529131604,1.43526353527427,0.39408184107416316,0.24,0.006096,2.9186350796015867e-05,50.0,0.05
172,1458.6858,1447.3744,0.3503,292.6783,293.2605,248.3388,0.172,10158609.221695265,10080619.864049325,103739.89718446437,1473.3817,1462.0702999999999,15.0462,1447.0240999999999,9976879.96686486,122.38655435768842,121.16403712359227,1173.6395168572863,741.3840261303619,1.5830385812101626,6.119327717884421,6.119327717884421,0.5657401899220531,748.7833524697651,True,24752.6561485935,0.722439705486009,0.7830967562081337,0.4992799615321939,True,24804.01649836815,0.7239387266715379,0.7814752396562121,1.43508966608173,0.3942194019602351,0.24,0.006096,2.9186350796015867e-05,50.0,0.05
173,1458.4716,1447.1637,0.3501,292.6662,293.2496,248.3296,0.173,10157132.36468307,10079167.138687655,103738.51823300571,1473.1675,1461.8596,15.046,1446.8136000000002,9975428.62045465,122.37522542252033,121.15233522446873,1173.6344758016571,741.3827537668494,1.5830344984943399,6.118761271126017,6.118761271126017,0.5645844239720645,748.6789553842981,True,24749.564658989788,0.7223494761859528,0.7815945641064255,0.49928057018616756,True,24800.881534573393,0.7238472285184914,0.7799773235681342,1.4349159839615986,0.3934616592766131,0.24,0.006096,2.9186350796015867e-05,50.0,0.05
174,1458.2577,1446.9534,0.3499,292.654,293.2387,248.3205,0.174,10155657.57609806,10077717.171228902,103737.13928154709,1472.9536,1461.6493,15.0458,1446.6035000000002,9973980.031947356,122.36397098072956,121.14066466470449,1173.6294745577318,741.381486938305,1.5830304576453456,6.118198549036478,6.118198549036478,0.5636331269342918,748.5747540334216,True,24746.480047211622,0.7222594476245257,0.7803748760754218,0.49928117260018273,True,24797.75347404091,0.7237559318464791,0.7787613228900595,1.4347426849292821,0.3928461408827974,0.24,0.006096,2.9186350796015867e-05,50.0,0.05
175,1458.044,1446.7433,0.3497,292.6419,293.2278,248.3113,0.175,10154184.166464511,10076268.582721608,103735.76033008847,1472.7399,1461.4392,15.045600000000002,1446.3936,9972532.82239152,122.35268009744297,121.12900909987626,1173.6244917169713,741.380222770901,1.5830264359232051,6.117634004872149,6.117634004872149,0.5637611022734745,748.4706501498413,True,24743.39880760626,0.722169517484517,0.7806492639528522,0.4992817721643034,True,24794.62880499093,0.723664734159465,0.7790363073699893,1.4345695730167751,0.39298275446337116,0.24,0.006096,2.9186350796015867e-05,50.0,0.05
176,1457.8307,1446.5335,0.3495,292.6298,293.2169,248.3022,0.176,10152713.514733877,10074822.0626415,103734.38137862983,1472.5266,1461.2294,15.0454,1446.1839999999997,9971087.68126287,122.34142053663861,121.11737670858008,1173.6195380048396,741.3789627038841,1.5830224447218335,6.117071026831931,6.117071026831931,0.5626044977375386,748.3666928739798,True,24740.322693475944,0.7220797369384211,0.7791445583599274,0.49928236717987995,True,24791.509283732517,0.7235736867177013,0.7775358723859123,1.4343967462466793,0.3922237687792309,0.24,0.006096,2.9186350796015867e-05,50.0,0.05
177,1457.6176,1446.3239,0.3493,292.6177,293.2061,248.2931,0.177,10151244.241954703,10073376.921512853,103733.00242717119,1472.3135,1461.0198000000003,15.0452,1445.9746,9969643.919085681,122.33017591753347,121.10570868345879,1173.6144419152083,741.3776891778305,1.5830182902006638,6.1165087958766735,6.1165087958766735,0.561857333756052,748.262841029021,True,24737.244431522624,0.7219898937052094,0.7782066461798147,0.49928298654509456,True,24788.38797364806,0.7234825870666332,0.7766010458304293,1.434223806805677,0.39175010977361224,0.24,0.006096,2.9186350796015867e-05,50.0,0.05
178,1457.4047,1446.1147,0.3491,292.6056,293.1952,248.284,0.178,10149776.348126989,10071934.538287122,103731.62347571255,1472.1006,1460.8106,15.045,1445.7656000000002,9968202.91481141,122.31894624328838,121.09412265452748,1173.6095464967489,741.3764373145015,1.5830143600839697,6.115947312164419,6.115947312164419,0.5607002724232188,748.1591769791597,True,24734.17856979584,0.7219004123893594,0.7767003076884285,0.49928357245711846,True,24785.278749276895,0.7233918401534328,0.7750989730604277,1.4340515504199134,0.3909903184854385,0.24,0.006096,2.9186350796015867e-05,50.0,0.05
179,1457.1922,1445.9057,0.3489,292.5935,293.1844,248.2749,0.179,10148311.21220219,10070493.534012849,103730.24452425393,1471.8881,1460.6016,15.0448,1445.5567999999998,9966763.289488595,122.30774790663654,121.08250100470615,1173.6045087150144,741.3751719915181,1.5830102666675778,6.115387395331827,6.115387395331827,0.5608270096472552,748.0556183626722,True,24731.110561839065,0.721810868432888,0.7769722432482317,0.4992841827158638,True,24782.167737527678,0.7233010410731897,0.775371495131729,1.4338791814554375,0.39112570773082583,0.24,0.006096,2.9186350796015867e-05,50.0,0.05
180,1456.9799,1445.6969,0.3487,292.5815,293.1735,248.2658,0.18,10146847.45522885,10069053.908690035,103728.86557279529,1471.6758,1460.3927999999999,15.044599999999999,1445.3482,9965325.04311724,122.29651316290247,121.07094500031967,1173.5996502030887,741.3739254603978,1.5830063749197492,6.114825658145124,6.114825658145124,0.5598743118252969,747.9521492785888,True,24728.051447364465,0.7217215840447072,0.7757483276135682,0.49928476291074925,True,24779.065298704034,0.7232104922053596,0.7741512572888911,1.4337072995263176,0.39050809883598536,0.24,0.006096,2.9186350796015867e-05,50.0,0.05
181,1456.7679,1445.4885,0.3485,292.5694,293.1627,248.2567,0.181,10145385.7666827,10067617.041270139,103727.48662133665,1471.4638,1460.1843999999999,15.0444,1445.1399999999999,9963889.554648802,122.28535293416353,121.05936974239674,1173.5946707843673,741.3726683465528,1.5830023426703577,6.114267646708177,6.114267646708177,0.5587164164057867,747.8488839081645,True,24724.99369463984,0.7216323394010388,0.7742397144639143,0.4992853640536156,True,24775.96458637946,0.7231199937277372,0.7726468929804612,1.433535501138716,0.3897471781912449,0.24,0.006096,2.9186350796015867e-05,50.0,0.05
182,1456.5562,1445.2803,0.3483,292.5574,293.1519,248.2476,0.182,10143926.146563735,10066181.5528017,103726.10766987802,1471.2521,1459.9761999999998,15.0442,1444.9319999999996,9962455.445131822,122.27416450624625,121.04780950980158,1173.5897098406988,741.371413899575,1.5829983296330217,6.113708225312313,6.113708225312313,0.558842242072842,747.745716026052,True,24721.939316984983,0.7215431932633406,0.7745097553278175,0.49928596233382694,True,24772.867268134356,0.7230295943109086,0.7729175215925329,1.4333638900688859,0.389881624578937,0.24,0.006096,2.9186350796015867e-05,50.0,0.05
183,1456.3448,1445.0724,0.3481,292.5454,293.1411,248.2385,0.183,10142468.594871959,10064748.132760452,103724.72871841938,1471.0406999999998,1459.7683,15.043999999999999,1444.7243,9961023.404042033,122.26299924448061,121.03627248466303,1173.5847781096102,741.3701635600444,1.5829943472152697,6.113149962224031,6.113149962224031,0.5578887537017181,747.6426947763597,True,24718.89006795992,0.7214541968116307,0.7732836764513008,0.4992865560506731,True,24769.7751005061,0.7229393452217903,0.771695104698671,1.4331925643605345,0.38926294175314696,0.24,0.006096,2.9186350796015867e-05,50.0,0.05
184,1456.1336,1444.8647,0.3479,292.5334,293.1303,248.2295,0.184,10141012.42213164,10063316.091670662,103723.34976696075,1470.8294999999998,1459.5606,15.0438,1444.5168,9959592.741903702,122.25184895609817,121.02475049160691,1173.5798648758798,741.3689158898351,1.5829903840347548,6.112592447804909,6.112592447804909,0.5569350525092887,747.5397710221611,True,24715.84419451001,0.7213652988806414,0.7720568945768492,0.499287146901057,True,24766.686327402265,0.7228491952064524,0.770471982541563,1.4330214260108847,0.3886439116682533,0.24,0.006096,2.9186350796015867e-05,50.0,0.05
185,1455.9227,1444.6574,0.3477,292.5214,293.1195,248.2204,0.185,10139558.317818513,10061886.808483787,103721.97081550212,1470.6186,1459.3532999999998,15.0436,1444.3096999999998,9958164.837668285,122.24072184238022,121.01325989404441,1173.5749916120446,741.3676737698346,1.5829864629036865,6.112036092119012,6.112036092119012,0.5557761989216488,747.437043050696,True,24712.805203687847,0.7212766018284399,0.7705451660469136,0.4992877314839877,True,24763.604461839263,0.7227592467970244,0.7689644945874069,1.432850671102009,0.38788145208055763,0.24,0.006096,2.9186350796015867e-05,50.0,0.05
186,1455.7121,1444.4503,0.3475,292.5094,293.1088,248.2114,0.186,10138106.281932572,10060458.904248372,103720.59186404348,1470.408,1459.1462,15.0434,1444.1028,9956738.312384328,122.22961790814131,121.0017337236631,1173.5699760157393,741.3664181837783,1.5829823785258392,6.111480895407066,6.111480895407066,0.5559007676474721,747.3344205132564,True,24709.764073031776,0.7211878423222953,0.7708127273158368,0.4992883404061806,True,24760.52081473451,0.722669246390894,0.7692326336338708,1.4326798039678148,0.38801466043417504,0.24,0.006096,2.9186350796015867e-05,50.0,0.05
187,1455.5018,1444.2434,0.3473,292.4975,293.098,248.2023,0.187,10136656.314473819,10059032.378964417,103719.21291258486,1470.1977,1458.9393,15.0432,1443.8961,9955313.166051831,122.21848581167433,120.9902732111726,1173.5651398016303,741.3651814073896,1.5829784959333573,6.110924290583717,6.110924290583717,0.554946379030298,747.2318875493453,True,24706.73183523168,0.7210993423661647,0.7695838096445019,0.4992889192465535,True,24757.445739892257,0.722579496177824,0.7680073707678633,1.4325094239097964,0.3873945747007123,0.24,0.006096,2.9186350796015867e-05,50.0,0.05
188,1455.2917,1444.0369,0.3471,292.4855,293.0873,248.1933,0.188,10135207.725966524,10057608.611583376,103717.83396112622,1469.9876,1458.7328,15.043,1443.6898,9953890.77762225,122.2074200529801,120.97879350021427,1173.5601827357,741.3639340445642,1.5829744729194717,6.110371002649005,6.110371002649005,0.5539916787820403,747.1295583071479,True,24703.70096608374,0.7210108823559961,0.7683541155048881,0.4992895190233256,True,24754.372397832372,0.7224897965383481,0.7667813184855624,1.4323391277883442,0.3867741012126447,0.24,0.006096,2.9186350796015867e-05,50.0,0.05
189,1455.0819,1443.8306,0.347,292.4736,293.0765,248.1843,0.189,10133761.205886416,10056186.223153796,103717.1444853969,1469.7777999999998,1458.5265,15.0429,1443.4835999999998,9952469.078668399,122.19632614452306,120.96737944983282,1173.5554050892592,741.3627054976774,1.5829706517290352,6.109816307226153,6.109816307226153,0.5541153843778375,747.0273186523972,True,24700.678989372536,0.7209226818836055,0.768619712352594,0.49929008871239994,True,24751.307627621543,0.7224003470798657,0.7670475057462517,1.4321692691374188,0.3869063499118199,0.24,0.006096,2.9186350796015867e-05,50.0,0.05
190,1454.8724,1443.6245,0.3468,292.4617,293.0658,248.1753,0.19,10132316.754233498,10054765.213675674,103715.76553393826,1469.5683,1458.3203999999998,15.042699999999998,1443.2776999999999,9951049.448141735,122.185255437605,120.9559298501832,1173.5504851315598,741.3614634827397,1.5829666673237894,6.10926277188025,6.10926277188025,0.5531602247970113,746.9251844344396,True,24697.654875826018,0.7208344190447898,0.7673887514001189,0.49929068273614224,True,24748.24107859954,0.7223108457043763,0.7658201840477499,1.4319993480382354,0.3862852490504357,0.24,0.006096,2.9186350796015867e-05,50.0,0.05
191,1454.6631,1443.4188,0.3466,292.4498,293.0551,248.1663,0.191,10130873.681532038,10053346.962100469,103714.38658247964,1469.359,1458.1146999999999,15.0425,1443.0721999999998,9949632.57551799,122.17419973553118,120.94451167831373,1173.5456052229001,741.3602270245677,1.5829627250613356,6.108709986776559,6.108709986776559,0.5519998031754767,746.8232460222234,True,24694.637647929776,0.7207463571729786,0.7658724843794071,0.499291270478435,True,24745.181439827164,0.7222215460138566,0.7643081353943517,1.431829810588581,0.38552054098424354,0.24,0.006096,2.9186350796015867e-05,50.0,0.05
192,1454.4542,1443.2133,0.3464,292.4379,293.0444,248.1573,0.192,10129433.366733495,10051930.089476723,103713.007631021,1469.1500999999998,1457.9091999999998,15.0423,1442.8669,9948217.081845703,122.16317544547796,120.93310857249818,1173.540743895772,741.3589932428196,1.5829588021351468,6.108158772273899,6.108158772273899,0.5508391702637709,746.7214051303636,True,24691.623798764977,0.7206583939140085,0.764355449011115,0.49929185533941295,True,24742.125198404912,0.7221323454795895,0.7627953154458721,1.431660460717003,0.3847554538091386,0.24,0.006096,2.9186350796015867e-05,50.0,0.05
193,1454.2455,1443.008,0.3462,292.426,293.0337,248.1483,0.193,10127994.430886412,10050514.595804436,103711.62867956236,1468.9414,1457.7039,15.0421,1442.6617999999999,9946802.967124874,122.15216616872061,120.9217205355841,1173.5359011595408,741.3577621385258,1.5829548985557944,6.107608308436031,6.107608308436031,0.5513717433018428,746.6196617618785,True,24688.613328545292,0.7205705292741158,0.7651877517906269,0.4992924373174781,True,24739.07235452107,0.7220432441070702,0.7636270373026038,1.4314912984407862,0.38517296186320504,0.24,0.006096,2.9186350796015867e-05,50.0,0.05
194,1454.037,1442.8031,0.346,292.4142,293.023,248.1393,0.194,10126556.873990785,10049101.860035067,103710.24972810374,1468.7328999999997,1457.4990000000003,15.0419,1442.4571,9945391.610306963,122.1411205757459,120.91036394001118,1173.5310985175686,741.3565365959811,1.5829510371702715,6.107056028787295,6.107056028787295,0.5502106115750394,746.5181142134202,True,24685.609744984682,0.7204828656306708,0.7636692526940464,0.4992930130063758,True,24736.026421776594,0.7219543444454888,0.7621127510461059,1.43132251989594,0.38440715067840947,0.24,0.006096,2.9186350796015867e-05,50.0,0.05
195,1453.8289,1442.5984,0.3458,292.4023,293.0124,248.1304,0.195,10125122.074998077,10047690.503217155,103708.87077664511,1468.5248,1457.2943,15.041700000000002,1442.2526,9943981.63244051,122.13015774425762,120.89897183097932,1173.5261535842837,741.3552975800402,1.582947012606441,6.1065078872128815,6.1065078872128815,0.5490491704736087,746.4166721010865,True,24682.604029416943,0.7203951397617177,0.7621500204113197,0.49929361302483766,True,24732.978714629564,0.7218653929955721,0.7605977178032921,1.4311536295605918,0.38364097266216185,0.24,0.006096,2.9186350796015867e-05,50.0,0.05
196,1453.621,1442.3939,0.3457,292.3905,293.0017,248.1214,0.196,10123688.654956829,10046280.525350701,103708.18130091579,1468.3169,1457.0898,15.0416,1442.0482,9942572.344049785,122.11915860892695,120.88764539393149,1173.521388178724,741.3540773973424,1.5829431899782398,6.105957930446348,6.105957930446348,0.5495809694070886,746.3153196157738,True,24679.607205601213,0.7203076734105579,0.7629808617821578,0.49929418293834565,True,24729.93957861845,0.7217766917058349,0.7614279814276326,1.4309851767222594,0.3840577654800941,0.24,0.006096,2.9186350796015867e-05,50.0,0.05
197,1453.4133,1442.1898,0.3455,292.3787,292.991,248.1125,0.197,10122256.613867037,10044873.305387167,103706.80234945715,1468.1091999999999,1456.8857,15.041400000000001,1441.8443,9941166.50303771,122.10817450548133,120.87635041176569,1173.516662912585,741.3528627813703,1.5829394095948377,6.105408725274067,6.105408725274067,0.5484190309439327,746.2141629647177,True,24676.617269453112,0.7202204080852818,0.7614599986161377,0.4992947465549801,True,24726.907354636147,0.7216881921529953,0.7599113258426015,1.430817157312228,0.38329078466890276,0.24,0.006096,2.9186350796015867e-05,50.0,0.05
198,1453.206,1441.9859,0.3453,292.3669,292.9804,248.1035,0.198,10120827.330680164,10043467.464375088,103705.42339799851,1467.9019,1456.6817999999998,15.0412,1441.6405999999997,9939762.040977089,122.09722184768918,120.86501993411464,1173.511795372528,741.3516346906963,1.5829354660587425,6.10486109238446,6.10486109238446,0.5472568826862698,746.11311175238,True,24673.62520355855,0.7201330806004782,0.7599385411234592,0.49929533449748104,True,24723.873358309265,0.7215996408718851,0.7583940618720892,1.4306490262409557,0.3825235069178306,0.24,0.006096,2.9186350796015867e-05,50.0,0.05
199,1452.9989,1441.7822,0.3451,292.3551,292.9698,248.0946,0.199,10119399.426444748,10042063.00231447,103704.04444653989,1467.6948,1456.4781,15.041,1441.4371,9938358.957867932,122.08628423017389,120.85370455139157,1173.5069464815358,741.3504092817367,1.5829315419391181,6.104314211508695,6.104314211508695,0.5462996305705019,746.0121580799597,True,24670.636519166077,0.720045851809381,0.7587011704847996,0.4992959195466598,True,24720.84276181792,0.7215111888195676,0.7571603033132147,1.4304810829361696,0.38189923452128494,0.24,0.006096,2.9186350796015867e-05,50.0,0.05
200,1452.7921,1441.5789,0.3449,292.3433,292.9592,248.0857,0.2,10117973.59063652,10040661.29815677,103702.66549508125,1467.4879999999998,1456.2748,15.0408,1441.234,9936958.63266169,122.07536986246637,120.84242064199903,1173.502137763347,741.3491894410392,1.58292766010595,6.103768493123319,6.103768493123319,0.5466251673042279,745.9114002503161,True,24667.654724425724,0.7199588241020872,0.7592450415285399,0.4992964982927818,True,24717.8190791489,0.7214229385564936,0.7577041678186429,1.4303135235694933,0.3821715716845556,0.24,0.006096,2.9186350796015867e-05,50.0,0.05
201,1452.5855,1441.3758,0.3448,292.3316,292.9486,248.0768,0.201,10116549.133779751,10039260.972950527,103701.97601935193,1467.2813999999996,1456.0717,15.0407,1441.031,9935558.996931175,122.06441922348172,120.83115183517361,1173.497347719625,741.3479722848555,1.582923797717923,6.103220961174086,6.103220961174086,0.5456674748511432,745.8107399686496,True,24664.67631175685,0.7198718951051183,0.7580063599669534,0.4992970741412464,True,24714.798796817453,0.7213347875368651,0.7564690962908203,1.4301461023931425,0.38154666431495887,0.24,0.006096,2.9186350796015867e-05,50.0,0.05
202,1452.3792,1441.1729,0.3446,292.3198,292.938,248.0679,0.202,10115126.745350173,10037862.026695743,103700.5970678933,1467.0751,1455.8688,15.0405,1440.8283,9934161.42962785,122.05354316347231,120.81989813373971,1173.492576359672,741.3467578142095,1.582919954785536,6.102677158173616,6.102677158173616,0.5445043006989181,745.7101772379602,True,24661.701281371883,0.7197850648246737,0.756481798954177,0.4992976470904661,True,24711.781915010317,0.7212467357661319,0.7549487210095001,1.4299789186677159,0.3807778517505855,0.24,0.006096,2.9186350796015867e-05,50.0,0.05
203,1452.1732,1440.9704,0.3444,292.3081,292.9274,248.059,0.203,10113706.425347779,10036465.838343877,103699.21811643467,1466.8691,1455.6663,15.0403,1440.626,9932766.620227443,122.04263905145376,120.80867591908134,1173.4878452174105,741.3455489167748,1.5829161541902628,6.102131952572688,6.102131952572688,0.5446238122435716,745.6098103641658,True,24658.733141639215,0.7196984356572246,0.7567389134953784,0.49929821372896976,True,24708.771947908,0.7211588858103992,0.7552064086842013,1.4298121189615018,0.38090585820404266,0.24,0.006096,2.9186350796015867e-05,50.0,0.05
204,1451.9675,1440.768,0.3442,292.2964,292.9168,248.0501,0.204,10112288.173772575,10035070.33946774,103697.83916497603,1466.6634,1455.4639,15.040099999999999,1440.4238,9931372.500302764,122.03175821098259,120.79746062767374,1173.483122020305,741.3443412641635,1.5829123616418856,6.10158791054913,6.10158791054913,0.5436653462379581,745.5094918973753,True,24655.766630645663,0.7196118540267264,0.7554980413340529,0.4992987791691284,True,24705.763624803694,0.7210710838369692,0.7539691417730993,1.4296454090420874,0.3802798531715868,0.24,0.006096,2.9186350796015867e-05,50.0,0.05
205,1451.762,1440.566,0.344,292.2847,292.9062,248.0412,0.205,10110871.301148828,10033677.59849452,103696.46021351739,1466.4578999999999,1455.2619,15.0399,1440.222,9929981.138281003,122.02089243760425,120.7862768316706,1173.4784390696757,741.3431391879363,1.582908611463105,6.101044621880213,6.101044621880213,0.5427066719657887,745.4093692965278,True,24652.807010948138,0.7195254735280118,0.7542563702501919,0.49929933829366036,True,24702.762216971743,0.7209834836951039,0.7527310739274764,1.42947908319395,0.3796534544270453,0.24,0.006096,2.9186350796015867e-05,50.0,0.05
206,1451.5568,1440.3642,0.3439,292.273,292.8957,248.0324,0.206,10109456.496952271,10032286.236472758,103695.77073778807,1466.2527,1455.0600999999997,15.039799999999998,1440.0203,9928590.46573497,122.01004994410394,120.77505759245463,1173.4736138787289,741.3419236300293,1.582904698189384,6.1005024972051975,6.1005024972051975,0.5415425603173389,745.3093521353185,True,24649.845268447894,0.7194390310724321,0.7527289136788815,0.49929992173590826,True,24699.759043132366,0.7208958320099265,0.7512077838034749,1.4293125964404807,0.3788832209734813,0.24,0.006096,2.9186350796015867e-05,50.0,0.05
207,1451.3519,1440.1627,0.3437,292.2613,292.8851,248.0235,0.207,10108043.7611829,10030896.942878187,103694.39178632945,1466.0477999999998,1454.8586000000003,15.0396,1439.8190000000002,9927202.551091857,121.99923073519156,120.76391223229619,1173.468979162883,741.3407283786981,1.582900998477776,6.0999615367595785,6.0999615367595785,0.5418661122394042,745.2094738200832,True,24646.89417037211,0.7193528992887589,0.7532688236540923,0.49930047333886385,True,24696.76619599147,0.7208084817233934,0.7517476916251695,1.4291467445599237,0.3791535853837463,0.24,0.006096,2.9186350796015867e-05,50.0,0.05
208,1451.1472,1439.9614,0.3435,292.2497,292.8746,248.0147,0.208,10106632.40436499,10029509.02823507,103693.01283487082,1465.8431,1454.6572999999999,15.0394,1439.6179,9925816.0154002,121.98837529961438,120.75273144043959,1173.4642022170888,741.3395196447033,1.5828971356868806,6.099418764980719,6.099418764980719,0.5409067789678375,745.1097009458722,True,24643.940950958357,0.7192667055909715,0.7520253262986946,0.49930104925728425,True,24693.771584177048,0.7207210799324798,0.7505077817600561,1.4289807814854254,0.37852627969255465,0.24,0.006096,2.9186350796015867e-05,50.0,0.05
209,1450.9428,1439.7604,0.3433,292.238,292.8641,248.0058,0.209,10105223.115974266,10028123.182019142,103691.63388341217,1465.6387,1454.4562999999998,15.0392,1439.4170999999997,9924431.54813573,121.97759446403285,120.74157397481562,1173.4594547945132,741.3383150459464,1.5828933038781154,6.098879723201643,6.098879723201643,0.5399471679334056,745.0100747965025,True,24640.99287086654,0.719180661891237,0.7507809880670329,0.4993016205578751,True,24690.78213253676,0.7206338287482186,0.7492670290975989,1.4288151045310657,0.3778985581977139,0.24,0.006096,2.9186350796015867e-05,50.0,0.05
210,1450.7386,1439.5597,0.3432,292.2264,292.8536,247.997,0.21,10103815.206535,10026739.404230405,103690.94440768287,1465.4344999999998,1454.2556,15.0391,1439.2165,9923048.459822722,121.96677741289704,120.73043983970385,1173.4547369094494,741.3371145840042,1.5828895030676087,6.098338870644852,6.098338870644852,0.5402699296882929,744.9105953764885,True,24638.04993041579,0.7190947681988695,0.7513195111146718,0.4993021872381976,True,24687.79784135157,0.7205467281788102,0.7498055414862977,1.4286496640897628,0.37816824044998865,0.24,0.006096,2.9186350796015867e-05,50.0,0.05
211,1450.5347,1439.3592,0.343,292.2148,292.8431,247.9882,0.211,10102409.365522923,10025357.005393125,103689.56545622423,1465.2305999999999,1454.0551,15.0389,1439.0162,9921667.4399369,121.95598366684533,120.7193208461496,1173.4500378003706,741.3359168156345,1.5828857218207601,6.097799183342267,6.097799183342267,0.5391045585838583,744.8112135347229,True,24635.110375555803,0.7190089733195418,0.7497883595178297,0.49930275100306093,True,24684.81695364926,0.7204597269446471,0.7482785482959795,1.4284844613421839,0.3773961657779065,0.24,0.006096,2.9186350796015867e-05,50.0,0.05
212,1450.3311,1439.1589,0.3428,292.2032,292.8326,247.9794,0.212,10101005.592938036,10023975.985507302,103688.1865047656,1465.027,1453.8547999999998,15.0387,1438.8160999999996,9920287.799002536,121.94521323055368,120.70821699695395,1173.4453574765187,741.3347217418548,1.5828819601479993,6.0972606615276845,6.0972606615276845,0.5379389537001771,744.7119292741613,True,24632.17420649714,0.7189232772593993,0.7482564144408415,0.49930331185088905,True,24681.83946961518,0.7203728250511389,0.7467507587643788,1.4283194466735827,0.37662369923827943,0.24,0.006096,2.9186350796015867e-05,50.0,0.05
213,1450.1278,1438.959,0.3427,292.1916,292.8221,247.9706,0.213,10099603.888780333,10022597.7235244,103687.49702903628,1464.8237,1453.6549,15.0386,1438.6163,9918910.226495363,121.93446610869731,120.6971446833534,1173.4407175054923,741.3335322540628,1.5828782409687923,6.096723305434866,6.096723305434866,0.5369784661847916,744.6128409109378,True,24629.244932331727,0.7188377824360298,0.7470092408958455,0.49930386636446317,True,24678.868904069168,0.7202861250830503,0.745507163730076,1.4281547666958192,0.37599459015716186,0.24,0.006096,2.9186350796015867e-05,50.0,0.05
214,1449.9247,1438.7593,0.3425,292.18,292.8116,247.9618,0.214,10098203.56357409,10021220.840492953,103686.11807757764,1464.6205999999997,1453.4551999999999,15.0384,1438.4167999999997,9917534.722415375,121.9237340919063,120.68608752168142,1173.4360963449,741.33234546364,1.582874541392115,6.096186704595315,6.096186704595315,0.5360177719680905,744.5138501368358,True,24626.319044533226,0.718752386448353,0.7457613805176657,0.49930441795670283,True,24675.901742690254,0.720199524470177,0.7442628795991196,1.4279903244779781,0.3753651287266525,0.24,0.006096,2.9186350796015867e-05,50.0,0.05
215,1449.7219,1438.5598,0.3423,292.1684,292.8012,247.953,0.215,10096805.306795036,10019845.336412966,103684.739126119,1464.4178,1453.2557,15.0382,1438.2174999999997,9916160.597286846,121.9130253978186,120.67499497377138,1173.4313329806796,741.3311451839288,1.5828706787835605,6.09565126989093,6.09565126989093,0.5363391397977466,744.4149648035387,True,24623.391041494015,0.7186669287245188,0.7462972322236042,0.49930499385775273,True,24672.932822205414,0.720112872515421,0.7447987117967553,1.4278257714016316,0.375633463508119,0.24,0.006096,2.9186350796015867e-05,50.0,0.05
216,1449.5193,1438.3607,0.3421,292.1569,292.7907,247.9442,0.216,10095408.42896744,10018472.590235896,103683.36017466038,1464.2151999999999,1453.0566,15.038,1438.0186,9914789.230061237,121.90228052631437,120.66398451813063,1173.42677103122,741.3299666810844,1.5828670413589538,6.095114026315719,6.095114026315719,0.5366602049234643,744.3162675299588,True,24620.475436635566,0.7185818328583375,0.7468324140463797,0.4993055361859958,True,24669.97598498464,0.7200265732270488,0.7453338874956177,1.4276619017541456,0.37590146817259634,0.24,0.006096,2.9186350796015867e-05,50.0,0.05
217,1449.317,1438.1617,0.342,292.1454,292.7803,247.9355,0.217,10094013.619567033,10017100.533534557,103682.67069893106,1464.0129,1452.8576,15.0379,1437.8197,9913417.862835625,121.89155898962166,120.65293049244987,1173.4220561058853,741.3287732424177,1.5828632294596925,6.094577949481083,6.094577949481083,0.5342112036601065,744.2176265409516,True,24617.55596347211,0.7184966240904493,0.7435124755615502,0.49930610452920904,True,24667.015632596474,0.719940171343768,0.7420216636376903,1.4274977735678933,0.374229097622266,0.24,0.006096,2.9186350796015867e-05,50.0,0.05
218,1449.115,1437.9631,0.3418,292.1338,292.7699,247.9267,0.218,10092620.878593814,10015731.234736133,103681.29174747242,1463.8109,1452.659,15.0377,1437.6212999999998,9912049.94298866,121.88091207816798,120.64190802900882,1173.417381594796,741.3275853944075,1.5828594601272048,6.094045603908399,6.094045603908399,0.5332495814982394,744.1191814665518,True,24614.64338778373,0.7184116166346883,0.742261913854041,0.4993066665272116,True,24664.06220101648,0.7198539714536222,0.7407746607571435,1.4273340795228735,0.37359829709698594,0.24,0.006096,2.9186350796015867e-05,50.0,0.05
219,1448.9132,1437.7647,0.3416,292.1223,292.7595,247.9179,0.219,10091229.51657205,10014363.314889168,103679.9127960138,1463.6091,1452.4605999999999,15.037500000000001,1437.4231,9910683.402093155,121.87022900636173,120.63090073920553,1173.4127259387087,741.3264002465725,1.5828557104514558,6.093511450318086,6.093511450318086,0.5348519469989697,744.0208339934678,True,24611.73420068167,0.7183267080793964,0.744580343433162,0.49930722559579754,True,24661.112175602644,0.7197678709770369,0.7430894994978643,1.4271705737471574,0.37476385572796006,0.24,0.006096,2.9186350796015867e-05,50.0,0.05
220,1448.7117,1437.5665,0.3415,292.1109,292.7491,247.9092,0.22,10089840.222977478,10012996.773993662,103679.22332028448,1463.4075999999998,1452.2623999999998,15.0374,1437.2249999999997,9909317.550673377,121.859518000288,120.61990862581801,1173.4080891468018,741.3252177999236,1.5828519804428036,6.092975900014401,6.092975900014401,0.533684399728827,743.9225841246262,True,24608.82840237453,0.7182418984306617,0.7430427003700457,0.49930778173340157,True,24658.165556538745,0.7196818699193757,0.7415559874929383,1.427007206613048,0.37398858061516616,0.24,0.006096,2.9186350796015867e-05,50.0,0.05
221,1448.5105,1437.3686,0.3413,292.0994,292.7387,247.9005,0.221,10088452.997810094,10011632.301525345,103677.84436882584,1463.2064,1452.0645,15.037199999999999,1437.0273,9907954.457156518,121.84888163037257,120.60893988975346,1173.4034820208062,741.3240395021415,1.5828482815812106,6.092444081518629,6.092444081518629,0.5314400307465803,743.8244810235686,True,24605.92774779819,0.7181572389086586,0.7400051158074777,0.49930833322835466,True,24655.224101579668,0.7195960195830894,0.7385255286076755,1.4268441755642742,0.37245835238904884,0.24,0.006096,2.9186350796015867e-05,50.0,0.05
222,1448.3095,1437.171,0.3411,292.0879,292.7283,247.8918,0.222,10087067.151594168,10010269.897484215,103676.46541736722,1463.0054000000002,1451.8669,15.037,1436.8299000000002,9906593.432066849,121.83826039905814,120.59799453525235,1173.3989045749017,741.3228653547907,1.5828446138826748,6.091913019952908,6.091913019952908,0.5319649295602176,743.7265246947261,True,24603.032237269177,0.7180727295226252,0.7408231891968211,0.499308880078238,True,24652.287811004346,0.719510319976319,0.7393430153687385,1.4266814309830258,0.37286875542613457,0.24,0.006096,2.9186350796015867e-05,50.0,0.05
223,1448.1087,1436.9736,0.341,292.0765,292.7179,247.883,0.223,10085682.684329698,10008908.872394543,103675.77594163788,1462.8046,1451.6695,15.036899999999997,1436.6326,9905233.096452905,121.82760303319016,120.58706436744984,1173.3943460273795,741.321693912397,1.5828409658898248,6.091380151659508,6.091380151659508,0.5307967546696091,743.6286659808782,True,24600.140116304545,0.717988319065607,0.7392832732437628,0.49930942399130673,True,24649.354927457432,0.7194247198082748,0.7378072229865347,1.4265188251020362,0.3720923589155174,0.24,0.006096,2.9186350796015867e-05,50.0,0.05
224,1447.9083,1436.7765,0.3408,292.065,292.7075,247.8743,0.224,10084300.974968148,10007549.91573206,103674.39699017926,1462.6042,1451.4723999999999,15.0367,1436.4356999999998,9903875.51874188,121.81702852887138,120.57615758871465,1173.3898171849685,741.3205266231945,1.582837349088258,6.090851426443569,6.090851426443569,0.5296282797457934,743.5309540470466,True,24597.253139947803,0.7179040587609193,0.7377424229358945,0.4993099632550402,True,24646.42720878923,0.7193392703841927,0.7362704937030946,1.4263565553807047,0.3713154875250893,0.24,0.006096,2.9186350796015867e-05,50.0,0.05
225,1447.7081,1436.5796,0.3407,292.0536,292.6972,247.8656,0.225,10082920.644558055,10006192.338021034,103673.70751444994,1462.404,1451.2755,15.0366,1436.2388999999998,9902518.630506584,121.80641790200032,120.5652154862312,1173.3851461819531,741.3193458368527,1.582833569326799,6.0903208951000165,6.0903208951000165,0.5301524274782423,743.4333475564215,True,24594.36405657884,0.7178197369602339,0.7385592791350232,0.4993105268173737,True,24643.497738523783,0.7192537698373789,0.7370867553438173,1.4261941256082515,0.37172529178111696,0.24,0.006096,2.9186350796015867e-05,50.0,0.05
226,1447.5081,1436.383,0.3405,292.0422,292.6868,247.857,0.226,10081541.693099422,10004836.828737197,103672.32856299132,1462.2040000000002,1451.0788999999997,15.0364,1436.0424999999998,9901164.500174206,121.79582243177224,120.5543472996416,1173.3806659838565,741.3181854092521,1.5828300034702103,6.089791121588612,6.089791121588612,0.529188995029017,743.3358800295008,True,24591.485615914895,0.7177357257812704,0.7373034057249743,0.4993110584877549,True,24640.578593124315,0.7191685706357254,0.7358344296959868,1.4260323308524254,0.37109186347317163,0.24,0.006096,2.9186350796015867e-05,50.0,0.05
227,1447.3084,1436.1866,0.3403,292.0308,292.6765,247.8483,0.227,10080164.810067976,10003482.69840482,103670.94961153268,1462.0043,1450.8825,15.0362,1435.8463,9899811.748793287,121.78525034219918,120.5434438005662,1173.3760436353084,741.3170114835441,1.5828262746690729,6.089262517109959,6.089262517109959,0.5280198471587028,743.2385179471431,True,24588.605069668993,0.7176516531480533,0.7357606505084869,0.4993116144545275,True,24637.657697431005,0.7190833203493818,0.7342957793849997,1.4258704257771133,0.37031404650315736,0.24,0.006096,2.9186350796015867e-05,50.0,0.05
228,1447.109,1435.9905,0.3402,292.0194,292.6662,247.8396,0.228,10078789.995463718,10002130.63649963,103670.26013580336,1461.8048999999999,1450.6864,15.0361,1435.6503,9898460.376363827,121.77470163788588,120.53256371026403,1173.371451030276,741.3158417131762,1.5828225771064355,6.088735081894295,6.088735081894295,0.5268504690684495,743.1413026549795,True,24585.729670091572,0.7175677307273081,0.7342170592516019,0.4993121657649378,True,24634.74196847535,0.7189982208612561,0.7327562903248337,1.4257087576930543,0.3695358299691927,0.24,0.006096,2.9186350796015867e-05,50.0,0.05
229,1446.9099,1435.7947,0.34,292.008,292.6559,247.8309,0.229,10077417.24928665,10000780.643021626,103668.88118434472,1461.6058,1450.4905999999999,15.035899999999998,1435.4546999999998,9897111.761837281,121.76417632343642,120.52170703293966,1173.3668881828344,741.3146760997024,1.582818910798177,6.0882088161718215,6.0882088161718215,0.5271679969209799,743.0442341573893,True,24582.85941749569,0.7174839585281715,0.7347453426030585,0.4993127124165845,True,24631.831406533638,0.7189132721794117,0.7332845522838256,1.4255474259319585,0.3698003919977207,0.24,0.006096,2.9186350796015867e-05,50.0,0.05
230,1446.711,1435.5991,0.3399,291.9967,292.6456,247.8223,0.23,10076045.882061038,9999432.028495083,103668.19170861541,1461.4069000000002,1450.2949999999998,15.0358,1435.2591999999997,9895763.836786468,121.75361491800905,120.51086557030129,1173.362344299572,741.3135131963542,1.5828152642737265,6.087680745900453,6.087680745900453,0.52640928141318,742.9472632936219,True,24579.992557146204,0.7174002853363282,0.7337734486213527,0.4993132561197186,True,24628.924254027555,0.7188284230065516,0.7323156188112808,1.425386233045426,0.369309924011595,0.24,0.006096,2.9186350796015867e-05,50.0,0.05
231,1446.5123,1435.4038,0.3397,291.9853,292.6353,247.8136,0.231,10074675.893786885,9998085.482395729,103666.81275715677,1461.2082,1450.0997,15.0356,1435.0641,9894418.669638572,121.74311995217991,120.50004752808138,1173.3578301987409,741.3123544526409,1.5828116490316788,6.0871559976089955,6.0871559976089955,0.5254447296483704,742.8504392321844,True,24577.130844333988,0.7173167623823133,0.7325142213368777,0.4993137951598531,True,24626.022269025696,0.7187437246542826,0.7310599197246703,1.4252253765290397,0.3686748343816514,0.24,0.006096,2.9186350796015867e-05,50.0,0.05
232,1446.3139,1435.2087,0.3395,291.974,292.625,247.805,0.232,10073307.973939922,9996740.31524783,103665.43380569814,1461.0098000000003,1449.9045999999998,15.0354,1434.8691999999996,9893074.881442131,121.73259712882312,120.4892447070211,1173.3533350836199,741.3111984214279,1.5828080535977287,6.0866298564411565,6.0866298564411565,0.5255559205797908,742.7537128113264,True,24574.272524253385,0.7172333384497537,0.7327544501985096,0.49931433124780356,True,24623.123693887093,0.7186591258234787,0.7313006983353622,1.4250647085823844,0.3687944255546119,0.24,0.006096,2.9186350796015867e-05,50.0,0.05
233,1446.1158,1435.0139,0.3394,291.9627,292.6148,247.7964,0.233,10071942.122520143,9995397.216527121,103664.74432996882,1460.8117,1449.7097999999999,15.0353,1434.6744999999999,9891732.472197153,121.72209771535671,120.47841481579458,1173.348708649493,741.3100303347597,1.5828043067481952,6.086104885767836,6.086104885767836,0.524590929488113,742.6571410003509,True,24571.41385895524,0.7171499044415536,0.73149410777181,0.4993148899135077,True,24620.22513116461,0.7185745273550561,0.7300438709107017,1.4249039791151021,0.3681587932780537,0.24,0.006096,2.9186350796015867e-05,50.0,0.05
234,1445.9179,1434.8193,0.3392,291.9514,292.6045,247.7878,0.234,10070577.650051825,9994055.496757872,103663.36537851019,1460.6137999999999,1449.5152,15.0351,1434.4801,9890392.131379362,121.71161349164359,120.4676506525534,1173.3442623430653,741.3088811791174,1.5828007624524307,6.08558067458218,6.08558067458218,0.5236257362844299,742.5606590341712,True,24568.5640806493,0.7170667298122255,0.7302329260507582,0.4993154183791215,True,24617.335134742796,0.7184901789056898,0.7287862126131607,1.424743786556911,0.3675227372283148,0.24,0.006096,2.9186350796015867e-05,50.0,0.05
235,1445.7203,1434.625,0.3391,291.9401,292.5942,247.7792,0.235,10069215.246010695,9992715.845415808,103662.67590278087,1460.4162,1449.3209,15.035,1434.2859,9889053.169513028,121.70115268590533,120.45690992459528,1173.3398458687013,741.3077361885865,1.582797249495056,6.085057634295267,6.085057634295267,0.5226603673550017,742.4643238857644,True,24565.719450992226,0.7169837054531695,0.7289710538465505,0.499315942173274,True,24614.450306805895,0.7184059813055372,0.7275278616210669,1.424583831141837,0.36688635370519207,0.24,0.006096,2.9186350796015867e-05,50.0,0.05
236,1445.5229,1434.4309,0.3389,291.9288,292.584,247.7706,0.236,10067854.220921025,9991377.573025206,103661.29695132225,1460.2188,1449.1268000000002,15.0348,1434.092,9887716.276073884,121.6907070769494,120.44613393972195,1173.3352872795626,741.3065776924632,1.582793573654664,6.08453535384747,6.08453535384747,0.5229760361148692,742.3680941831744,True,24562.87272312062,0.716900619854888,0.7294958626493137,0.49931649025511965,True,24611.56373530114,0.7183217328170017,0.7280526430182527,1.4244238154761228,0.36714918020382936,0.24,0.006096,2.9186350796015867e-05,50.0,0.05
237,1445.3258,1434.2371,0.3388,291.9176,292.5738,247.762,0.237,10066495.264258541,9990041.369061789,103660.60747559293,1460.0217,1448.933,15.0347,1433.8982999999998,9886380.761586195,121.68023364446074,120.43538140222077,1173.3307585357952,741.3054233608519,1.5827899291715317,6.0840116822230375,6.0840116822230375,0.5218045726396667,742.2720113006991,True,24560.03114538123,0.7168176845701719,0.7279460089667826,0.49931703366275915,True,24608.682333631234,0.7182376352170795,0.7265068649346911,1.4242640370373274,0.3663678637319909,0.24,0.006096,2.9186350796015867e-05,50.0,0.05
238,1445.129,1434.0435,0.3386,291.9063,292.5636,247.7534,0.238,10065138.376023244,9988706.544049831,103659.22852413429,1459.8248999999998,1448.7394,15.0345,1433.7049,9885047.315525698,121.66983489404382,120.42464410991772,1173.3262488307162,741.3042717455168,1.5827863045601183,6.083491744702191,6.083491744702191,0.5208384706261313,742.1760260736004,True,24557.192962753717,0.7167348483763822,0.7266822197999517,0.4993175741087082,True,24605.804343965305,0.7181536372011025,0.7252465818540197,1.4241044969895076,0.36573051466880435,0.24,0.006096,2.9186350796015867e-05,50.0,0.05
239,1444.9324,1433.8502,0.3384,291.8951,292.5534,247.7448,0.239,10063782.866739407,9987373.787465062,103657.84957267565,1459.6282999999996,1448.5460999999998,15.0343,1433.5118,9883715.937892387,121.6594001056357,120.4139302723634,1173.321768995665,741.3031242974157,1.582782711333779,6.082970005281785,6.082970005281785,0.5213590562739228,742.0801876743066,True,24554.359930809165,0.7166521625122322,0.7274924761913684,0.4993181098762461,True,24602.931524620006,0.7180697900879169,0.7260562461624936,1.4239452438771412,0.36613701159909623,0.24,0.006096,2.9186350796015867e-05,50.0,0.05
240,1444.736,1433.6571,0.3383,291.8839,292.5432,247.7363,0.24,10062428.73640703,9986042.409831751,103657.16009694635,1459.4319,1448.3529999999998,15.0342,1433.3187999999998,9882385.249734804,121.64898053179284,120.4032316864257,1173.3173082206797,741.3019795679495,1.5827791380032739,6.082449026589643,6.082449026589643,0.5201868348549397,741.9844469370606,True,24551.530294456577,0.7165695757530204,0.7259404424312764,0.49931864267844833,True,24600.062117702466,0.7179860425710451,0.724508282907835,1.4237861298641334,0.36535461607887637,0.24,0.006096,2.9186350796015867e-05,50.0,0.05
241,1444.54,1433.4643,0.3381,291.8727,292.533,247.7277,0.241,10061077.36397757,9984713.100625629,103655.78114548771,1459.2359000000001,1448.1602,15.034,1433.1262,9881057.319480142,121.6385926322415,120.39255656261118,1173.3128773403723,741.3008390084387,1.5827755960856476,6.081929631612075,6.081929631612075,0.5192201354525423,741.8888530352857,True,24548.70580933828,0.7164871393395397,0.7246747456362738,0.4993191707980373,True,24597.1978815918,0.7179024459711567,0.7232460877747213,1.4236273524973686,0.36471632449440594,0.24,0.006096,2.9186350796015867e-05,50.0,0.05
242,1444.3441,1433.2717,0.338,291.8615,292.5228,247.7192,0.242,10059726.681023838,9983385.170370964,103655.09166975839,1459.04,1447.9676,15.0339,1432.9336999999998,9879730.078701206,121.62821172637474,120.38189669683024,1173.3084655415041,741.299701169921,1.5827720740879645,6.0814105863187375,6.0814105863187375,0.518253209364957,741.7933568022361,True,24545.884720293197,0.7164048020450431,0.7234083410462294,0.4993196959486468,True,24594.3370583331,0.7178189489799629,0.7219831826693996,1.4234687142664388,0.3640776956815874,0.24,0.006096,2.9186350796015867e-05,50.0,0.05
243,1444.1486,1433.0794,0.3378,291.8503,292.5126,247.7106,0.243,10058378.755973024,9982059.308543488,103653.71271829975,1458.8445000000002,1447.7753,15.0337,1432.7415999999998,9878405.595825188,121.61786250386689,120.37126030054488,1173.304083661958,741.2985675040792,1.5827685835309557,6.080893125193345,6.080893125193345,0.5185670454870888,741.6980074122729,True,24543.068783033494,0.7163226151123618,0.7239294621540696,0.4993202164124422,True,24591.48140636796,0.7177356029199569,0.7225042806534989,1.4233104127284713,0.3643386859602897,0.24,0.006096,2.9186350796015867e-05,50.0,0.05
244,1443.9532,1432.8874,0.3377,291.8392,292.5025,247.7021,0.244,10057031.520397939,9980735.5151432,103653.02324257045,1458.6491,1447.5833,15.0336,1432.5497,9877082.49190063,121.60746904455526,120.36059690553579,1173.299570526756,741.2974217763759,1.5827649416548226,6.0803734522277635,6.0803734522277635,0.5175996984257836,741.6028126402678,True,24540.252509650683,0.7162404183694736,0.7226619514214276,0.49932075944010934,True,24588.625775109027,0.7176522574642896,0.7212402567430638,1.4231520501734856,0.3636995065725317,0.24,0.006096,2.9186350796015867e-05,50.0,0.05
245,1443.7582,1432.6955,0.3375,291.828,292.4923,247.6936,0.245,10055687.04272577,9979412.411218641,103651.6442911118,1458.4540999999997,1447.3914,15.0334,1432.358,9875760.76692753,121.59715851592986,120.34999104364114,1173.2952268576933,741.2962935567447,1.5827614909933176,6.079857925796493,6.079857925796493,0.5164263351989575,741.5076586017193,True,24537.443366197927,0.7161584297232252,0.721106271692622,0.4993212739575942,True,24585.776950333046,0.7175691106650215,0.7196886369876612,1.4229941263626826,0.3629152964383596,0.24,0.006096,2.9186350796015867e-05,50.0,0.05
246,1443.5634,1432.504,0.3374,291.8169,292.4822,247.6851,0.246,10054343.944005061,9978092.065196998,103650.95481538249,1458.2593,1447.1998999999998,15.033299999999999,1432.1665999999998,9874441.110381616,121.5868119911473,120.33936640419584,1173.290762776638,741.2951547255257,1.5827579005437644,6.079340599557366,6.079340599557366,0.5156643888394683,741.4127083554841,True,24534.635643631413,0.7160764825474609,0.7201247372417241,0.49932180931965764,True,24582.92990589005,0.7174860158271763,0.7187100200760964,1.4228362398228924,0.36242005538434674,0.24,0.006096,2.9186350796015867e-05,50.0,0.05
247,1443.3688,1432.3127,0.3372,291.8057,292.4721,247.6766,0.247,10053002.22423581,9976773.098126816,103649.57586392385,1458.0647,1447.0086,15.0331,1431.9754999999998,9873123.522262892,121.5765319403763,120.32875704386977,1173.2863178205669,741.2940186180566,1.582754330067095,6.078826597018815,6.078826597018815,0.5146964011901218,741.3178557897755,True,24531.831319289726,0.7159946345534787,0.7188551091742551,0.49932234170484713,True,24580.08627623785,0.7174030206546133,0.7174438723724268,1.4226785919020637,0.3617798173950123,0.24,0.006096,2.9186350796015867e-05,50.0,0.05
248,1443.1745,1432.1216,0.3371,291.7946,292.462,247.6681,0.248,10051662.57289375,9975455.510008091,103648.88638819453,1457.8704000000002,1446.8174999999999,15.032999999999998,1431.7845,9871806.623619897,121.56622413509969,120.3181629653704,1173.2818919984663,741.2928852353291,1.5827507795734463,6.078311206754985,6.078311206754985,0.5150090104493756,741.2231009074094,True,24529.030393375866,0.7159128857472031,0.7193738521857408,0.499322871111631,True,24577.24606155567,0.7173201251525632,0.717962583776443,1.4225210832669335,0.36203963266865347,0.24,0.006096,2.9186350796015867e-05,50.0,0.05
249,1442.9804,1431.9308,0.3369,291.7835,292.4519,247.6596,0.249,10050324.300503144,9974139.990316557,103647.5074367359,1457.6762999999999,1446.6267,15.0328,1431.5939,9870492.482879821,121.55593157995833,120.30759238298467,1173.2774961579116,741.2917560300994,1.5827472605944803,6.0777965789979165,6.0777965789979165,0.5140406035284286,741.128492885665,True,24526.23462180981,0.7158312873775307,0.7181030119703649,0.4993233958205203,True,24574.4110204685,0.7172373806488719,0.7166952216899031,1.4223639115050328,0.3613987949008855,0.24,0.006096,2.9186350796015867e-05,50.0,0.05
250,1442.7866,1431.7402,0.3368,291.7724,292.4418,247.6511,0.25,10048988.096539728,9972825.849576477,103646.81796100659,1457.4824999999998,1446.4361,15.0327,1431.4033999999997,9869179.03161547,121.54566251095858,120.29703708878705,1173.2731194725434,741.290629551953,1.582743761622465,6.077283125547929,6.077283125547929,0.5141467684998133,741.033982553872,True,24523.442249148233,0.7157497882094767,0.7183331060229938,0.4993239175473873,True,24571.579394771667,0.7171547358279611,0.7169258499091227,1.4222068790649747,0.3615133466643316,0.24,0.006096,2.9186350796015867e-05,50.0,0.05
251,1442.5931,1431.5499,0.3366,291.7614,292.4317,247.6426,0.251,10047653.961003501,9971513.777263587,103645.43900954796,1457.289,1446.2458,15.0325,1431.2133,9867868.33825404,121.53536570921833,120.28650529801112,1173.2687727931807,741.2895072540055,1.5827402941927196,6.076768285460917,6.076768285460917,0.5131779307366742,740.9396190902573,True,24520.655031380727,0.7156684394939694,0.717061005372165,0.49932443457219056,True,24568.752943152074,0.7170722420194837,0.7156572248444816,1.422050183544438,0.3608718853068787,0.24,0.006096,2.9186350796015867e-05,50.0,0.05
252,1442.3998,1431.3598,0.3365,291.7503,292.4216,247.6342,0.252,10046321.20441873,9970203.083902156,103644.74953381863,1457.0956999999999,1446.0557,15.032399999999999,1431.0232999999998,9866558.334368337,121.52513539372909,120.2759888017831,1173.2644452902157,741.288387685483,1.5827368467938463,6.076256769686455,6.076256769686455,0.5124146668072171,740.8453533231722,True,24517.87121299456,0.7155871899939983,0.7160757961744882,0.4993249486113561,True,24565.929907343507,0.7169898479060651,0.7146749264354298,1.4218936273818745,0.3603748247685192,0.24,0.006096,2.9186350796015867e-05,50.0,0.05
253,1442.2067,1431.17,0.3363,291.7393,292.4116,247.6257,0.253,10044989.826785421,9968894.458967913,103643.37058236,1456.9026,1445.8658999999998,15.0322,1430.8336999999997,9865251.088385552,121.51486912254603,120.26544536458466,1173.2599865778711,741.2872560489832,1.5827332481490062,6.075743456127302,6.075743456127302,0.5112395927394573,740.7512421787767,True,24515.087065938445,0.7155059309013508,0.7145148218344308,0.4993254852039169,True,24563.10689904027,0.7169074545954268,0.7131179756360124,1.4217371099737461,0.35958799214919407,0.24,0.006096,2.9186350796015867e-05,50.0,0.05
254,1442.014,1430.9804,0.3362,291.7282,292.4015,247.6173,0.254,10043661.207055027,9967587.212985128,103642.68110663068,1456.7098999999998,1445.6762999999999,15.0321,1430.6442,9863944.531878497,121.50468581001952,120.25496768224593,1173.2557082971919,741.2861433934692,1.5827298523701616,6.075234290500976,6.075234290500976,0.5102701192217864,740.6572209878994,True,24512.311803303193,0.7154249311125273,0.7132406169132054,0.49932599154834734,True,24560.292454442024,0.7168253112280865,0.7118472398073897,1.4215810301911587,0.3589455039036156,0.24,0.006096,2.9186350796015867e-05,50.0,0.05
255,1441.8214,1430.7911,0.3361,291.7172,292.3915,247.6089,0.255,10042333.276800362,9966282.035429532,103641.99163090138,1456.5172999999998,1445.4869999999999,15.032000000000002,1430.455,9862640.043798631,121.49445831777716,120.24446307078047,1173.2512988202282,741.2850186693943,1.582726305363911,6.0747229158888585,6.0747229158888585,0.5107867711108156,740.5633544220307,True,24509.53621344947,0.7153439217733907,0.714043630711976,0.49932652044347214,True,24557.47803867006,0.71674316870208,0.7126496539001241,1.4214249395651628,0.3593483953272085,0.24,0.006096,2.9186350796015867e-05,50.0,0.05
256,1441.6291,1430.602,0.3359,291.7062,292.3815,247.6004,0.256,10041007.414972888,9964978.236825395,103640.61267944274,1456.3250000000003,1445.2979000000003,15.0318,1430.2661000000003,9861337.624145953,121.4842543391751,120.23397377109674,1173.2469085506616,741.2838966761373,1.5827227784272866,6.074212716958755,6.074212716958755,0.5096109775327022,740.4695855605956,True,24506.7640248333,0.7152630117039664,0.7124805409952059,0.4993270463472079,True,24554.667040387307,0.7166611259201127,0.7110905825656705,1.4212690877782568,0.35856051603101535,0.24,0.006096,2.9186350796015867e-05,50.0,0.05
257,1441.4371,1430.4131,0.3358,291.6952,292.3714,247.592,0.257,10039683.621572599,9963675.817172714,103639.92320371342,1456.133,1445.109,15.0317,1430.0772999999997,9860035.893969,121.47407387867585,120.22355022845704,1173.242698759716,741.2827936720906,1.582719454403935,6.073703693933793,6.073703693933793,0.5099211508445478,740.3759066698151,True,24504.000719956402,0.715182360918473,0.7129945853106354,0.49932754199551177,True,24551.86460514766,0.7165793330621252,0.7116046016363958,1.421113673607452,0.3588179892394738,0.24,0.006096,2.9186350796015867e-05,50.0,0.05
258,1441.2453,1430.2245,0.3356,291.6843,292.3614,247.5836,0.258,10038361.20712377,9962375.465947224,103638.54425225478,1455.9412,1444.9204,15.0315,1429.8889000000001,9858736.92169497,121.4638574931413,120.2130997739381,1173.2383577904425,741.281678598427,1.5827159791791083,6.073192874657066,6.073192874657066,0.509156763109786,740.2823824070192,True,24501.237089997678,0.7151017006450272,0.7120060861979809,0.4993280601907472,True,24549.062200680055,0.7164975411022614,0.7106189957421181,1.4209582984042466,0.35831928613357283,0.24,0.006096,2.9186350796015867e-05,50.0,0.05
259,1441.0537,1430.0362,0.3355,291.6733,292.3514,247.5752,0.259,10037040.171626398,9961077.183148919,103637.85477652546,1455.7496,1444.7320999999997,15.0314,1429.7006999999999,9857439.328372393,121.45370760815146,120.20267285648978,1173.234046913304,741.2805677124461,1.5827125355974785,6.072685380407574,6.072685380407574,0.506906013950811,740.1890050372476,True,24498.478618014477,0.7150211909140645,0.7089384488070845,0.4993285736687694,True,24546.26497304946,0.7164159002353785,0.7075582964926755,1.420803160969734,0.3567742723804435,0.24,0.006096,2.9186350796015867e-05,50.0,0.05
260,1440.8624,1429.848,0.3353,291.6623,292.3415,247.5668,0.26,10035721.204556216,9959779.589826345,103636.47582506684,1455.5583000000001,1444.5439,15.0312,1429.5126999999998,9856143.114001278,121.44358125258327,120.19220261088753,1173.2295831501356,741.2794418458974,1.582708917744457,6.072179062629164,6.072179062629164,0.5070095543496791,740.0956839340737,True,24495.716311167078,0.7149405692574101,0.7091632174074224,0.4993291131339074,True,24543.464260833734,0.7163341576661717,0.7077835796655634,1.4206478661342508,0.356886154856454,0.24,0.006096,2.9186350796015867e-05,50.0,0.05
261,1440.6714,1429.6602,0.3352,291.6514,292.3315,247.5584,0.261,10034404.30591322,9958484.754406689,103635.78634933752,1455.3673,1444.3561,15.0311,1429.325,9854848.968057351,121.43342722597747,120.18181456392342,1173.225321631627,741.2783378839345,1.5827055259441893,6.071671361298874,6.071671361298874,0.5073187614125345,740.0025511792396,True,24492.966400297315,0.7148603093941074,0.709675379575237,0.4993296188930194,True,24540.675629225818,0.7162527676858221,0.7082957083037275,1.420493205446634,0.3571426878124507,0.24,0.006096,2.9186350796015867e-05,50.0,0.05
262,1440.4806,1429.4726,0.3351,291.6405,292.3215,247.5501,0.262,10033088.786221683,9957191.29793849,103635.09687360821,1455.1764999999998,1444.1685,15.031000000000002,1429.1375,9853556.201064883,121.42328850212678,120.17144184765384,1173.2210793836764,741.2772366597642,1.5827021542847786,6.071164425106339,6.071164425106339,0.5065535511912458,739.9095161484024,True,24490.219892082674,0.7147801488418908,0.7086844143782949,0.49933012164997753,True,24537.890416357575,0.7161714774860081,0.7073076310849623,1.4203387340267155,0.35664277756838103,0.24,0.006096,2.9186350796015867e-05,50.0,0.05
263,1440.29,1429.2852,0.3349,291.6296,292.3116,247.5417,0.263,10031774.645481605,9955899.22042175,103633.71792214956,1454.9859,1443.9811,15.0308,1428.9503,9852265.5024996,121.41316508392981,120.16103403572555,1173.2166951191157,741.2761219071792,1.582698619915917,6.070658254196491,6.070658254196491,0.5055821899254624,739.8165865654513,True,24487.471307119857,0.7146999276769733,0.7074048427131968,0.4993306486701398,True,24535.10347952818,0.716090136970059,0.7060314949521526,1.4201842035734316,0.35599761541730246,0.24,0.006096,2.9186350796015867e-05,50.0,0.05
264,1440.0997,1429.098,0.3348,291.6187,292.3016,247.5333,0.264,10030462.573168715,9954608.521856468,103633.02844642026,1454.7956,1443.7939,15.030700000000001,1428.7631999999996,9850975.493410047,121.40306521452975,120.15069199111203,1173.2124914332755,741.2750261599019,1.5826952885637882,6.070153260726488,6.070153260726488,0.5044046394204997,739.7237469883365,True,24484.731605266294,0.7146199657775988,0.7058361976657654,0.4993311454189773,True,24532.3251050863,0.7160090463589556,0.7044668527380972,1.4200301107584559,0.3552070027241119,0.24,0.006096,2.9186350796015867e-05,50.0,0.05
265,1439.9097,1428.9112,0.3346,291.6078,292.2917,247.525,0.265,10029152.569283012,9953320.581194105,103631.64949496162,1454.6055999999996,1443.6070999999997,15.0305,1428.5765999999999,9849688.931699144,121.392988898353,120.14033129886941,1173.2081674660712,741.2739197921572,1.5826918176144957,6.06964944491765,6.06964944491765,0.5036389307711033,739.6311112237382,True,24481.993340499852,0.7145400458215531,0.7048435335657597,0.49933166298473947,True,24529.54852573753,0.7159280081400694,0.7034770606049089,1.4198761555126742,0.3547062388615538,0.24,0.006096,2.9186350796015867e-05,50.0,0.05
266,1439.7198,1428.7245,0.3345,291.5969,292.2817,247.5167,0.266,10027843.254873041,9952033.330007471,103630.9600192323,1454.4157,1443.4204,15.030399999999998,1428.3899999999999,9848402.369988238,121.3829196572989,120.13002815710908,1173.2040132470866,741.2728309808522,1.5826885381657696,6.069145982864946,6.069145982864946,0.5026670074571484,739.5385162949232,True,24479.26220218574,0.7144603338606449,0.7035618125095149,0.4993321519962252,True,24526.778749459307,0.7158471684779867,0.7021987787224252,1.4197225396397473,0.35406003174725925,0.24,0.006096,2.9186350796015867e-05,50.0,0.05
267,1439.5303,1428.5381,0.3344,291.586,292.2718,247.5083,0.267,10026536.698365984,9950748.147248024,103630.270543503,1454.2261999999998,1443.234,15.0303,1428.2037,9847117.876704521,121.37288221805473,120.11969816029435,1173.1997278952276,741.2717300938708,1.5826851075875505,6.068644110902737,6.068644110902737,0.5027686850203281,739.4460759988075,True,24476.530746119333,0.7143806126257068,0.703782656100368,0.4993326635443293,True,24524.00901064044,0.7157663299092059,0.7024201391033632,1.419568913459498,0.35416997389374905,0.24,0.006096,2.9186350796015867e-05,50.0,0.05
268,1439.341,1428.3519,0.3342,291.5752,292.2619,247.5,0.268,10025231.520810388,9949464.343440035,103628.89159204434,1454.0368999999998,1443.0477999999998,15.030099999999997,1428.0176999999996,9845835.451847991,121.36280890989809,120.10938351654397,1173.195461862355,741.27063194802,1.5826816972085611,6.068140445494905,6.068140445494905,0.5032821647055243,739.3537334400079,True,24473.802694943017,0.7143009907670854,0.7045799616840113,0.49933317208156086,True,24521.242692573273,0.7156855911796842,0.7032168467664,1.419415526393481,0.3545700010653595,0.24,0.006096,2.9186350796015867e-05,50.0,0.05
269,1439.1519,1428.166,0.3341,291.5644,292.252,247.4917,0.269,10023927.722206252,9948182.608059237,103628.20211631503,1453.8478,1442.8618999999999,15.03,1427.8319000000001,9844554.405942922,121.35275093146649,120.09909244947252,1173.1912260280517,741.2695379996022,1.5826783185965498,6.067637546573325,6.067637546573325,0.5010298132756361,739.261537805298,True,24471.079805263777,0.7142215195537283,0.7015047846621842,0.49933367588297484,True,24518.481554490867,0.7156050036350149,0.7001485606313339,1.419262377336433,0.353021274484801,0.24,0.006096,2.9186350796015867e-05,50.0,0.05
270,1438.9631,1427.9803,0.334,291.5535,292.2421,247.4834,0.27,10022625.9920293,9946902.251629895,103627.51264058572,1453.6589999999999,1442.6761999999999,15.0299,1427.6462999999999,9843274.738989308,121.34276771736707,120.0888167417125,1173.1870095336244,741.2684467946231,1.5826749602073233,6.067138385868354,6.067138385868354,0.5000570494157728,739.1694399143457,True,24468.360320943077,0.71414214773036,0.7002206087471822,0.49933417666995666,True,24515.7238375734,0.7155245159416657,0.6988678071465839,1.4191094177324723,0.35237385022417106,0.24,0.006096,2.9186350796015867e-05,50.0,0.05
271,1438.7745,1427.7949,0.3338,291.5427,292.2323,247.4751,0.271,10021325.64080381,9945623.963627743,103626.13368912709,1453.4704000000002,1442.4908,15.0297,1427.4611,9841997.829938615,121.33274864948987,120.07851420663582,1173.1826619208598,741.2673435095714,1.5826714507162305,6.066637432474494,6.066637432474494,0.5005699096022909,739.0774966555709,True,24465.64052260849,0.7140627667420724,0.7010166793686113,0.499334699989686,True,24512.966161533222,0.7154440294413752,0.6996632706448611,1.4189564977285005,0.3527732600707739,0.24,0.006096,2.9186350796015867e-05,50.0,0.05
272,1438.5861,1427.6097,0.3337,291.5319,292.2224,247.4668,0.272,10020026.668529777,9944347.054577047,103625.44421339777,1453.282,1442.3056,15.0296,1427.2759999999998,9840721.61036365,121.32274492098298,120.06827745048732,1173.1784950041485,741.2662592488039,1.5826681443629214,6.066137246049149,6.066137246049149,0.5008763240848566,738.9856434437132,True,24462.929606589278,0.7139836449961571,0.7015235259171133,0.4993351930194932,True,24510.21704706153,0.715363792822026,0.7001700800497023,1.418804015385867,0.35302714022037435,0.24,0.006096,2.9186350796015867e-05,50.0,0.05
273,1438.398,1427.4247,0.3336,291.5212,292.2126,247.4585,0.273,10018729.764682932,9943071.524477812,103624.75473766845,1453.0939,1442.1206,15.0295,1427.0911,9839446.769740144,121.31271359652646,120.05800565582189,1173.1741861049193,741.2651614513696,1.5826646753610918,6.065635679826324,6.065635679826324,0.4996968168966305,738.8938956804237,True,24460.216621433417,0.7139044628596938,0.6999491429077083,0.49933571030390805,True,24507.466215582506,0.7152835060894984,0.6985996638291097,1.418651424737419,0.35223368347099104,0.24,0.006096,2.9186350796015867e-05,50.0,0.05
274,1438.2102,1427.24,0.3334,291.5104,292.2027,247.4503,0.274,10017434.929263275,9941798.062805763,103623.37578620981,1452.9061,1441.9359,15.0293,1426.9065999999998,9838174.687019553,121.30275704830711,120.047807864202,1173.170068809178,741.2640841395933,1.5826614210924714,6.065137852415356,6.065137852415356,0.49744366075674407,738.8022871609554,True,24457.51427468382,0.7138255912194875,0.6968700294240219,0.4993361955691711,True,24504.72570441088,0.715203520569083,0.6955274218462058,1.4184994694382478,0.3506830079772543,0.24,0.006096,2.9186350796015867e-05,50.0,0.05
275,1438.0226,1427.0555,0.3333,291.4996,292.1929,247.442,0.275,10016141.472795077,9940525.980085174,103622.6863104805,1452.7185,1441.7513999999999,15.0292,1426.7222,9836903.293774692,121.29281585009622,120.0375750447113,1173.1658095405467,741.2629932902229,1.5826580041899152,6.064640792504811,6.064640792504811,0.49795552824025435,738.7107840913862,True,24454.80986014556,0.713746659228076,0.6976642507564212,0.49933670508693795,True,24501.983477461054,0.715123484971363,0.6963210392400899,1.4183473562057543,0.3510815076867657,0.24,0.006096,2.9186350796015867e-05,50.0,0.05
276,1437.8352,1426.8713,0.3332,291.4889,292.1831,247.4338,0.276,10014849.395278336,9939255.965791773,103621.99683475119,1452.5311,1441.5672000000002,15.029100000000001,1426.5381,9835633.968957022,121.2828388271775,120.02736583089847,1173.1615805417455,741.261906644171,1.5826546191384148,6.0641419413588755,6.0641419413588755,0.49826099174697447,738.6194279660873,True,24452.110609824787,0.7136678779613277,0.6981692845281378,0.4993372098562815,True,24499.2464329369,0.7150436006297368,0.696826027543156,1.418195530867189,0.35133448167214365,0.24,0.006096,2.9186350796015867e-05,50.0,0.05
277,1437.6481,1426.6873,0.333,291.4782,292.1732,247.4255,0.277,10013559.386188786,9937987.330449829,103620.61788329255,1452.344,1441.3832,15.0289,1426.3542999999997,9834366.712566536,121.27288541042633,120.01722240002188,1173.157532317305,741.2608390360307,1.5826514373036789,6.0636442705213165,6.0636442705213165,0.49728675733013006,738.5281619158598,True,24449.420240746622,0.7135893559056417,0.6968808506105107,0.4993376843235176,True,24496.517948936213,0.7149639661385514,0.695541007494302,1.4180442425923063,0.35068493802495704,0.24,0.006096,2.9186350796015867e-05,50.0,0.05
278,1437.4612,1426.5036,0.3329,291.4675,292.1634,247.4173,0.278,10012270.756050691,9936720.763535075,103619.92840756323,1452.1571,1441.1995,15.0288,1426.1707000000001,9833100.835127512,121.2629473568843,120.00705218184578,1173.1533530177476,741.2597593456313,1.582648104428848,6.063147367844215,6.063147367844215,0.49503302628227175,738.437050505295,True,24446.7295625754,0.7135108248286572,0.6937989012306144,0.4993381813145176,True,24493.789510293627,0.7148843329712035,0.6924659045538383,1.4178928947928933,0.34913287745516175,0.24,0.006096,2.9186350796015867e-05,50.0,0.05
279,1437.2746,1426.32,0.3328,291.4567,292.1536,247.4091,0.279,10010984.194339786,9935454.886096047,103619.23893183393,1451.9705,1441.0158999999996,15.0287,1425.9871999999996,9831835.647164213,121.25308408937504,119.99688912934272,1173.1491822523217,741.2586809485306,1.5826447802960428,6.062654204468752,6.062654204468752,0.4953377353635915,738.3459876730361,True,24444.040535960852,0.7134323419545852,0.6943023272627625,0.49933867700298873,True,24491.062736096243,0.7148047483829371,0.6929692849469263,1.4177416383489974,0.3493850515249218,0.24,0.006096,2.9186350796015867e-05,50.0,0.05
280,1437.0882,1426.1367,0.3326,291.4461,292.1439,247.4008,0.28,10009699.011580339,9934191.077084212,103617.85998037527,1451.7840999999996,1440.8326,15.0285,1425.8041,9830573.217103837,121.24313384746976,119.98669930451628,1173.144880410191,741.2575904650314,1.5826413051287787,6.062156692373488,6.062156692373488,0.495642251755271,738.2550794767578,True,24441.351202468937,0.7133538501238826,0.69480560267418,0.4993391952145713,True,24488.336009290528,0.7147251651778607,0.6934725065010542,1.4175904219155215,0.34963713361263654,0.24,0.006096,2.9186350796015867e-05,50.0,0.05
281,1436.9021,1425.9537,0.3325,291.4354,292.1341,247.3926,0.281,10008415.897248082,9932929.33649956,103617.17050464597,1451.598,1440.6496,15.0284,1425.6211999999998,9829312.165994914,121.23325839930483,119.97658349617839,1173.1407702815848,741.2565204843189,1.5826380448094854,6.061662919965242,6.061662919965242,0.49338799268480216,738.164310561966,True,24438.672507018342,0.7132756687787859,0.6917213277855699,0.49933968138941087,True,24485.619602373237,0.7146458831726679,0.6903950674065426,1.4174397414643907,0.34808392783955056,0.24,0.006096,2.9186350796015867e-05,50.0,0.05
282,1436.7162,1425.7709,0.3324,291.4247,292.1243,247.3844,0.282,10007134.161867281,9931668.97486637,103616.48102891665,1451.4121,1440.4668,15.0283,1425.4385,9828052.493837453,121.22339832776233,119.96648308790004,1173.1366796031634,741.2554532572436,1.5826348048410792,6.061169916388117,6.061169916388117,0.49389821471004325,738.0736394232259,True,24435.997220533318,0.7131975869289541,0.6925124590462803,0.4993401645305623,True,24482.906619843223,0.7145667011128434,0.6911856009255146,1.4172892507246255,0.34848088663448556,0.24,0.006096,2.9186350796015867e-05,50.0,0.05
283,1436.5305,1425.5883,0.3322,291.4141,292.1146,247.3762,0.283,10005853.805437941,9930409.992184637,103615.10207745802,1451.2264,1440.2841999999998,15.028100000000002,1425.2560999999998,9826794.890107179,121.21350247071646,119.95634769755233,1173.132446975802,741.2543724853111,1.5826314022843069,6.060675123535823,6.060675123535823,0.49292286779746064,737.9830737337714,True,24433.319872426633,0.7131194449079094,0.6912206241425874,0.4993406719178293,True,24480.19192717298,0.7144874691402663,0.6898971487779744,1.4171387018099764,0.347829656453456,0.24,0.006096,2.9186350796015867e-05,50.0,0.05
284,1436.3451,1425.406,0.3321,291.4034,292.1048,247.3681,0.284,10004575.517435787,9929153.077930093,103614.4126017287,1451.041,1440.1019,15.028,1425.0739,9825538.665328365,121.20368141305042,119.94628632730692,1173.1284061128197,741.2533122247515,1.5826282146272845,6.060184070652522,6.060184070652522,0.4919472643791778,737.8926473437269,True,24430.653161815644,0.7130416133565456,0.6899278459547452,0.49934114726038104,True,24477.487553851348,0.7144085383518177,0.6886077614835469,1.4169886888773284,0.3471779755482344,0.24,0.006096,2.9186350796015867e-05,50.0,0.05
285,1436.1599,1425.2239,0.332,291.3928,292.0951,247.3599,0.285,10003298.608385094,9927897.542627007,103613.72312599939,1450.8558,1439.9198,15.0279,1424.8918999999999,9824283.819501007,121.1938245801413,119.9361899855116,1173.1242233104063,741.2522384184138,1.582624864396314,6.059691229007065,6.059691229007065,0.49225054872476903,737.8023264043047,True,24427.98439091473,0.7129637216728374,0.6904286063388951,0.499341646846968,True,24474.781471603535,0.7143295576860502,0.6891084702127285,1.4168385681304374,0.347428817789954,0.24,0.006096,2.9186350796015867e-05,50.0,0.05
286,1435.975,1425.042,0.3319,291.3822,292.0854,247.3517,0.286,10002023.767761584,9926643.386275379,103613.03365027007,1450.6708999999998,1439.7378999999999,15.027800000000001,1424.7100999999998,9823030.35262511,121.18399139110143,119.92610905954155,1173.120059985189,741.2511673667259,1.5826215345503811,6.059199569555072,6.059199569555072,0.4912745422811895,737.712103247643,True,24425.31903070515,0.7128859295347628,0.6891348558412433,0.4993421433948054,True,24472.078815305245,0.7142506770112473,0.68781809817375,1.4166886372024567,0.346776651820482,0.24,0.006096,2.9186350796015867e-05,50.0,0.05
287,1435.7903,1424.8604,0.3317,291.3716,292.0757,247.3436,0.287,10000750.306089537,9925391.298350941,103611.65469881143,1450.4861999999998,1439.5563,15.0276,1424.5287,9821779.64365213,121.17417359845004,119.91605178123372,1173.1159270450064,741.2501005291235,1.5826182366890822,6.0587086799225025,6.0587086799225025,0.4905046521048462,737.6220270688419,True,24422.65883839964,0.7128082882289493,0.6881298382817055,0.49934263517413313,True,24469.381344725967,0.7141719476886585,0.6868159043383211,1.4165390441531989,0.34626977218130106,0.24,0.006096,2.9186350796015867e-05,50.0,0.05
288,1435.6058,1424.679,0.3316,291.361,292.066,247.3354,0.288,9999478.223368948,9924140.58937796,103610.96522308211,1450.3017,1439.3749,15.027499999999998,1424.3474,9820529.624154879,121.16437120501725,119.90600992488491,1173.1118136025848,741.2490364484453,1.5826149592360057,6.058218560250863,6.058218560250863,0.4895283006462705,737.5320486791031,True,24420.002057245176,0.7127307464821868,0.6868348293691933,0.49934312391120783,True,24466.687300501908,0.7140933183688751,0.6855242698033447,1.4163895912413085,0.3456169853784743,0.24,0.006096,2.9186350796015867e-05,50.0,0.05
289,1435.4216,1424.4979,0.3315,291.3504,292.0563,247.3273,0.289,9998208.209075546,9922891.948832167,103610.2757473528,1450.1174999999998,1439.1938,15.0274,1424.1663999999998,9819281.673084814,121.15459246642419,119.89599172324142,1173.1077305688857,741.2479765844723,1.5826117137942688,6.05772962332121,6.05772962332121,0.4898305948431698,737.4422172744246,True,24417.350444521442,0.7126533555830568,0.6873335977523256,0.49934360787573623,True,24463.99844246214,0.7140148404148858,0.686022988763859,1.416240426530933,0.3458668356495126,0.24,0.006096,2.9186350796015867e-05,50.0,0.05
290,1435.2376,1424.317,0.3313,291.3399,292.0466,247.3191,0.29,9996939.573733604,9921644.687237833,103608.89679589416,1449.9334999999999,1439.0129,15.0272,1423.9856999999997,9818035.790441938,121.1447779812235,119.88598894968901,1173.103667053507,741.2469194796975,1.5826084887839293,6.057238899061176,6.057238899061176,0.4888538422910642,737.3524836650778,True,24414.702243408636,0.7125760642564,0.6860374166527775,0.49934408879451075,True,24461.313011183734,0.7139364624755556,0.684730179764144,1.4160915014361566,0.34521345675423065,0.24,0.006096,2.9186350796015867e-05,50.0,0.05
291,1435.0539,1424.1363,0.3312,291.3293,292.0369,247.311,0.291,9995673.00681885,9920398.804594956,103608.20732016486,1449.7498,1438.8321999999998,15.027100000000003,1423.8050999999998,9816790.597274791,121.13503831273255,119.87600160683823,1173.0996230651651,741.2458651350834,1.582605284214815,6.056751915636628,6.056751915636628,0.48787683505406676,737.2628478537455,True,24412.057454103695,0.7124988725079645,0.6847405011838993,0.49934456666604604,True,24458.631006840125,0.7138581845559466,0.6834366343471275,1.4159427165281824,0.3445597264346366,0.24,0.006096,2.9186350796015867e-05,50.0,0.05
292,1434.8704,1423.9558,0.3311,291.3188,292.0273,247.3029,0.292,9994407.818855552,9919154.30090354,103607.51784443553,1449.5663,1438.6517,15.027,1423.6246999999998,9815546.783059105,121.12526290782135,119.86597933203826,1173.0954371547975,741.2447972377827,1.582601917107935,6.056263145391068,6.056263145391068,0.48838477392064306,737.1733174913566,True,24409.41060990749,0.7124216207847516,0.6855277263801653,0.4993450687765901,True,24455.947298508916,0.7137798569031578,0.6842232506246037,1.4157938241005508,0.3449547282994488,0.24,0.006096,2.9186350796015867e-05,50.0,0.05
293,1434.6871,1423.7756,0.331,291.3083,292.0176,247.2948,0.293,9993144.009843715,9917911.865639312,103606.8283687062,1449.383,1438.4714999999999,15.0269,1423.4446,9814305.037270606,121.11550292177571,119.85603109250036,1173.091443149501,741.2437498742835,1.5825987650465312,6.055775146088786,6.055775146088786,0.48612874486934743,737.0839264767234,True,24406.774402452185,0.71234467950919,0.682434724162316,0.49934553882005656,True,24453.273908726456,0.7137018304111524,0.6811370297163121,1.41564551741665,0.34339722683999496,0.24,0.006096,2.9186350796015867e-05,50.0,0.05
294,1434.5041,1423.5957,0.3309,291.2977,292.008,247.2867,0.294,9991882.269259065,9916671.49880227,103606.1388929769,1449.2,1438.2916,15.0268,1423.2648,9813065.359909294,121.10581775802659,119.84605616382865,1173.0873181416596,741.242690416871,1.5825954620637424,6.05529088790133,6.05529088790133,0.4851512293353153,736.9946901079783,True,24404.13789867371,0.7122677295850365,0.6811360520544176,0.49934603137033023,True,24450.60057596129,0.7136238055832738,0.6798417114725894,1.4154972016315912,0.3427426269554609,0.24,0.006096,2.9186350796015867e-05,50.0,0.05
295,1434.3213,1423.4159,0.3307,291.2872,291.9983,247.2786,0.295,9990621.907625875,9915431.82144096,103604.75994151826,1449.0172,1438.1118,15.0266,1423.0852,9811827.061499441,121.0960968726023,119.83613880833353,1173.0833632534984,741.241648579686,1.5825923509577162,6.054804843630116,6.054804843630116,0.48693711021269337,736.9054947078422,True,24401.50851680281,0.7121909875233756,0.6837170348167472,0.49934649530834924,True,24447.93404180567,0.7135459791819984,0.6824186869792371,1.415349324635564,0.3440402321441557,0.24,0.006096,2.9186350796015867e-05,50.0,0.05
296,1434.1387,1423.2364,0.3306,291.2768,291.9887,247.2705,0.296,9989362.924944142,9914194.212506836,103604.07046578894,1448.8346000000001,1437.9323,15.026499999999999,1422.9058000000002,9810590.142041048,121.08634027361806,119.82619477408196,1173.0792773721378,741.2405946476688,1.5825890889445056,6.054317013680904,6.054317013680904,0.48595916405110984,736.8164539549018,True,24398.878839921366,0.7121142368514337,0.6824174253273553,0.49934698175112596,True,24445.267565864877,0.7134681544798012,0.681122431323412,1.4152013888861135,0.3433851661448707,0.24,0.006096,2.9186350796015867e-05,50.0,0.05
297,1433.9564,1423.0571,0.3305,291.2663,291.9791,247.2625,0.297,9988106.010689598,9912957.982524171,103603.38099005964,1448.6523,1437.7530000000002,15.0264,1422.7266,9809354.601534111,121.07665850604026,119.81626619222958,1173.0752110650544,741.2395434790837,1.5825858474294365,6.053832925302014,6.053832925302014,0.48370250718608077,736.727511012858,True,24396.252577011892,0.7120375858208752,0.6793215931550053,0.49934746513816075,True,24442.604518807573,0.7133904298542004,0.6780333558510698,1.4150536431882783,0.3418262689294545,0.24,0.006096,2.9186350796015867e-05,50.0,0.05
298,1433.7743,1422.8781,0.3304,291.2558,291.9695,247.2544,0.298,9986850.475386512,9911723.820968693,103602.6915143303,1448.4702,1437.5739999999998,15.026299999999999,1422.5476999999998,9808121.129454363,121.06699217333062,119.80636129957031,1173.071175257132,741.2384965352561,1.5825826380313157,6.053349608666531,6.053349608666531,0.48400266482258303,736.6387150817767,True,24393.63148565237,0.7119610857289878,0.6798161788955156,0.4993479437367893,True,24439.946660727368,0.7133128566759056,0.6785278861761637,1.4149061859118282,0.34207403264031266,0.24,0.006096,2.9186350796015867e-05,50.0,0.05
299,1433.5925,1422.6993,0.3302,291.2454,291.9599,247.2463,0.299,9985597.008510612,9910491.038364675,103601.31256287168,1448.2884,1437.3952,15.0261,1422.3691,9806889.725801803,121.05729839944736,119.79647186538554,1173.0671590438822,741.2374523571165,1.582579449154327,6.052864919972368,6.052864919972368,0.4830242004691172,736.5500169677971,True,24391.013808720418,0.7118846852917812,0.6785146674017006,0.4993484192762023,True,24437.29223193296,0.7132353835859488,0.6772297218915388,1.4147589684560498,0.34141801624078033,0.24,0.006096,2.9186350796015867e-05,50.0,0.05
300,1433.4109,1422.5207,0.3301,291.2349,291.9503,247.2383,0.3,9984344.920586174,9909259.634712115,103600.62308714236,1448.1068,1437.2166,15.026,1422.1906,9805659.011624973,121.04767120531187,119.78659789226202,1173.0631624339537,741.2364109456215,1.5825762808082182,6.052383560265594,6.052383560265594,0.48225192673589845,736.461416673555,True,24388.399546410525,0.7118083845149318,0.6775024532262757,0.4993488917549275,True,24434.64123259619,0.7131580105893459,0.6762203040212236,1.4146118913726426,0.34090758721669884,0.24,0.006096,2.9186350796015867e-05,50.0,0.05
301,1433.2295,1422.3424,0.33,291.2245,291.9408,247.2303,0.301,9983094.211613193,9908030.299486743,103599.93361141304,1447.9254,1437.0383,15.0259,1422.0123999999998,9804430.36587533,121.03800832237792,119.77669727230834,1173.0590348494106,741.2353574345505,1.58257296158864,6.0519004161188965,6.0519004161188965,0.48255140381343153,736.3729710267601,True,24385.78499334539,0.711732075251998,0.6779958647256104,0.4993493867336511,True,24431.990295364227,0.7130806394053556,0.6767136522116707,1.4144648054981162,0.34115476181360116,0.24,0.006096,2.9186350796015867e-05,50.0,0.05
302,1433.0484,1422.1642,0.3299,291.2141,291.9312,247.2222,0.302,9981845.5710674,9906801.6537371,103599.24413568374,1447.7443,1436.8600999999999,15.0258,1421.8342999999998,9803202.409601416,121.02836914915932,119.76685423162107,1173.055077468016,741.2343215577943,1.5825698343307926,6.051418457457967,6.051418457457967,0.48157230335618806,736.2845663779337,True,24383.177561319717,0.7116559738262199,0.6766925608268466,0.4993498530870438,True,24429.346155879877,0.7130034666228118,0.6754136913768277,1.414318108690572,0.3404978698901377,0.24,0.006096,2.9186350796015867e-05,50.0,0.05
303,1432.8675,1421.9864,0.3298,291.2037,291.9217,247.2142,0.303,9980598.309473066,9905575.765890375,103598.55465995442,1447.5634,1436.6822999999997,15.0257,1421.6565999999998,9801977.21123042,121.01874543024368,119.75699279086213,1173.0510000453423,741.233275041791,1.5825665678314365,6.0509372715121845,6.0509372715121845,0.4807995185951768,736.1963655775677,True,24380.571597391157,0.7115799152488392,0.6756788777927232,0.4993503402058773,True,24426.70383975686,0.7129263470575316,0.6744027915079668,1.4141715015337373,0.3399867117062722,0.24,0.006096,2.9186350796015867e-05,50.0,0.05
304,1432.6868,1421.8087,0.3296,291.1933,291.9121,247.2062,0.304,9979352.42683019,9904350.56751938,103597.17570849578,1447.3826999999997,1436.5046,15.0255,1421.4791,9800753.391810885,121.0091371684155,119.74718893027594,1173.047092854019,741.2322461651562,1.5825634933219686,6.050456858420776,6.050456858420776,0.48109822925971457,736.1082057852834,True,24377.97275404201,0.7115040644951871,0.6761707392368226,0.4993507986950311,True,24424.068320937517,0.7128494258807406,0.6748946015707419,1.4140253331749533,0.3402331047206137,0.24,0.006096,2.9186350796015867e-05,50.0,0.05
305,1432.5064,1421.6313,0.3295,291.183,291.9026,247.1982,0.305,9978108.612614503,9903127.437575571,103596.48623276646,1447.2023,1436.3272,15.0254,1421.3017999999997,9799530.951342804,120.99950150107328,119.7373584443367,1173.0430547098408,741.231205187486,1.5825602679708188,6.0499750750536645,6.0499750750536645,0.48011858276868224,736.0202006439868,True,24375.373622605464,0.7114282053333152,0.6748658250676739,0.4993512796795704,True,24421.43286665413,0.7127725065875188,0.6735930164693161,1.4138791064420055,0.33957541389581014,0.24,0.006096,2.9186350796015867e-05,50.0,0.05
306,1432.3262,1421.4541,0.3294,291.1726,291.8931,247.1902,0.306,9976866.177350273,9901905.686583221,103595.79675703714,1447.0221,1436.1499999999996,15.0253,1421.1246999999998,9798309.889826184,120.98993242510477,119.72754344094619,1173.0390362158648,741.230166979713,1.5825570632070216,6.049496621255239,6.049496621255239,0.479345201225442,735.9322933351774,True,24372.777907932512,0.711352445894304,0.6738504998360058,0.49935175759498496,True,24418.800843757028,0.7126956874439409,0.6725804711188831,1.4137330699544683,0.33906344232357816,0.24,0.006096,2.9186350796015867e-05,50.0,0.05
307,1432.1462,1421.2771,0.3293,291.1623,291.8836,247.1822,0.307,9975625.121037504,9900685.314542333,103595.10728130784,1446.8420999999998,1435.9730000000002,15.025200000000002,1420.9478,9797090.207261024,120.98032769302426,119.71774392266792,1173.0350373806727,741.229131542786,1.5825538790402514,6.049016384651214,6.049016384651214,0.47836521642966545,735.844483861485,True,24370.1856102161,0.7112767861837851,0.6725443958268895,0.49935223243981286,True,24416.172252416243,0.7126189684549693,0.6712776920137421,1.413587223727794,0.3384051641101854,0.24,0.006096,2.9186350796015867e-05,50.0,0.05
308,1431.9665,1421.1004,0.3292,291.1519,291.8741,247.1742,0.308,9974386.133151922,9899467.010928629,103594.41780557852,1446.6624,1435.7963,15.0251,1420.7712,9795872.59312305,120.97079781644759,119.70796813074757,1173.031069144468,741.2281003397306,1.5825507271065775,6.048539890822379,6.048539890822379,0.47738498173066546,735.7568214274702,True,24367.598487363342,0.7112012775086521,0.6712375199928656,0.49935270247877916,True,24413.54885301635,0.712542400999806,0.6699741391681692,1.4134416661582603,0.3377465042672752,0.24,0.006096,2.9186350796015867e-05,50.0,0.05
309,1431.787,1420.9239,0.3291,291.1416,291.8646,247.1662,0.309,9973148.524217797,9898250.086266385,103593.7283298492,1446.4829,1435.6198,15.025,1420.5948,9794656.357936537,120.96123229375505,119.69820782995704,1173.0271205872746,741.2270719097603,1.582547595792728,6.048061614687753,6.048061614687753,0.47768257932148117,735.669256834687,True,24365.014781917987,0.7111258685751705,0.6717271870288981,0.4993531694437147,True,24410.92888557141,0.7124659337108838,0.6704637467134297,1.4132962988857944,0.3379918136756415,0.24,0.006096,2.9186350796015867e-05,50.0,0.05
310,1431.6078,1420.7476,0.3289,291.1313,291.8551,247.1583,0.31,9971912.983710863,9897034.540555598,103592.34937839057,1446.3037,1435.4434999999999,15.0248,1420.4187,9793442.191177208,120.95169051327471,119.68846302285901,1173.0231917176716,741.2260462538237,1.5825444851083716,6.047584525663736,6.047584525663736,0.4769085400394033,735.5817900857609,True,24362.434494073463,0.7110505593889854,0.670709745941578,0.49935363333315874,True,24408.312350251697,0.7123895665931725,0.6694490801151128,1.4131511716700176,0.3374787847189822,0.24,0.006096,2.9186350796015867e-05,50.0,0.05
311,1431.4287,1420.5716,0.3288,291.121,291.8456,247.1503,0.311,9970678.132679656,9895821.063272001,103591.65990266124,1446.1245999999999,1435.2675,15.0247,1420.2427999999998,9792229.40336934,120.94215595215347,119.67874195203468,1173.0192934804547,741.2250248354554,1.5825414066947527,6.047107797607674,6.047107797607674,0.47613433856395204,735.4944703865723,True,24359.859381835875,0.7109754012598801,0.6696917188980389,0.49935409241105483,True,24405.70100752961,0.7123133510284371,0.6684338260352833,1.413006283427866,0.3369654786027416,0.24,0.006096,2.9186350796015867e-05,50.0,0.05
312,1431.2499,1420.3958,0.3287,291.1107,291.8362,247.1424,0.312,9969445.350075638,9894608.964939862,103590.97042693192,1445.9458,1435.0917,15.0246,1420.0671,9791017.99451293,120.93264513973216,119.66898605804624,1173.0152533832838,741.2239898480333,1.582538165856959,6.046632256986609,6.046632256986609,0.4749467983638169,735.4072561371216,True,24357.282229224096,0.7109001835796979,0.6680921025681117,0.4993545757119393,True,24403.08797409058,0.7122370861178439,0.666838062242148,1.4128612884681777,0.33615953826490186,0.24,0.006096,2.9186350796015867e-05,50.0,0.05
313,1431.0714,1420.2202,0.3286,291.1004,291.8267,247.1344,0.313,9968214.635898808,9893398.245559182,103590.28095120261,1445.7673000000002,1434.9161,15.0245,1419.8916,9789807.96460798,120.92315808021891,119.65929599126082,1173.011394564665,741.222973981576,1.5825351287530673,6.046157904010946,6.046157904010946,0.4754500556473431,735.3201321380417,True,24354.713953700008,0.710825224989311,0.6688705450126543,0.49935502863123316,True,24400.483496973142,0.7121610709350541,0.6676159018676577,1.4127167809573578,0.33655015786330805,0.24,0.006096,2.9186350796015867e-05,50.0,0.05
314,1430.893,1420.0448,0.3285,291.0902,291.8173,247.1265,0.314,9966984.611197706,9892188.90512996,103589.5914754733,1445.5889,1434.7406999999998,15.0244,1419.7162999999998,9788599.313654486,120.91362713750628,119.64957111059414,1173.007393892277,741.2219445448338,1.5825319292355704,6.045681356875314,6.045681356875314,0.474675349210429,735.2331135891275,True,24352.14363902131,0.7107502068834424,0.6678511586958596,0.49935550577201215,True,24397.87733025259,0.7120850064389151,0.6665992752526072,1.4125721667970204,0.3360361759687974,0.24,0.006096,2.9186350796015867e-05,50.0,0.05
315,1430.7149,1419.8697,0.3284,291.0799,291.8079,247.1186,0.315,9965756.654923793,9890981.633127926,103588.90199974398,1445.4107999999999,1434.5655999999997,15.0243,1419.5412999999999,9787392.731128182,120.9041710662505,119.63986998324629,1173.0034238847022,741.220919347336,1.5825287620289532,6.045208553312525,6.045208553312525,0.47348714584268237,735.1462420982339,True,24349.578501748783,0.7106753398871665,0.6662495787708881,0.4993559780952716,True,24395.2763577563,0.7120090935432276,0.6650015430089952,1.412427841468031,0.33522926406672604,0.24,0.006096,2.9186350796015867e-05,50.0,0.05
316,1430.5371,1419.6948,0.3283,291.0697,291.7984,247.1107,0.316,9964530.767077068,9889775.740077352,103588.21252401467,1445.233,1434.3907,15.024200000000002,1419.3664999999999,9786187.527553337,120.89468765167257,119.63023468537483,1172.9996352006826,741.2199132786513,1.582525798601568,6.044734382583629,6.044734382583629,0.4739897692497834,735.0594608735463,True,24347.02224095439,0.7106007319628952,0.6670268519714012,0.49935642002995245,True,24392.683940987325,0.7119334303579988,0.6657782161057328,1.4122840035834456,0.3356193004007055,0.24,0.006096,2.9186350796015867e-05,50.0,0.05
317,1430.3594,1419.5201,0.3281,291.0595,291.789,247.1028,0.317,9963305.568706071,9888571.225978235,103586.83357255602,1445.0553,1434.216,15.024,1419.192,9784984.39240568,120.88521147548052,119.62056458839173,1172.9957046751617,741.218893638173,1.5825226727797919,6.044260573774026,6.044260573774026,0.4732144728291132,734.9727851005323,True,24344.463942894432,0.7105260645782765,0.6660057898227612,0.49935688618335505,True,24390.089836339353,0.7118577179097416,0.6647599104756962,1.4121401089079169,0.33510447712945085,0.24,0.006096,2.9186350796015867e-05,50.0,0.05
318,1430.182,1419.3457,0.328,291.0493,291.7796,247.0949,0.318,9962082.438762264,9887368.780306308,103586.14409682671,1444.8779000000002,1434.0416,15.0239,1419.0176999999999,9783782.63620948,120.8757590727594,119.61091825456211,1172.9918048476143,741.2178782406107,1.5825195793062659,6.04378795363797,6.04378795363797,0.47202569497540026,734.8862563955274,True,24341.91082297758,0.710451548324759,0.6644023735164408,0.49935734751359157,True,24387.50092656652,0.7117821570809325,0.6631603367401201,1.4119964533723246,0.3342966576495595,0.24,0.006096,2.9186350796015867e-05,50.0,0.05
319,1430.0049,1419.1714,0.3279,291.0391,291.7702,247.087,0.319,9960861.377245642,9886167.024110107,103585.4546210974,1444.7007999999998,1433.8673,15.0238,1418.8435,9782581.56948901,120.86633044768148,119.60127920063502,1172.987913834329,741.2168641595391,1.5825164949051345,6.043316522384075,6.043316522384075,0.47125010082118024,734.799776348789,True,24339.3593653435,0.7103770805872095,0.6633802155210823,0.4993578074917755,True,24384.913690856996,0.7117066451119223,0.6621409313201957,1.4118528899306306,0.3337813055327134,0.24,0.006096,2.9186350796015867e-05,50.0,0.05
320,1429.8279,1418.9975,0.3278,291.0289,291.7609,247.0791,0.32,9959641.005204752,9884968.025816826,103584.76514536807,1444.5238,1433.6933999999999,15.0237,1418.6697,9781383.260671457,120.85690906872657,119.5916218535603,1172.9839028776362,741.2158394299305,1.582513271410631,6.042845453436328,6.042845453436328,0.47047434586920645,734.7135001641678,True,24336.80938930341,0.710302656091982,0.6623575764980407,0.49935828821399636,True,24382.328290821177,0.7116311867195289,0.661121033829328,1.411709416909695,0.33326571334991806,0.24,0.006096,2.9186350796015867e-05,50.0,0.05
321,1429.6512,1418.8237,0.3277,291.0187,291.7515,247.0712,0.321,9958422.70159105,9883769.716999272,103584.07566963875,1444.3471,1433.5195999999996,15.023599999999998,1418.4959999999996,9780185.641329633,120.84751147384672,119.5820220997698,1172.9800623580493,741.2148323749115,1.582510240114499,6.042375573692336,6.042375573692336,0.4694917578831337,734.627265059809,True,24334.26653144364,0.7102284393504624,0.661043309266109,0.4993587402744367,True,24379.749685727063,0.7115559266466877,0.6598100589164971,1.4115663329495793,0.33260339732111177,0.24,0.006096,2.9186350796015867e-05,50.0,0.05
322,1429.4747,1418.6501,0.3276,291.0085,291.7421,247.0634,0.322,9957205.776928805,9882572.78713318,103583.38619390945,1444.1706,1433.346,15.0235,1418.3225,9778989.40093927,120.83812939841124,119.5724378770452,1172.9762416266183,741.2138281031424,1.5825072295647926,6.041906469920562,6.041906469920562,0.46978635692175885,734.5411278282581,True,24331.727094513797,0.7101543224534036,0.6615271386348334,0.49935918924181416,True,24377.174515735478,0.7114807668319538,0.6602938249667664,1.4114234395390348,0.33284579507563594,0.24,0.006096,2.9186350796015867e-05,50.0,0.05
323,1429.2985,1418.4768,0.3275,290.9984,291.7328,247.0555,0.323,9955990.92069375,9881377.925694272,103582.69671818013,1443.9944,1433.1726999999998,15.0234,1418.1492999999996,9777795.228976091,120.82872001956984,119.56282713315127,1172.9722900186002,741.2128117177368,1.5825040682989204,6.041436000978493,6.041436000978493,0.4702874536806121,734.4551452544008,True,24329.187383041983,0.7100801975434665,0.6623018854878349,0.499359660686636,True,24374.59942265157,0.7114056092618745,0.6610679583600181,1.4112805382508042,0.3332345631744519,0.24,0.006096,2.9186350796015867e-05,50.0,0.05
324,1429.1224,1418.3037,0.3274,290.9883,291.7234,247.0477,0.324,9954776.753934423,9880184.443206826,103582.00724245081,1443.8183,1432.9996,15.0233,1417.9763,9776602.435964376,120.819317900264,119.55328222839033,1172.968519840887,741.211814478666,1.582501110921847,6.0409658950132,6.0409658950132,0.46823364819056223,734.3692529832972,True,24326.65654722512,0.7100063316815085,0.6594781304015193,0.4993601017260525,True,24372.03288445765,0.7113307013778154,0.658250300856711,1.4111381244290206,0.33181276877486426,0.24,0.006096,2.9186350796015867e-05,50.0,0.05
325,1428.9466,1418.1309,0.3273,290.9781,291.7141,247.0398,0.325,9953564.655602284,9878993.029146567,103581.31776672149,1443.6425,1432.8268,15.0232,1417.8036,9775411.711379845,120.80999067364222,119.54371081337067,1172.9646187986907,741.2108051254052,1.5824980028458129,6.0404995336821115,6.0404995336821115,0.46704352384085723,734.2835153720558,True,24324.125438197945,0.7099324578455384,0.6578703631303373,0.49936056524040506,True,24369.466424384806,0.7112557957738254,0.6566463522912002,1.4109957028070959,0.3310027967567163,0.24,0.006096,2.9186350796015867e-05,50.0,0.05
326,1428.7711,1417.9582,0.3271,290.968,291.7048,247.032,0.326,9952354.625697332,9877802.304562036,103579.93881526285,1443.4669999999999,1432.6541,15.023,1417.6311,9774222.365746774,120.80063615931036,119.53414669875484,1172.9607266147502,741.2097970916077,1.5824949038953158,6.040031807965518,6.040031807965518,0.46754403630848174,734.1978264310309,True,24321.595993511797,0.7098586325856093,0.6586438691398117,0.4993610273947698,True,24366.901640229244,0.7111809390837451,0.6574192453904141,1.4108534231755345,0.3313909358891006,0.24,0.006096,2.9186350796015867e-05,50.0,0.05
327,1428.5957,1417.7858,0.327,290.9579,291.6955,247.0242,0.327,9951145.285268111,9876613.648404695,103579.24933953355,1443.2916,1432.4817,15.0229,1417.4588,9773034.399065161,120.79128891218988,119.5246063798718,1172.9568652139094,741.2087933082587,1.5824918373925612,6.039564445609495,6.039564445609495,0.4667670610397181,734.112284582151,True,24319.071729926363,0.7097849585431033,0.6576175719443238,0.4993614847110284,True,24364.34205359818,0.711106234090438,0.65639568135238,1.410711382882275,0.3308735342349401,0.24,0.006096,2.9186350796015867e-05,50.0,0.05
328,1428.4206,1417.6136,0.3269,290.9478,291.6862,247.0164,0.328,9949938.013266077,9875426.37119881,103578.55986380423,1443.1164999999999,1432.3094999999998,15.0228,1417.2866999999999,9771847.811335007,120.78196547686878,119.51508161304739,1172.9530236471612,741.2077923113515,1.5824887916915626,6.03909827384344,6.03909827384344,0.4670602856363075,734.0268406185077,True,24316.550889361704,0.7097113844060823,0.6580989059759329,0.4993619389259566,True,24361.785903952732,0.7110316294101989,0.6568769465624676,1.4105695332768386,0.3311146842589873,0.24,0.006096,2.9186350796015867e-05,50.0,0.05
329,1428.2457,1417.4416,0.3268,290.9378,291.6769,247.0086,0.329,9948732.120215502,9874240.472944386,103577.87038807491,1442.9415999999999,1432.1375,15.0227,1417.1147999999998,9770662.60255631,120.77260650076444,119.50557240079604,1172.9492019229444,741.2067941018194,1.582485766801831,6.0386303250382225,6.0386303250382225,0.4660761702371019,733.9414945426392,True,24314.03347200668,0.7096379101800585,0.6567802587080545,0.4993623900381176,True,24359.233191460025,0.7109571250479054,0.6555615716006742,1.410427874374363,0.33045019791873,0.24,0.006096,2.9186350796015867e-05,50.0,0.05
330,1428.0711,1417.2699,0.3267,290.9277,291.6676,247.0008,0.33,9947528.295592114,9873056.643117148,103577.18091234559,1442.7669999999998,1431.9658,15.022599999999999,1416.9432,9769479.462204803,120.7633224300593,119.49608699400233,1172.945411014662,741.2058001463736,1.5824827743968388,6.038166121502965,6.038166121502965,0.46529863698469853,733.8562955687428,True,24311.521236481243,0.709564587192731,0.655752337959215,0.49936283630658335,True,24356.685677135963,0.7108827724011855,0.6545363807495789,1.4102865046285031,0.32993199286641917,0.24,0.006096,2.9186350796015867e-05,50.0,0.05
331,1427.8966,1417.0984,0.3266,290.9177,291.6583,246.993,0.331,9946325.160444457,9871874.19224137,103576.49143661628,1442.5925,1431.7943,15.0225,1416.7718,9768297.700804755,120.75399455528506,119.48661714768187,1172.9416399687939,741.2048089805055,1.582479802825515,6.037699727764253,6.037699727764253,0.46452103021147195,733.7711944885895,True,24309.012424609045,0.7094913641293478,0.654724008912369,0.4993632794688982,True,24354.141600356234,0.7108085200838403,0.6535107797479431,1.4101453256210645,0.32941358721795916,0.24,0.006096,2.9186350796015867e-05,50.0,0.05
332,1427.7224,1416.9271,0.3265,290.9076,291.6491,246.9852,0.332,9945124.093723988,9870693.120317051,103575.80196088695,1442.4183,1431.623,15.0224,1416.6006,9767117.318356164,120.74474158885084,119.47711258262535,1172.9377271173644,741.2038042288345,1.5824766689341478,6.0372370794425425,6.0372370794425425,0.4633295269536575,733.6861988574054,True,24306.501586388862,0.7094180819242615,0.6531120911055707,0.4993637468395695,True,24351.595845688003,0.7107342187950527,0.6519026588295774,1.4100040406684053,0.328601559704764,0.24,0.006096,2.9186350796015867e-05,50.0,0.05
333,1427.5485,1416.756,0.3264,290.8976,291.6398,246.9774,0.333,9943925.095430706,9869513.42734419,103575.11248515765,1442.2444,1431.4519,15.022300000000001,1416.4296,9765938.314859033,120.73546137420692,119.46767386679308,1172.9339958161095,741.20281864337,1.5824737390542318,6.036773068710346,6.036773068710346,0.46382852871329305,733.6012935700045,True,24303.999622794865,0.7093450587371283,0.6538827937126441,0.499364183785991,True,24349.05864487383,0.7106601671620503,0.6526727543567631,1.4098632432011937,0.3289883121288684,0.24,0.006096,2.9186350796015867e-05,50.0,0.05
334,1427.3747,1416.5851,0.3263,290.8876,291.6306,246.9697,0.334,9942726.786613153,9868335.113322787,103574.42300942833,1442.0706,1431.281,15.0222,1416.2587999999998,9764760.690313358,120.7261884477023,119.45820044129016,1172.9301227153417,741.2018194708965,1.5824706468646184,6.0363094223851155,6.0363094223851155,0.4630503427028998,733.5164937320066,True,24301.49563404234,0.7092719764430078,0.6528530071427506,0.49936464493929594,True,24346.519767257814,0.7105860665893211,0.6516456830140984,1.4097223398551597,0.32846918120803514,0.24,0.006096,2.9186350796015867e-05,50.0,0.05
335,1427.2012,1416.4145,0.3262,290.8776,291.6213,246.9619,0.335,9941530.546222787,9867158.867728574,103573.733533699,1441.8971,1431.1104,15.0221,1416.0883000000001,9763585.134194875,120.71693936049878,119.44880111651172,1172.926442164806,741.2008409361694,1.582467770386429,6.03584696802494,6.03584696802494,0.4620651603722763,733.4318334613154,True,24299.00227807317,0.7091992044810322,0.6515308497989641,0.49936507392333057,True,24343.991204067126,0.7105122670570279,0.6503267878627486,1.4095820224399513,0.327802960747508,0.24,0.006096,2.9186350796015867e-05,50.0,0.05
336,1427.0279,1416.2441,0.3261,290.8676,291.6121,246.9542,0.336,9940335.684783882,9865984.001085816,103573.04405796969,1441.7237999999998,1430.9399999999998,15.022,1415.918,9762410.957027847,120.7077058412874,119.43936709196261,1172.9226198236977,741.1998488135484,1.5824647316121494,6.035385292064371,6.035385292064371,0.46128669348036055,733.3472786413214,True,24296.506898195392,0.7091263734485501,0.6504999824461172,0.4993655271122817,True,24341.460965214897,0.7104384186182889,0.649298632212914,1.4094415992172817,0.32728329697131914,0.24,0.006096,2.9186350796015867e-05,50.0,0.05
337,1426.8548,1416.0739,0.326,290.8576,291.6029,246.9464,0.337,9939142.202296436,9864810.51339452,103572.35458224038,1441.5507,1430.7697999999998,15.0219,1415.7478999999998,9761238.158812279,120.69848789275957,119.42994864780952,1172.918817387605,741.1988594833477,1.582461713723072,6.034924394637979,6.034924394637979,0.4605080920268847,733.2628217264745,True,24294.014943975315,0.7090536423985153,0.6494686219636702,0.4993659771873872,True,24338.9341657141,0.7103646705616675,0.6482699817584854,1.4093013668647185,0.3267633898996209,0.24,0.006096,2.9186350796015867e-05,50.0,0.05
338,1426.6819,1415.9039,0.3259,290.8476,291.5937,246.9387,0.338,9937950.098760447,9863638.404654682,103571.66510651106,1441.3778,1430.5998,15.0218,1415.578,9760066.739548171,120.68928551760635,119.42054578654268,1172.9150348648975,741.1978729464942,1.5824587167286277,6.0344642758803175,6.0344642758803175,0.46079912762434105,733.178462719306,True,24291.526415600445,0.7089810113364005,0.6499456547584447,0.4993664241472225,True,24336.41080573014,0.710291022891991,0.6487469400192766,1.4091613253972464,0.32700239448768614,0.24,0.006096,2.9186350796015867e-05,50.0,0.05
339,1426.5093,1415.7342,0.3258,290.8377,291.5845,246.931,0.339,9936760.063651646,9862468.364342032,103570.97563078173,1441.2051999999999,1430.4301,15.0217,1415.4084,9758897.38871125,120.6800559276546,119.41116676292195,1172.9112832423407,741.1968906711818,1.5824557523173435,6.0340027963827305,6.0340027963827305,0.4610899213475932,733.0942508378794,True,24289.043071977492,0.7089085315982739,0.6504223052698211,0.4993668662485836,True,24333.892646532848,0.7102175270142986,0.6492235178790655,1.4090215732915785,0.32724120772008697,0.24,0.006096,2.9186350796015867e-05,50.0,0.05
340,1426.3369,1415.5646,0.3257,290.8278,291.5753,246.9233,0.34,9935571.407494303,9861299.013505109,103570.28615505242,1441.0328,1430.2604999999999,15.0216,1415.2388999999998,9757728.727350056,120.67084192075244,119.40179507532909,1172.9075405730016,741.1959097239688,1.5824527971421318,6.033542096037622,6.033542096037622,0.45903409520769856,733.0100876540504,True,24286.561395887446,0.7088361005293478,0.6475884832402005,0.4993673069733516,True,24331.37616610739,0.7101440801338299,0.6463957217262044,1.4088819136418034,0.3258144566716357,0.24,0.006096,2.9186350796015867e-05,50.0,0.05
341,1426.1647,1415.3953,0.3256,290.8178,291.5662,246.9156,0.341,9934384.13028842,9860131.731095375,103569.5966793231,1440.8606,1430.0911999999998,15.0215,1415.0697,9756562.134416053,120.6616945638463,119.39239696762952,1172.9036670986843,741.1949166503953,1.5824496913703419,6.033084728192315,6.033084728192315,0.4580478296147703,732.9260791337849,True,24284.079458430122,0.7087636618320645,0.646263140001809,0.4993677701584847,True,24328.859774627297,0.7100706358493518,0.6450736116793168,1.4087422468522797,0.32514665520838965,0.24,0.006096,2.9186350796015867e-05,50.0,0.05
342,1425.9928,1415.2262,0.3255,290.8079,291.557,246.9079,0.342,9933198.921509724,9858965.827637102,103568.90720359379,1440.6887,1429.9221,15.0214,1414.9007000000001,9755396.920433508,120.65252000756784,119.3830647192131,1172.8999752935752,741.1939427627545,1.5824467897317982,6.032626000378393,6.032626000378393,0.4585449809151214,732.8421609978692,True,24281.606394588984,0.7086914821232562,0.6470304673922564,0.4993682029006588,True,24326.351935982882,0.7099974411909361,0.6458403288693081,1.4086030675673502,0.3255317210880607,0.24,0.006096,2.9186350796015867e-05,50.0,0.05
343,1425.821,1415.0574,0.3254,290.798,291.5478,246.9002,0.343,9932014.402206756,9857801.992606014,103568.21772786448,1440.5168999999996,1429.7532999999999,15.021300000000002,1414.732,9754233.77487815,120.64335276460969,119.37375632097758,1172.8963144309723,741.1929731413492,1.5824439207241312,6.032167638230485,6.032167638230485,0.45776532622403465,732.7583900003001,True,24279.13851644058,0.708619453765895,0.6459959909247222,0.49936863077715155,True,24323.8492989567,0.7099243983487749,0.6448085560783074,1.408464177719472,0.32501027251202774,0.24,0.006096,2.9186350796015867e-05,50.0,0.05
344,1425.6495,1414.8887,0.3253,290.7881,291.5387,246.8925,0.344,9930831.951330978,9856638.847050657,103567.52825213516,1440.3453999999997,1429.5846,15.0212,1414.5633999999998,9753071.318798522,120.63420939451885,119.36440501023063,1172.8925008110327,741.1919884567487,1.5824408777719476,6.031710469725943,6.031710469725943,0.4565715813346287,732.6746752345732,True,24276.666861152153,0.7085473151676002,0.6443769831046936,0.4993690845961506,True,24321.343230191913,0.7098512553466868,0.6431933139452463,1.4083250838990653,0.3241947378161953,0.24,0.006096,2.9186350796015867e-05,50.0,0.05
345,1425.4783,1414.7203,0.3252,290.7782,291.5296,246.8848,0.345,9929651.568882389,9855477.769922487,103566.83877640584,1440.1742,1429.4162,15.0211,1414.3951,9751910.931146082,120.62508990135632,119.35507755946428,1172.8887181424923,741.1910080375136,1.5824378674641575,6.031254495067817,6.031254495067817,0.45706803466646306,732.5911076084825,True,24274.200392792733,0.7084753279568349,0.645143192190753,0.49936953354751423,True,24318.842364173266,0.7097782641937728,0.6439589062164932,1.4081862795863136,0.3245792416048373,0.24,0.006096,2.9186350796015867e-05,50.0,0.05
346,1425.3072,1414.5521,0.3251,290.7684,291.5204,246.8772,0.346,9928471.875909528,9854318.071745778,103566.14930067652,1440.0031,1429.248,15.021,1414.227,9750751.922445102,120.61592667313218,119.34581597077856,1172.8851172009222,741.1900468143233,1.5824350613476916,6.0307963336566095,6.0307963336566095,0.45649490534560755,732.5076303867287,True,24271.742797259896,0.7084035997114988,0.644399471616911,0.4993699520469708,True,24316.35005022143,0.7097055226444807,0.6432173497039049,1.4080479627715092,0.32420408779760096,0.24,0.006096,2.9186350796015867e-05,50.0,0.05
347,1425.1363,1414.3841,0.325,290.7585,291.5113,246.8695,0.347,9927293.561888125,9853159.752520524,103565.4598249472,1439.8321999999998,1429.08,15.0209,1414.0590999999997,9749594.292695576,120.60683010514249,119.33651973739799,1172.8813744967374,741.1890719942365,1.582432092989436,6.030341505257125,6.030341505257125,0.4555075562211641,732.4242586151482,True,24269.283185222084,0.708331812611741,0.6430708717453046,0.49937039474371675,True,24313.856067381657,0.7096327323864399,0.6418919751479438,1.407909540556816,0.32353467541743824,0.24,0.006096,2.9186350796015867e-05,50.0,0.05
348,1424.9657,1414.2163,0.3249,290.7487,291.5022,246.8619,0.348,9926117.31629391,9852002.81224673,103564.77034921788,1439.6616,1428.9122,15.0208,1413.8914,9748438.041897513,120.59770637088334,119.32723911741196,1172.8776517845447,741.1880999743496,1.582429145617873,6.029885318544167,6.029885318544167,0.4545201346595604,732.3409847734271,True,24266.827001823727,0.7082601255814572,0.6417418096019665,0.49937083431137486,True,24311.36552656279,0.7095600425884285,0.6405661358854153,1.4077713094223414,0.32286503611589173,0.24,0.006096,2.9186350796015867e-05,50.0,0.05
349,1424.7953,1414.0487,0.3248,290.7388,291.4931,246.8542,0.349,9924942.449651156,9850847.250924397,103564.08087348856,1439.4912,1428.7446000000002,15.020699999999998,1413.7239,9747283.170050908,120.58864929975613,119.31797411328606,1172.8739490726432,741.1871307555821,1.5824262192423528,6.029432464987806,6.029432464987806,0.45353245105116,732.2578088640419,True,24264.374247249947,0.7081885386260504,0.6404120178661094,0.4993712707485323,True,24308.87842792871,0.70948745325523,0.6392395650836223,1.4076332693829128,0.3221950353943982,0.24,0.006096,2.9186350796015867e-05,50.0,0.05
350,1424.6252,1413.8814,0.3247,290.729,291.4841,246.8466,0.35,9923769.651435588,9849693.758029249,103563.39139775926,1439.3211,1428.5773,15.0206,1413.5566999999999,9746130.36663149,120.57956507284129,119.30868273876409,1172.8701155910042,741.1861494041767,1.5824231423291553,6.028978253642065,6.028978253642065,0.454027943703295,732.1747876211853,True,24261.921237784572,0.708116944231288,0.641176499732223,0.49937172963763926,True,24306.391424157326,0.7094148666907274,0.6400034239784695,1.4074952225666273,0.32257867481450897,0.24,0.006096,2.9186350796015867e-05,50.0,0.05
351,1424.4552,1413.7143,0.3246,290.7192,291.475,246.839,0.351,9922597.54269575,9848541.644085562,103562.70192202994,1439.1511,1428.4102,15.0205,1413.3897000000002,9744978.942163533,120.57048818200799,119.29945723355236,1172.866463896766,741.1851872582835,1.5824202696701397,6.0285244091004,6.0285244091004,0.45324696656825836,732.0918568027581,True,24259.477100943575,0.7080456087960533,0.6401380941249682,0.4993721580652129,True,24303.912972220896,0.7093425297230798,0.6389677025924294,1.4073576632742444,0.322055280186396,0.24,0.006096,2.9186350796015867e-05,50.0,0.05
352,1424.2855,1413.5474,0.3245,290.7094,291.4659,246.8314,0.352,9921427.502383098,9847390.90909333,103562.01244630062,1438.9814,1428.2432999999999,15.0204,1413.2228999999998,9743828.896647029,120.56143519417856,119.29024735244228,1172.8628322306313,741.1842279165918,1.5824174180384987,6.028071759708928,6.028071759708928,0.4524658801951773,732.0090239249662,True,24257.03639354709,0.7079743734537889,0.6390992346062803,0.4993725833575542,True,24301.437963016724,0.7092702932362234,0.637931525555213,1.4072202951264128,0.3215316619311062,0.24,0.006096,2.9186350796015867e-05,50.0,0.05
353,1424.1159,1413.3807,0.3244,290.6996,291.4569,246.8238,0.353,9920258.151546177,9846241.55305256,103561.32297057132,1438.8118,1428.0765999999999,15.0203,1413.0563,9742680.230081988,120.55238954680017,119.28100285809626,1172.8590588119114,741.183254971738,1.5824144041902748,6.027619477340009,6.027619477340009,0.4514775449079025,731.9262964949594,True,24254.59367399562,0.7079030793840635,0.637767454410181,0.4993730328437255,True,24298.96128890957,0.7091980081569246,0.6366029511013571,1.4070828218143407,0.3208606756535851,0.24,0.006096,2.9186350796015867e-05,50.0,0.05
354,1423.9467,1413.2142,0.3243,290.6898,291.4478,246.8162,0.354,9919091.558612173,9845093.575963246,103560.63349484198,1438.6426,1427.9100999999996,15.020199999999999,1412.8898999999997,9741532.942468403,120.54337609238226,119.27182423451957,1172.8554672214009,741.1823012396791,1.5824115946369988,6.027168804619113,6.027168804619113,0.45176510172632334,731.8436595035755,True,24252.159826437182,0.7078320442554389,0.6382377082144258,0.4993734518620773,True,24296.49316602655,0.7091259726566531,0.6370731282537022,1.4069458360175369,0.3210962996308923,0.24,0.006096,2.9186350796015867e-05,50.0,0.05
355,1423.7776,1413.048,0.3242,290.6801,291.4388,246.8086,0.355,9917925.655153897,9843947.667301122,103559.94401911266,1438.4734999999996,1427.7439,15.0201,1412.7237999999998,9740387.72328201,120.53431894273112,119.26261926565294,1172.8517448861537,741.1813353731579,1.582408634582879,6.026715947136556,6.026715947136556,0.45119062573712654,731.7611771827776,True,24249.72572710792,0.7077610017785427,0.6374900914338643,0.49937389332702997,True,24294.02514085202,0.7090539400081358,0.6363276476990587,1.4068088436236355,0.3207192134042583,0.24,0.006096,2.9186350796015867e-05,50.0,0.05
356,1423.6087,1412.8819,0.3241,290.6703,291.4297,246.801,0.356,9916761.130647082,9842802.448114729,103559.25454338336,1438.3046,1427.5778,15.02,1412.5578000000003,9739243.193571346,120.52532846735276,119.25347190986265,1172.848193405826,741.180387254561,1.5824058671468961,6.026266423367638,6.026266423367638,0.45020172502199785,731.6787360880878,True,24247.29874015995,0.7076901668861019,0.6361565358508858,0.49937430606551364,True,24291.563904972543,0.7089821055143657,0.6349973032046796,1.4066722402394762,0.3200473515744891,0.24,0.006096,2.9186350796015867e-05,50.0,0.05
357,1423.4401,1412.7161,0.324,290.6606,291.4207,246.7934,0.357,9915598.674567454,9841659.297355521,103558.56506765404,1438.136,1427.412,15.0199,1412.3921,9738100.732287867,120.51631087373025,119.24429821843651,1172.8445111894725,741.179427000632,1.5824029492233498,6.025815543686512,6.025815543686512,0.45048865256922,731.5964496652548,True,24244.871502658625,0.7076193246809229,0.6366257065864512,0.49937474124867737,True,24289.102767912747,0.7089102739047815,0.6354663899676085,1.4065356303277887,0.3202824321373466,0.24,0.006096,2.9186350796015867e-05,50.0,0.05
358,1423.2717,1412.5505,0.3239,290.6509,291.4117,246.7858,0.358,9914437.597439285,9840517.525547773,103557.87559192472,1437.9676000000002,1427.2464,15.0198,1412.2266000000002,9736959.649955848,120.50730892124999,119.2351401705922,1172.8408490430209,741.1784695537006,1.582400052377729,6.0253654460625,6.0253654460625,0.4497065299206042,731.5142611941856,True,24242.447696559873,0.7075485826258633,0.6355839598344578,0.4993751732890591,True,24286.645075350683,0.7088385428275162,0.6344273099579922,1.4063992116892992,0.3197573819601608,0.24,0.006096,2.9186350796015867e-05,50.0,0.05
359,1423.1035,1412.3851,0.3238,290.6412,291.4027,246.7783,0.359,9913277.899262574,9839377.132691482,103557.1861161954,1437.7993999999999,1427.081,15.019699999999998,1412.0612999999998,9735819.946575286,120.49832261253343,119.22599776877084,1172.8372069746986,741.1775149146795,1.5823971766193008,6.024916130626671,6.024916130626671,0.4489242762019785,731.4321706773441,True,24240.027322047634,0.7074779407262913,0.6345417296560742,0.49937560218525956,True,24284.190827448652,0.7087669122873071,0.6333877448556764,1.406262984338681,0.319232093286657,0.24,0.006096,2.9186350796015867e-05,50.0,0.05
360,1422.9355,1412.2199,0.3237,290.6315,291.3937,246.7707,0.36,9912119.580037322,9838238.118786652,103556.4966404661,1437.6314,1426.9158000000002,15.0196,1411.8962000000001,9734681.622146185,120.48935195020191,119.21687101541325,1172.8335849927307,741.1765630844797,1.5823943219573318,6.024467597510096,6.024467597510096,0.4481418914265305,731.350178117169,True,24237.610379305286,0.7074073989875593,0.6334990163630048,0.4993760279358792,True,24281.74002436905,0.708695382288894,0.6323476949703746,1.4061269482906054,0.31870656626795024,0.24,0.006096,2.9186350796015867e-05,50.0,0.05
361,1422.7677,1412.0549,0.3236,290.6218,291.3848,246.7632,0.361,9910962.639763528,9837100.483833278,103555.80716473678,1437.4636,1426.7508,15.0195,1411.7313,9733544.676668542,120.48039693687636,119.20770968878536,1172.8298212738578,741.1755976437008,1.5823913051137208,6.024019846843818,6.024019846843818,0.4471521907107672,731.2682910029008,True,24235.191429869763,0.7073367986807763,0.6321630537881412,0.4993764778754798,True,24279.28756138773,0.7086238038440069,0.6310149169208563,1.4059908073762113,0.3180335094403781,0.24,0.006096,2.9186350796015867e-05,50.0,0.05
362,1422.6002,1411.8902,0.3235,290.6121,291.3758,246.7557,0.362,9909807.767916923,9835964.917307094,103555.11768900744,1437.2961,1426.5861,15.019399999999997,1411.5667,9732409.799618086,120.4714658625735,119.19862250366712,1172.826250496067,741.1746529033894,1.5823885043852712,6.023573293128675,6.023573293128675,0.44616233620217827,731.1865435864735,True,24232.78311105228,0.7072665086429405,0.6308263303153533,0.49937689558390763,True,24276.845410548118,0.7085525263729052,0.629681385071185,1.4058552525145704,0.31736008056601417,0.24,0.006096,2.9186350796015867e-05,50.0,0.05
363,1422.4329,1411.7257,0.3234,290.6024,291.3668,246.7481,0.363,9908654.275021775,9834830.729732366,103554.42821327814,1437.1288,1426.4216,15.0193,1411.4023,9731276.301519088,120.46255044342828,119.1895509751702,1172.8226998321938,741.1737109749555,1.5823857247843265,6.023127522171414,6.023127522171414,0.4466551666887426,731.1048941348826,True,24230.378224618296,0.7071963187838537,0.6315858197011593,0.49937731014206593,True,24274.40670507325,0.7084813494594275,0.6304402607486298,1.4057198890044476,0.31774123008608113,0.24,0.006096,2.9186350796015867e-05,50.0,0.05
364,1422.2658,1411.5613,0.3233,290.5928,291.3579,246.7406,0.364,9907502.161078086,9833697.23163337,103553.73873754882,1436.9616999999998,1426.2572,15.0192,1411.2379999999998,9730143.492895821,120.45359965590593,119.18043662445224,1172.8189964279536,741.1727539631576,1.5823827712995673,6.022679982795297,6.022679982795297,0.44587217210755625,731.0233009045868,True,24227.969573764873,0.7071260190551006,0.630541318085501,0.49937775063459994,True,24271.96457951991,0.7084100727263398,0.6293984081728289,1.4055843222040216,0.3172148159766096,0.24,0.006096,2.9186350796015867e-05,50.0,0.05
365,1422.0989,1411.3972,0.3232,290.5831,291.3489,246.7331,0.365,9906351.426085858,9832565.801961562,103553.0492618195,1436.7948000000001,1426.0931,15.0191,1411.074,9729012.752699742,120.44471555654395,119.17139641799541,1172.8154860096756,741.1718176595344,1.5823800339753629,6.022235777827198,6.022235777827198,0.44508896524712327,730.9418473873525,True,24225.571553004767,0.70705602957998,0.6294960323180104,0.4993781588889789,True,24269.53276559294,0.7083390969519967,0.6283557792621554,1.405449341455589,0.31668801721886014,0.24,0.006096,2.9186350796015867e-05,50.0,0.05
366,1421.9322,1411.2333,0.3231,290.5735,291.34,246.7256,0.366,9905202.070045086,9831435.75124121,103552.3597860902,1436.6281,1425.9292,15.019,1410.9102,9727883.391455121,120.43579609729605,119.16232166094221,1172.8118338718796,741.1708677427118,1.5823771344976911,6.021789804864802,6.021789804864802,0.4455812407150006,730.8604993179579,True,24223.171528474122,0.7069859816221096,0.6302547041918122,0.4993785913282944,True,24267.09929443382,0.7082680728090947,0.629113831077773,1.4053142560057177,0.3170687544161565,0.24,0.006096,2.9186350796015867e-05,50.0,0.05
367,1421.7657,1411.0697,0.323,290.5639,291.3311,246.7181,0.367,9904054.092955774,9830307.768948048,103551.67031036087,1436.4615999999999,1425.7656,15.0189,1410.7467,9726756.098637687,120.42689230691538,119.15327083824563,1172.8082128895583,741.1699221102283,1.582374267901195,6.021344615345769,6.021344615345769,0.4445904796607465,730.779298446087,True,24220.77669743532,0.706916085243314,0.6289154949808825,0.49937901886437835,True,24264.671031891205,0.708197200686701,0.6277777986550227,1.4051794605328698,0.3163940921056088,0.24,0.006096,2.9186350796015867e-05,50.0,0.05
368,1421.5995,1410.9062,0.3229,290.5543,291.3222,246.7106,0.368,9902908.18429365,9829180.476130614,103550.98083463155,1436.2954000000002,1425.6020999999996,15.0188,1410.5832999999998,9725629.495295983,120.41801247810962,119.1442274244159,1172.8046010334922,741.168977819502,1.5823714107461027,6.020900623905481,6.020900623905481,0.4435995661888228,730.6981463198339,True,24218.383540900366,0.7068462377371749,0.6275757618925962,0.49937944499311826,True,24262.244454383785,0.7081263777443357,0.6264412400535959,1.4050447579890752,0.3157191709847808,0.24,0.006096,2.9186350796015867e-05,50.0,0.05
369,1421.4335,1410.7429,0.3229,290.5447,291.3133,246.7032,0.369,9901763.654582983,9828054.562264642,103550.98083463155,1436.1293999999998,1425.4388,15.0188,1410.42,9724503.58143001,120.40914832426782,119.13519968561411,1172.8010093298024,741.1680363430999,1.5823685747652667,6.020457416213391,6.020457416213391,0.44281575306240484,730.6170921685847,True,24215.993818620478,0.7067764904644092,0.6265286961815031,0.49937986796461176,True,24259.82132392949,0.7080556554088722,0.6253968168740881,1.4049101971141826,0.31519150047596634,0.24,0.006096,2.9186350796015867e-05,50.0,0.05
370,1421.2677,1410.5799,0.3228,290.5351,291.3044,246.6957,0.37,9900620.503823776,9826930.716825854,103550.29135890224,1435.9636,1425.2758,15.018699999999999,1410.2570999999998,9723380.425466951,120.40029984798711,119.12619588967178,1172.797448810377,741.1670991542306,1.5823657716980335,6.020014992399356,6.020014992399356,0.4420318100865188,730.5361852233658,True,24213.60929047046,0.7067068947893397,0.6254811058809365,0.49938028602797524,True,24257.403402655993,0.7079850851103867,0.6243518675504283,1.4047759760710017,0.3146635603228576,0.24,0.006096,2.9186350796015867e-05,50.0,0.05
371,1421.1021,1410.417,0.3227,290.5255,291.2955,246.6882,0.371,9899478.732016027,9825807.560862796,103549.60188317292,1435.798,1425.1128999999996,15.0186,1410.0942999999997,9722257.958979623,120.39146705186435,119.11719950859178,1172.793897437341,741.1661633093499,1.5823629780948825,6.019573352593218,6.019573352593218,0.44124773727389766,730.4553270297977,True,24211.226437277383,0.7066373480001511,0.6244330822913189,0.49938070268057017,True,24254.987166817657,0.7079145640036032,0.6233064831699828,1.404641847992968,0.3141354060498606,0.24,0.006096,2.9186350796015867e-05,50.0,0.05
372,1420.9367,1410.2544,0.3226,290.5159,291.2866,246.6808,0.372,9898338.339159736,9824686.473326929,103548.9124074436,1435.6326,1424.9503,15.0185,1409.9318,9721137.560919486,120.38264993849617,119.10822707603809,1172.7903772677573,741.1652317541301,1.5823602174269449,6.019132496924809,6.019132496924809,0.4417388223951093,730.3746160479183,True,24208.84877864027,0.7065679528210952,0.625189439503151,0.49938111442177147,True,24252.57614053679,0.7078441949447913,0.6240622237914418,1.4045080099769591,0.3145149897737899,0.24,0.006096,2.9186350796015867e-05,50.0,0.05
373,1420.7715,1410.092,0.3225,290.5064,291.2778,246.6733,0.373,9897199.325254906,9823566.76474252,103548.22293171429,1435.4674,1424.7879000000003,15.018400000000002,1409.7695,9720018.541810805,120.37379749896854,119.09922012792622,1172.7867153911975,741.1642865789672,1.582357294635031,6.018689874948428,6.018689874948428,0.4420223767792777,730.294010511842,True,24206.46912104262,0.7064984992996758,0.6256522515156608,0.49938155034383264,True,24250.163461429795,0.7077737776460163,0.6245249410756629,1.4043740675212384,0.3147468947211908,0.24,0.006096,2.9186350796015867e-05,50.0,0.05
374,1420.6066,1409.9298,0.3224,290.4969,291.2689,246.6659,0.374,9896062.379777264,9822448.435109565,103547.53345598497,1435.3025000000002,1424.6256999999998,15.0183,1409.6073999999999,9718900.90165358,120.364969043425,119.09027907072286,1172.7832356001186,741.1633606596724,1.5823545764003808,6.0182484521712505,6.0182484521712505,0.4397552049622391,730.213495501166,True,24204.09833305935,0.7064293046499331,0.6225041940752404,0.49938195575777916,True,24247.75933116715,0.7077036098568116,0.6213833006323283,1.4042406126099245,0.31316228929236645,0.24,0.006096,2.9186350796015867e-05,50.0,0.05
375,1420.4419,1409.7678,0.3223,290.4873,291.2601,246.6585,0.375,9894926.813251078,9821331.484428074,103546.84398025565,1435.1378,1424.4637,15.0182,1409.4455,9717784.640447818,120.35620729077006,119.08130350659275,1172.7796141078309,741.1624211192759,1.5823516960516464,6.017810364538503,6.017810364538503,0.43917779148659974,730.1330859367363,True,24201.72554724537,0.7063600516908024,0.621747776414234,0.4993823853511751,True,24245.353549111132,0.7076333938577858,0.6206289800603475,1.4041070533220719,0.31278084562535263,0.24,0.006096,2.9186350796015867e-05,50.0,0.05
376,1420.2773,1409.606,0.3222,290.4778,291.2512,246.651,0.376,9893791.936200622,9820215.912698038,103546.15450452633,1434.9732,1424.3019,15.0181,1409.2838,9716669.758193512,120.34740193176553,119.07239383436973,1172.7761747277673,741.1615008395115,1.582349020286897,6.017370096588277,6.017370096588277,0.4396681238135898,730.0527669068741,True,24199.361630641415,0.7062910575915469,0.6225027473983012,0.4993827844323381,True,24242.95631550811,0.707563427356908,0.6213833372591954,1.4039739815732932,0.3131597377046102,0.24,0.006096,2.9186350796015867e-05,50.0,0.05
377,1420.113,1409.4445,0.3221,290.4683,291.2424,246.6436,0.377,9892659.127577355,9819102.409395192,103545.46502879703,1434.8089,1424.1404,15.018,1409.1224,9715556.944366395,120.33862056581751,119.06345793214713,1172.7726046859575,741.1605684108988,1.5823461941593382,6.016931028290876,6.016931028290876,0.438675738062102,729.972602555195,True,24196.99747724248,0.7062220565811099,0.6211583650980461,0.4993832059403472,True,24240.559193299745,0.7074934641072338,0.6200421068421524,1.4038409040682134,0.3124825162102461,0.24,0.006096,2.9186350796015867e-05,50.0,0.05
378,1419.9489,1409.2831,0.322,290.4588,291.2336,246.6362,0.378,9891527.697905546,9817989.595568076,103544.7755530677,1434.6448,1423.979,15.0179,1408.9611,9714444.820015008,120.32985490224304,119.05452946335485,1172.7690438296997,741.1596373288178,1.5823433775433686,6.016492745112153,6.016492745112153,0.4376831790191318,729.8924869655724,True,24194.635000680253,0.7061531045114174,0.6198134317089236,0.4993836260304964,True,24238.163758221977,0.7074235500987449,0.6187003231063459,1.4037079196512556,0.31180502217859685,0.24,0.006096,2.9186350796015867e-05,50.0,0.05
379,1419.7851,1409.122,0.322,290.4493,291.2248,246.6288,0.379,9890398.336660925,9816878.850168146,103544.7755530677,1434.481,1423.8179,15.0179,1408.8,9713334.074615078,120.32111323865675,119.04562496744883,1172.7655142360682,741.1587105411661,1.5823405939326531,6.016055661932838,6.016055661932838,0.4381728612565894,729.8125186037905,True,24192.27772098328,0.7060843041192573,0.6205673440130489,0.49938404119875635,True,24235.773534777447,0.707353788198812,0.6194536151030474,1.4035751756391708,0.3121833934239047,0.24,0.006096,2.9186350796015867e-05,50.0,0.05
380,1419.6214,1408.961,0.3219,290.4399,291.216,246.6214,0.38,9889269.664892033,9815768.794243945,103544.08607733838,1434.3173,1423.6569,15.0178,1408.6390999999999,9712224.708166607,120.31232798779277,119.03672790893044,1172.761993841297,741.1577851015222,1.5823378198485152,6.015616399389639,6.015616399389639,0.4375947461708165,729.7325990080441,True,24189.922118422044,0.706015552676569,0.619808932695399,0.49938445494689276,True,24233.384998727397,0.7072840755477663,0.6186972975913744,1.4034425745525996,0.3118009629359551,0.24,0.006096,2.9186350796015867e-05,50.0,0.05
381,1419.4579,1408.8003,0.3218,290.4304,291.2072,246.6141,0.381,9888142.3720746,9814660.806746934,103543.39660160907,1434.1537999999998,1423.4962,15.0177,1408.4785,9711117.410145324,120.30360944880992,119.02785482890741,1172.7585047281664,741.1568639584176,1.5823350787910448,6.0151804724404965,6.0151804724404965,0.43660164803213775,729.6528266457356,True,24187.571713147594,0.7059469529237161,0.6184624017766905,0.4993848637699057,True,24231.001674683197,0.7072145150161517,0.6173539127971185,1.4033102637190973,0.3111226785123357,0.24,0.006096,2.9186350796015867e-05,50.0,0.05
382,1419.2947,1408.6398,0.3217,290.421,291.1984,246.6067,0.382,9887017.147684354,9813554.198201379,103542.70712587975,1433.9905999999999,1423.3356999999999,15.0176,1408.3180999999997,9710011.491075499,120.2948639218715,119.01899746061898,1172.7550358681178,741.1559456390098,1.5823323590246476,6.014743196093575,6.014743196093575,0.4356084799474047,729.5731522869386,True,24185.22474536979,0.7058784534988461,0.6171154223339907,0.4993852694181133,True,24228.62180059164,0.7071450551760653,0.6160100770823417,1.4031781445908584,0.3104441739109472,0.24,0.006096,2.9186350796015867e-05,50.0,0.05
383,1419.1317,1408.4795,0.3216,290.4115,291.1897,246.5993,0.383,9885893.302245568,9812448.968607284,103542.01765015043,1433.8275999999998,1423.1753999999999,15.0175,1408.1579,9708906.950957134,120.28618510961203,119.01010562431041,1172.7514253220174,741.155013691231,1.5823294771781597,6.014309255480602,6.014309255480602,0.4350299225170602,729.4935833726412,True,24182.875785073455,0.7058098959196315,0.6163556575673115,0.4993856992410467,True,24226.240279571946,0.7070755472681564,0.6152523930403668,1.4030459213760667,0.31006107204986955,0.24,0.006096,2.9186350796015867e-05,50.0,0.05
384,1418.9688,1408.3194,0.3215,290.4021,291.1809,246.592,0.384,9884770.146282513,9811345.11796465,103541.32817442113,1433.6647,1423.0153,15.017400000000002,1407.9979,9707803.789790228,120.27746272497082,119.00127968852028,1172.747996987033,741.1541010204203,1.5823268000168853,6.013873136248542,6.013873136248542,0.4355187012015449,729.4141050258576,True,24180.535693206428,0.7057415971775055,0.6171078804810833,0.49938609853621335,True,24223.86730621333,0.7070062888352822,0.6160039989446427,1.4029141857181977,0.31043858964088283,0.24,0.006096,2.9186350796015867e-05,50.0,0.05
385,1418.8062,1408.1595,0.3214,290.3927,291.1722,246.5846,0.385,9883649.058746643,9810242.646273471,103540.63869869181,1433.5021,1422.8554,15.0173,1407.8381,9706702.00757478,120.26876436156395,118.99241929324107,1172.7444269717148,741.1531747200937,1.5823239607853223,6.013438218078198,6.013438218078198,0.434524996183427,729.3347321240097,True,24178.193609936458,0.7056732403135947,0.6157594922974946,0.4993865220047082,True,24221.492686946687,0.706936982364359,0.6146587419010858,1.4027823460361928,0.3097593845625827,0.24,0.006096,2.9186350796015867e-05,50.0,0.05
386,1418.6438,1407.9998,0.3214,290.3833,291.1634,246.5773,0.386,9882529.350162232,9809141.553533753,103540.63869869181,1433.3397,1422.6957000000002,15.0173,1407.6784000000002,9705600.914835062,120.26008172512347,118.98362479948074,1172.7410391940136,741.1522677014545,1.582321326265453,6.013004086256174,6.013004086256174,0.4335311195045506,729.2554497987418,True,24175.86039469846,0.7056051422751758,0.614410374202573,0.4993869149413551,True,24219.126614955814,0.7068679253572246,0.6133127617658705,1.4026509440844868,0.3090798329640859,0.24,0.006096,2.9186350796015867e-05,50.0,0.05
387,1418.4817,1407.8403,0.3213,290.3739,291.1547,246.5699,0.387,9881411.71000501,9808041.839745492,103539.94922296249,1433.1776,1422.5362,15.0172,1407.5189999999998,9704501.890522528,120.25142311678377,118.97479585473238,1172.7375097416086,741.1513470521459,1.582318529685,6.012571155839189,6.012571155839189,0.432744568938233,729.1762729188474,True,24173.525189169934,0.7055369861474395,0.6133549019183527,0.4993873320499457,True,24216.75889807411,0.7067988203417296,0.6122598913351407,1.4025194879913327,0.3085479899876495,0.24,0.006096,2.9186350796015867e-05,50.0,0.05
388,1418.3197,1407.681,0.3212,290.3645,291.146,246.5626,0.388,9880294.759323517,9806943.50490869,103539.25974723317,1433.0156,1422.3769,15.0171,1407.3598,9703404.245161457,120.24277194236595,118.96598263975122,1172.734000580134,741.1504292289551,1.5823157544416058,6.012138597118298,6.012138597118298,0.43344000068009336,729.0971940524256,True,24171.193422969365,0.7054689304011355,0.6143998438508635,0.4993877459768675,True,24214.394632797048,0.7067298160659785,0.613303685265245,1.4023882237228966,0.309072761271089,0.24,0.006096,2.9186350796015867e-05,50.0,0.05
389,1418.1579,1407.522,0.3211,290.3552,291.1373,246.5553,0.389,9879179.18759348,9805847.238499075,103538.57027150385,1432.8537999999996,1422.2178999999996,15.017,1407.2008999999998,9702308.668227572,120.23408551675658,118.9571934301642,1172.73052276843,741.149515708087,1.5823130123049662,6.011704275837829,6.011704275837829,0.43244566940347795,729.0182624381783,True,24168.86685654907,0.7054010264174424,0.6130493906420333,0.4993881549666513,True,24212.03558176453,0.7066609639749977,0.6119563573611776,1.4022572498799708,0.308392535991876,0.24,0.006096,2.9186350796015867e-05,50.0,0.05
390,1417.9964,1407.3631,0.321,290.3458,291.1286,246.548,0.39,9878065.684290634,9804751.661565192,103537.88079577453,1432.6922999999997,1422.059,15.0169,1407.0421,9701213.780769417,120.2254741155898,118.94841168222761,1172.7270542142535,741.1486035399547,1.5823102797643371,6.011273705779491,6.011273705779491,0.43165861804618544,728.9393796061707,True,24166.541969568065,0.7053331714504537,0.6119925100906833,0.4993885625259085,True,24209.678220195856,0.7065921611933014,0.6109020758413102,1.4021263693060226,0.307859995714818,0.24,0.006096,2.9186350796015867e-05,50.0,0.05
391,1417.835,1407.2044,0.3209,290.3365,291.1199,246.5407,0.391,9876952.870463518,9803657.463582767,103537.19132004521,1432.5309,1421.9003,15.016799999999998,1406.8835000000001,9700120.272262722,120.21681917203472,118.93964567115918,1172.7236059750308,741.1476942006058,1.5823075685878214,6.010840958601737,6.010840958601737,0.43087149728035,728.8605947947007,True,24164.22052244876,0.7052654168804753,0.6109352407866213,0.49938896689941104,True,24207.32431070423,0.7065234591651366,0.6098474037783392,1.4019956805994105,0.3073272644435929,0.24,0.006096,2.9186350796015867e-05,50.0,0.05
392,1417.6739,1407.046,0.3208,290.3271,291.1112,246.5334,0.392,9875842.125063589,9802565.334027529,103536.5018443159,1432.3698,1421.7419,15.0167,1406.7251999999999,9699028.832183212,120.2082392556986,118.93090367381022,1172.7201891138332,741.1467891667164,1.5823048905498758,6.01041196278493,6.01041196278493,0.4298766620108836,728.7819572436969,True,24161.90427573564,0.705197814091376,0.609583089199965,0.49938936633097075,True,24204.97561601041,0.7064549093378901,0.6084983716990181,1.4018652823682032,0.3066462001860001,0.24,0.006096,2.9186350796015867e-05,50.0,0.05
393,1417.513,1406.8878,0.3208,290.3178,291.1025,246.5261,0.393,9874732.758615118,9801474.583423749,103536.5018443159,1432.2088999999999,1421.5837,15.0167,1406.5669999999998,9697938.081579432,120.19962410555428,118.92217741887858,1172.716792586422,741.1458869637013,1.5823022338972481,6.009981205277715,6.009981205277715,0.43036372357028085,728.7034177187534,True,24159.591469302035,0.7051303117114815,0.6103321845939491,0.4993897625735737,True,24202.630373762753,0.7063864602749483,0.6092468468361772,1.4017350262093526,0.30702216576130914,0.24,0.006096,2.9186350796015867e-05,50.0,0.05
394,1417.3523,1406.7297,0.3207,290.3085,291.0939,246.5188,0.394,9873624.771118106,9800384.5222957,103535.81236858659,1432.0482,1421.4256,15.0166,1406.409,9696848.709927114,120.19102470675578,118.91340847180844,1172.7132433385652,741.144969647304,1.5822994034441547,6.009551235337789,6.009551235337789,0.429783645543921,728.6249343989144,True,24157.274916835268,0.7050626999985492,0.6095679796205435,0.4993901847394501,True,24200.281728298614,0.7063179118845365,0.6084847040013602,1.4016046175722017,0.30663686474461926,0.24,0.006096,2.9186350796015867e-05,50.0,0.05
395,1417.1917,1406.5719,0.3206,290.2992,291.0852,246.5116,0.395,9872517.473096823,9799296.529594837,103535.12289285727,1431.8876,1421.2677999999999,15.0165,1406.2513,9695761.40670198,120.18243275973254,118.90471371022439,1172.7098874960193,741.1440731070721,1.5822967895833113,6.0091216379866275,6.0091216379866275,0.4289958997651411,728.5465909305993,True,24154.968991835776,0.7049953984626047,0.6085087941008688,0.4993905746009853,True,24197.943391733777,0.7062496643732761,0.6074281113405283,1.401474795098472,0.3061031859192291,0.24,0.006096,2.9186350796015867e-05,50.0,0.05
396,1417.0314,1406.4143,0.3205,290.2899,291.0766,246.5043,0.396,9871412.243502729,9798209.915845433,103534.43341712796,1431.7273,1421.1101999999998,15.0164,1406.0937999999996,9694675.482428305,120.17386487076517,118.89598454021782,1172.7063899965365,741.1431629284241,1.5822940137002797,6.008693243538259,6.008693243538259,0.42906722927500596,728.4683529061956,True,24152.661082329916,0.7049280390061612,0.6086681271466006,0.4993909886291086,True,24195.603415575373,0.7061813690082626,0.6075878635506535,1.4013448689794652,0.306182467123511,0.24,0.006096,2.9186350796015867e-05,50.0,0.05
397,1416.8714,1406.2568,0.3204,290.2807,291.0679,246.4971,0.397,9870309.08233582,9797123.991571762,103533.74394139863,1431.5672999999997,1420.9527,15.0163,1405.9364000000003,9693590.247630363,120.16527007056155,118.88731300530364,1172.7030638100935,741.1422705781056,1.582291430895396,6.008263503528077,6.008263503528077,0.42827917018303197,728.3901562647101,True,24150.36027898893,0.7048608869527385,0.6076080799923126,0.49939137385993154,True,24193.270222651925,0.706113271621124,0.6065304072245674,1.401215331816662,0.3056483614319094,0.24,0.006096,2.9186350796015867e-05,50.0,0.05
398,1416.7115,1406.0996,0.3204,290.2714,291.0593,246.4898,0.398,9869206.610644642,9796040.135725275,103533.74394139863,1431.4073999999998,1420.7955,15.0163,1405.7792,9692506.391783876,120.15673370395785,118.87861534646517,1172.6996070329426,741.1413660646401,1.5822886978496666,6.007836685197893,6.007836685197893,0.42642423107963623,728.3121143067431,True,24148.05925272544,0.7047937283930215,0.6050340885579573,0.4993917815001934,True,24190.937153808336,0.7060451778554238,0.6039616790173089,1.4010857398404475,0.3043527023037123,0.24,0.006096,2.9186350796015867e-05,50.0,0.05
399,1416.5518,1405.9426,0.3203,290.2621,291.0507,246.4826,0.399,9868105.517904924,9794957.658830248,103533.05446566931,1431.2477,1420.6385,15.0162,1405.6223,9691424.604364578,120.14821310131835,118.86993344786045,1172.6961706270308,741.1404643844469,1.5822859862347576,6.007410655065918,6.007410655065918,0.4269101804056845,728.234170384657,True,24145.76166854962,0.7047266702952827,0.6057812175986015,0.499392185944707,True,24188.60753904245,0.705977184901647,0.6047081825528957,1.4009563897149009,0.30472767285251623,0.24,0.006096,2.9186350796015867e-05,50.0,0.05
400,1416.3923,1405.7858,0.3202,290.2529,291.0421,246.4753,0.4,9867005.804116664,9793876.56088668,103532.36498994,1431.0882,1420.4817,15.0161,1405.4656,9690344.19589674,120.13965729674163,118.8612673118316,1172.6927546002923,741.1395655384066,1.5822832960596032,6.006982864837082,6.006982864837082,0.42718830778130723,728.1563245007602,True,24143.46752663698,0.7046597126646444,0.6062334771004725,0.499392587192123,True,24186.281378510117,0.7059092927643424,0.6051603402307353,1.4008272316219699,0.3049543142352255,0.24,0.006096,2.9186350796015867e-05,50.0,0.05
401,1416.2331,1405.6292,0.3201,290.2437,291.0335,246.4681,0.401,9865908.158755591,9792796.841894569,103531.67551421068,1430.9289999999999,1420.3251,15.016,1405.3091000000002,9689265.166380359,120.1311255690071,118.85261694072064,1172.6893589606593,741.1386695273997,1.5822806273331356,6.006556278450355,6.006556278450355,0.4263996276108628,728.0785766573941,True,24141.17682716422,0.7045928555062643,0.6051716594606767,0.49939298524109227,True,24183.958672367236,0.7058415014480603,0.6041011002273002,1.4006982655757028,0.3044193300515067,0.24,0.006096,2.9186350796015867e-05,50.0,0.05
402,1416.074,1405.4728,0.32,290.2345,291.0249,246.4609,0.402,9864811.20287025,9791718.501853917,103530.98603848137,1430.7699,1420.1687,15.0159,1405.1527999999998,9688187.515815435,120.1226013116372,118.84398233686913,1172.6859837160644,741.137776352307,1.5822779800642852,6.006130065581861,6.006130065581861,0.42561080070663593,728.0009268568833,True,24138.889570307732,0.7045260988252902,0.6041093458656664,0.49939338009026657,True,24181.639420769785,0.7057738109573529,0.6030413626843316,1.4005694915901448,0.30388410090485135,0.24,0.006096,2.9186350796015867e-05,50.0,0.05
403,1415.9152,1405.3166,0.3199,290.2253,291.0163,246.4537,0.403,9863716.315412093,9790641.540764725,103530.29656275205,1430.6110999999999,1420.0125,15.015799999999999,1404.9967000000001,9687111.244201973,120.11410113697883,118.83536350261853,1172.6826288744371,741.1368860140088,1.5822753542619807,6.005705056848942,6.005705056848942,0.42482187035739116,727.9233751015486,True,24136.605756243967,0.7044594426268723,0.6030465980742123,0.49939377173829774,True,24179.323623873803,0.7057062212967744,0.60198118925005,1.400440909679341,0.3033486578556625,0.24,0.006096,2.9186350796015867e-05,50.0,0.05
404,1415.7565,1405.1606,0.3199,290.2161,291.0077,246.4465,0.404,9862622.117429668,9789565.95862699,103530.29656275205,1430.4524,1419.8564999999999,15.015799999999999,1404.8407,9686035.662064238,120.10560843682289,118.82676044030988,1172.6792944437077,741.1359985133854,1.58227274993515,6.005280421841145,6.005280421841145,0.42403279330619625,727.8459213937119,True,24134.32538514965,0.7043928869161684,0.6019833550032164,0.499394160183838,True,24177.011281835417,0.7056387324708817,0.6009205189479788,1.4003124700184986,0.302812980948884,0.24,0.006096,2.9186350796015867e-05,50.0,0.05
405,1415.5981,1405.0048,0.3198,290.2069,290.9992,246.4393,0.405,9861529.98787443,9788491.755440714,103529.60708702274,1430.2939999999999,1419.7006999999999,15.0157,1404.6849999999997,9684962.14835369,120.09713982524657,118.81812301083902,1172.675818370655,741.1350973663381,1.5822699836208258,6.004856991262329,6.004856991262329,0.4230359410926212,727.7685731275932,True,24132.043035204122,0.704326273450019,0.600624961809892,0.49939457279116056,True,24174.697305385012,0.7055711959424665,0.5995652083381197,1.4001839768584143,0.3021288259859856,0.24,0.006096,2.9186350796015867e-05,50.0,0.05
406,1415.4399,1404.8492,0.3197,290.1977,290.9906,246.4321,0.406,9860439.237270651,9787418.931205899,103528.91761129341,1430.1358,1419.5451,15.0156,1404.5295,9683890.013594605,120.0886869991792,118.80955150123116,1172.6725247802387,741.1342155422459,1.5822674222674509,6.00443434995896,6.00443434995896,0.42224660312922424,727.6913155195957,True,24129.769550943027,0.7042599187408455,0.5995607472368495,0.49939495482835844,True,24172.391873869386,0.7055039088095152,0.5985035629947588,1.4000559712714225,0.3015926590033201,0.24,0.006096,2.9186350796015867e-05,50.0,0.05
407,1415.2819,1404.6938,0.3196,290.1885,290.9821,246.4249,0.407,9859349.865618331,9786347.48592254,103528.2281355641,1429.9778000000001,1419.3897000000002,15.015500000000001,1404.3742000000002,9682819.257786976,120.08024996112141,118.80094563276721,1172.669089553046,741.133320070606,1.582264698936122,6.0040124980560705,6.0040124980560705,0.4229387310151651,727.6141633537696,True,24127.494088916377,0.7041935063079127,0.6006001578069547,0.4993953610259772,True,24170.084808934294,0.7054365740030104,0.5995418250221887,1.3999278624080773,0.3021146605994752,0.24,0.006096,2.9186350796015867e-05,50.0,0.05
408,1415.124,1404.5386,0.3196,290.1794,290.9736,246.4178,0.408,9858261.18344174,9785277.419590639,103528.2281355641,1429.8199,1419.2345,15.015500000000001,1404.219,9681749.191455076,120.07176944993861,118.79235554921024,1172.6656747580882,741.1324274372703,1.582261997107586,6.003588472496931,6.003588472496931,0.42214911569590186,727.5371092405167,True,24125.222071295477,0.7041271944046144,0.5995353098851076,0.4993957640170578,True,24167.781200159534,0.7053693400692135,0.5984795364857778,1.399799895879581,0.30157818766705896,0.24,0.006096,2.9186350796015867e-05,50.0,0.05
409,1414.9664,1404.3837,0.3195,290.1702,290.965,246.4106,0.409,9857174.569692336,9784209.421685928,103527.53865983478,1429.6623,1419.0796,15.0154,1404.0642,9680681.883026093,120.06336399649355,118.78383966838534,1172.6624535635697,741.1315556122531,1.5822595120711416,6.003168199824678,6.003168199824678,0.4211516048503654,727.4601950428589,True,24122.960679660384,0.7040611926350653,0.5981747172772526,0.49939613467314575,True,24165.48789877793,0.7053024069706091,0.5971220297677439,1.3996725653932502,0.3008929482961175,0.24,0.006096,2.9186350796015867e-05,50.0,0.05
410,1414.809,1404.2289,0.3194,290.1611,290.9565,246.4035,0.41,9856089.33489439,9783142.113256946,103526.84918410546,1429.5049,1418.9248000000002,15.0153,1403.9095000000002,9679615.264072841,120.05492338574459,118.77528116017874,1172.6590796631285,741.1306686597285,1.5822568532803836,6.00274616928723,6.00274616928723,0.4216355105841103,727.3833370441341,True,24120.695551037577,0.703995081796482,0.5989182616278574,0.499396531246249,True,24163.191202472983,0.7052353747865809,0.5978649478717741,1.3995450330891808,0.3012661262163496,0.24,0.006096,2.9186350796015867e-05,50.0,0.05
411,1414.6518,1404.0743,0.3193,290.152,290.948,246.3963,0.411,9855005.479047906,9782076.18377942,103526.15970837614,1429.3477,1418.7702,15.0152,1403.7549999999997,9678550.024071043,120.04649857607019,118.76673844383896,1172.6557262185233,741.129784548129,1.5822542160189907,6.00232492880351,6.00232492880351,0.42084539491952455,727.3065771048929,True,24118.433867344378,0.7039290715028227,0.5978519881570724,0.4993969246088014,True,24160.897962791612,0.7051684434887812,0.5968012306923657,1.3994176930043398,0.3007289367737181,0.24,0.006096,2.9186350796015867e-05,50.0,0.05
412,1414.4948,1403.9199,0.3192,290.1429,290.9395,246.3892,0.412,9853923.002152879,9781011.633253356,103525.47023264684,1429.1907,1418.6158,15.0151,1403.6007,9677486.16302071,120.0380895699478,118.75821152168292,1172.6523932376115,741.1289032783275,1.582251600295809,6.001904478497391,6.001904478497391,0.42005515538676264,727.2299152274263,True,24116.17562875506,0.7038631617591737,0.5967852534531196,0.4993973147594675,True,24158.608179888164,0.7051016130817144,0.595737050651283,1.3992905451526203,0.30019151979687486,0.24,0.006096,2.9186350796015867e-05,50.0,0.05
413,1414.338,1403.7657,0.3192,290.1338,290.931,246.3821,0.413,9852841.90420931,9779948.461678749,103525.47023264684,1429.0339000000001,1418.4615999999999,15.0151,1403.4464999999998,9676422.991446102,120.02969636985472,118.74970039602734,1172.64908072825,741.1280248511962,1.5822490061196846,6.001484818492736,6.001484818492736,0.41926479199446476,727.1533514140314,True,24113.920835444278,0.7037973525706327,0.5957180578515853,0.4993977016969114,True,24156.321853916976,0.7050348835698852,0.5946724080822108,1.3991635397004984,0.2996538861241421,0.24,0.006096,2.9186350796015867e-05,50.0,0.05
414,1414.1814,1403.6117,0.3191,290.1247,290.9226,246.3749,0.414,9851762.1852172,9778886.669055602,103524.78075691752,1428.8773,1418.3075999999999,15.015,1403.2926,9675361.888298685,120.02131897826803,118.74115494403385,1172.645626591121,741.1271327697242,1.5822462499905183,6.001065948913402,6.001065948913402,0.41847430475445435,727.0768930402361,True,24111.66406887405,0.7037314857898493,0.5946505353313416,0.49939811279136326,True,24154.03389865732,0.7049681065050712,0.5936074283261835,1.3990364810625295,0.2991160776855759,0.24,0.006096,2.9186350796015867e-05,50.0,0.05
415,1414.025,1403.458,0.319,290.1156,290.9141,246.3678,0.415,9850683.845176548,9777826.944859643,103524.0912811882,1428.7208999999998,1418.1539,15.0149,1403.139,9674302.853578454,120.01295739766454,118.73268370384689,1172.6423661303158,741.1262615084587,1.5822437107323206,6.0006478698832275,6.0006478698832275,0.41874950218561935,727.0005746064414,True,24109.417928058574,0.7036659291360716,0.5950970266526057,0.4993984915387571,True,24151.75625052178,0.7049016302675976,0.5940538143267622,1.3989100086575244,0.2993398428734353,0.24,0.006096,2.9186350796015867e-05,50.0,0.05
416,1413.8689,1403.3044,0.3189,290.1066,290.9056,246.3607,0.416,9849607.573563084,9776767.910139412,103523.40180545888,1428.5647999999999,1418.0003,15.0148,1402.9855,9673244.508333953,120.00456899818062,118.72421998376078,1172.6391150789045,741.1253916132831,1.5822411812477528,6.000228449909031,6.000228449909031,0.41795871865497247,726.9243049973227,True,24107.17347202152,0.703600421654828,0.5940285221432322,0.49939886882896456,True,24149.480296635265,0.7048352034790701,0.5929878595619602,1.3987836298946439,0.2988015513782164,0.24,0.006096,2.9186350796015867e-05,50.0,0.05
417,1413.7129,1403.151,0.3189,290.0975,290.8972,246.3536,0.417,9848531.99142535,9775710.25437064,103523.40180545888,1428.4088,1417.8469,15.0148,1402.8321,9672186.85256518,119.99623904891835,118.71572194964038,1172.635722407893,741.1245080620894,1.5822384898242399,5.999811952445918,5.999811952445918,0.4173755135002466,726.848140828479,True,24104.92704433239,0.7035348566282551,0.593254917745726,0.4993992702741665,True,24147.202714930336,0.7047687291804635,0.5922162777931271,1.3986570983382804,0.2984116078173292,0.24,0.006096,2.9186350796015867e-05,50.0,0.05
418,1413.5571,1402.9978,0.3188,290.0885,290.8887,246.3465,0.418,9847457.788239075,9774653.977553327,103522.71232972956,1428.253,1417.6937,15.0147,1402.6789999999999,9671131.265223596,119.98787397764059,118.70728984514085,1172.6325123649701,741.1236438586524,1.5822360035090386,5.99939369888203,5.99939369888203,0.41785796544172626,726.7720673660139,True,24102.689480782105,0.7034695503135481,0.5939958101320519,0.4993996411266054,True,24144.933676630928,0.7047025042326874,0.5929565496531182,1.398531104209307,0.2987834622941563,0.24,0.006096,2.9186350796015867e-05,50.0,0.05
419,1413.4015,1402.8448,0.3187,290.0795,290.8803,246.3395,0.419,9846384.964004258,9773599.079687472,103522.02285400024,1428.0973999999999,1417.5407000000002,15.0146,1402.5261,9670077.056833472,119.97952473030068,118.6988234347885,1172.6291607078708,741.1227659980796,1.5822333552642605,5.998976236515034,5.998976236515034,0.4155854527707561,726.696099344266,True,24100.44994664852,0.7034041864847056,0.5908202719799882,0.4994000361327005,True,24142.663011490728,0.7046362318033652,0.5897872320688852,1.3984050071979142,0.297185329451512,0.24,0.006096,2.9186350796015867e-05,50.0,0.05
420,1413.2462,1402.6921,0.3186,290.0704,290.8719,246.3324,0.42,9845314.208196629,9772546.250248805,103521.33337827094,1427.9421,1417.388,15.014500000000002,1402.3735000000001,9669024.916870534,119.97125055952976,118.6903811263881,1172.6258406608654,741.1218924635236,1.5822307404292195,5.998562527976489,5.998562527976489,0.4147940997668229,726.6202786470419,True,24098.215620933526,0.7033389746705953,0.5897499139175236,0.4994004261561376,True,24140.39756833319,0.7045701117846609,0.5887194089402379,1.3982792012232597,0.296646120033787,0.24,0.006096,2.9186350796015867e-05,50.0,0.05
421,1413.091,1402.5395,0.3186,290.0614,290.8635,246.3253,0.421,9844244.141864728,9771494.110285867,103521.33337827094,1427.7868999999998,1417.2354,15.014500000000002,1402.2209,9667972.776907597,119.96293296631002,118.68194635118478,1172.6225300452254,741.1210202957769,1.5822281353958074,5.998146648315501,5.998146648315501,0.415483878357918,726.5445067798327,True,24095.982981438116,0.7032738120710811,0.590785368694952,0.4994008147182372,True,24138.133820731073,0.7045040412530319,0.5897537189693586,1.39815343912519,0.2971661526776932,0.24,0.006096,2.9186350796015867e-05,50.0,0.05
422,1412.936,1402.3871,0.3185,290.0524,290.8551,246.3183,0.422,9843175.454484288,9770443.349274388,103520.64390254162,1427.6318999999999,1417.0829999999999,15.0144,1402.0685999999998,9666922.705371846,119.95463120439544,118.67352739679689,1172.619239961306,741.1201509756643,1.5822255519804516,5.997731560219773,5.997731560219773,0.41596556992863043,726.4688329930988,True,24093.753789505714,0.7032087500933504,0.5915250199509198,0.49940120005647026,True,24135.8735321139,0.7044380716765508,0.5904927440089082,1.3980279192847194,0.297537384046989,0.24,0.006096,2.9186350796015867e-05,50.0,0.05
423,1412.7812,1402.2349,0.3184,290.0435,290.8467,246.3112,0.423,9842108.146055305,9769393.967214368,103519.9544268123,1427.4770999999998,1416.9308,15.0143,1401.9165,9665874.012787556,119.94629434351286,118.66512426551641,1172.6159704168901,741.1192845040503,1.5822229901919138,5.997314717175644,5.997314717175644,0.4149659190566126,726.393257289118,True,24091.528045309362,0.7031437887424535,0.5901579814830814,0.49940158216951447,True,24133.61670263439,0.7043722030596751,0.5891287550162685,1.3979025918615595,0.2968489517599439,0.24,0.006096,2.9186350796015867e-05,50.0,0.05
424,1412.6267,1402.0829,0.3183,290.0345,290.8383,246.3042,0.424,9841042.906053511,9768345.964105807,103519.26495108298,1427.3226,1416.7788,15.0142,1401.7646,9664826.699154723,119.93803256763319,118.65673695963486,1172.6127214197588,741.1184208817994,1.5822204500389532,5.99690162838166,5.99690162838166,0.4129006807343103,726.3177796701428,True,24089.30574902152,0.7030789280234239,0.5872750046642758,0.4994019610560468,True,24131.363332445282,0.7043064354068624,0.5862514666585242,1.3977774568694423,0.2953980111104888,0.24,0.006096,2.9186350796015867e-05,50.0,0.05
425,1412.4723,1401.9311,0.3183,290.0255,290.8299,246.2971,0.425,9839978.355527446,9767299.339948704,103519.26495108298,1427.1681999999998,1416.6270000000002,15.0142,1401.6127999999999,9663780.07499762,119.92977831628349,118.64836548144342,1172.6094929776912,741.1175601097758,1.5822179315303255,5.996488915814175,5.996488915814175,0.413589743484863,726.242400138432,True,24087.08690081499,0.7030141679413049,0.5883092579713043,0.49940233671474554,True,24129.113421699414,0.7042407687225738,0.5872845791576021,1.3976524644633754,0.29591744299872114,0.24,0.006096,2.9186350796015867e-05,50.0,0.05
426,1412.3181,1401.7795,0.3182,290.0166,290.8216,246.2901,0.426,9838915.18395284,9766254.09474306,103518.57547535366,1427.0140000000001,1416.4754,15.0141,1401.4613,9662735.519267706,119.9214889778938,118.63995972944872,1172.606122930298,741.1166856739035,1.5822152511166816,5.99607444889469,5.99607444889469,0.41258969405589596,726.1671260449389,True,24084.866086464015,0.7029493504746046,0.5869408568018892,0.49940273652373457,True,24126.86188818257,0.7041750546755223,0.5859192132927993,1.3975274192731644,0.2952283356776488,0.24,0.006096,2.9186350796015867e-05,50.0,0.05
427,1412.1642,1401.6281,0.3181,290.0076,290.8132,246.2831,0.427,9837854.08080542,9765210.228488874,103517.88599962434,1426.8600999999999,1416.3239999999998,15.014,1401.31,9661692.34248925,119.91327472852124,118.63161991525268,1172.6029356165188,741.1158306034977,1.5822127759187887,5.995663736426063,5.995663736426063,0.41179733123453843,726.0919426924967,True,24082.654135293375,0.7028847916917946,0.5858674651977759,0.4994031057234709,True,24124.61889711142,0.7041095899512874,0.5848483490517832,1.3974028616714231,0.2946876255441403,0.24,0.006096,2.9186350796015867e-05,50.0,0.05
428,1412.0104,1401.4769,0.3181,289.9987,290.8049,246.2761,0.428,9836793.667133732,9764167.741186146,103517.88599962434,1426.7063,1416.1727999999998,15.014,1401.1588,9660649.855186522,119.90501708464443,118.62324583535498,1172.5996067028473,741.1149618681465,1.5822101388252194,5.995250854232221,5.995250854232221,0.41248590714303646,726.0168647787202,True,24080.440219035634,0.7028201755552632,0.5869010615939588,0.49940349907216325,True,24122.374284236394,0.7040440778925156,0.5858807993638284,1.3972781516254695,0.29520672506271345,0.24,0.006096,2.9186350796015867e-05,50.0,0.05
429,1411.8568,1401.3259,0.318,289.9898,290.7965,246.2691,0.429,9835734.6324135,9763126.632834878,103517.19652389502,1426.5527,1416.0218,15.013899999999998,1401.0078999999998,9659609.436310982,119.89677529223553,118.61493769428652,1172.596460548377,741.1141125028049,1.5822077069729787,5.994838764611777,5.994838764611777,0.4114853462174324,725.9418776145459,True,24078.235165589434,0.7027558180918584,0.585531041684875,0.49940386180766594,True,24120.13821344902,0.7039788151461105,0.584513819683663,1.3971539790240461,0.29451681947387587,0.24,0.006096,2.9186350796015867e-05,50.0,0.05
430,1411.7035,1401.1751,0.3179,289.9809,290.7882,246.2621,0.43,9834677.666120458,9762086.903435068,103516.50704816572,1426.3994,1415.8709999999999,15.0138,1400.8572,9658570.396386903,119.88855767079572,118.6065952955876,1172.593172799356,741.1132494714113,1.582205113234302,5.994427883539786,5.994427883539786,0.4106925801761463,725.8669958894876,True,24076.02814811025,0.7026914033054981,0.5844565313368377,0.49940424869080385,True,24117.900521821866,0.7039135050933071,0.5834418251738288,1.397029703898989,0.29397555329706937,0.24,0.006096,2.9186350796015867e-05,50.0,0.05
431,1411.5503,1401.0245,0.3178,289.972,290.7799,246.2551,0.431,9833621.389303146,9761048.552986717,103515.8175724364,1426.2462,1415.7204,15.0137,1400.7066999999997,9657532.73541428,119.88034758902847,118.59826874178226,1172.589905641762,741.1123892925852,1.5822025411841185,5.994017379451424,5.994017379451424,0.4101076195111091,725.7922122611479,True,24073.82458045516,0.7026270892069137,0.5836774952329488,0.4994046323395155,True,24115.6662912111,0.703848296054942,0.5826647898556485,1.3969056213324667,0.29358291157846417,0.24,0.006096,2.9186350796015867e-05,50.0,0.05
432,1411.3973,1400.874,0.3178,289.9631,290.7716,246.2481,0.432,9832566.491437292,9760010.892014096,103515.8175724364,1426.0932,1415.5699,15.0137,1400.5561999999998,9656495.074441658,119.87215336601527,118.58994974470596,1172.5866479730446,741.1115304852545,1.5821999790035313,5.993607668300764,5.993607668300764,0.40910666287481945,725.7174774785703,True,24071.622701243836,0.7025628243878417,0.5823061634826509,0.499405014516704,True,24113.433758154337,0.7037831365619837,0.5812964841319249,1.3967815827841976,0.2928923662204575,0.24,0.006096,2.9186350796015867e-05,50.0,0.05
433,1411.2446,1400.7238,0.3177,289.9542,290.7633,246.2411,0.433,9831513.661998624,9758975.29946866,103515.12809670708,1425.9405,1415.4196999999997,15.0136,1400.4060999999997,9655460.171371954,119.86398332251349,118.58165488709933,1172.583422020076,741.1106760139828,1.5821974503548406,5.993199166125675,5.993199166125675,0.4095864323303431,725.6428900500038,True,24069.4260337198,0.7024987116789029,0.5830422540583338,0.49940539169286285,True,24111.2064500035,0.7037181295649626,0.5820319459206611,1.3966578853722416,0.29326181924729466,0.24,0.006096,2.9186350796015867e-05,50.0,0.05
434,1411.092,1400.5738,0.3176,289.9454,290.755,246.2342,0.434,9830461.522035686,9757941.085874686,103514.43862097777,1425.7879,1415.2696999999998,15.0135,1400.2562,9654426.647253709,119.85576990872205,118.57337588118725,1172.5802166816536,741.1098243978479,1.5821949434206672,5.992788495436103,5.992788495436103,0.4090011016783137,725.5684007248618,True,24067.23281653179,0.7024346996726818,0.5822620976282902,0.4994057656306657,True,24108.982603322052,0.7036532235956012,0.5812537880354713,1.3965343805595576,0.29286862348096065,0.24,0.006096,2.9186350796015867e-05,50.0,0.05
435,1410.9396,1400.424,0.3176,289.9365,290.7467,246.2272,0.435,9829410.761024207,9756908.25123217,103514.43862097777,1425.6354999999999,1415.1199,15.0135,1400.1064,9653393.812611192,119.84762327844636,118.56511272923595,1172.5770319654832,741.1089756377063,1.5821924582096838,5.992381163922318,5.992381163922318,0.408207626571766,725.4940095053782,True,24065.043049850774,0.7023707883741682,0.5811853700759333,0.4994061363288037,True,24106.762218261145,0.7035884186583113,0.5801795705366873,1.3964110184916878,0.29232627153908114,0.24,0.006096,2.9186350796015867e-05,50.0,0.05
436,1410.7874,1400.2743,0.3175,289.9277,290.7384,246.2203,0.436,9828361.378964188,9755876.106065383,103513.74914524845,1425.4833,1414.9702,15.0134,1399.9568,9652362.356920134,119.83944160365918,118.55685714152064,1172.5738567636085,741.108128251884,1.582189982896909,5.9919720801829595,5.9919720801829595,0.4072061062497596,725.4196671390694,True,24062.85497218085,0.7023069263717249,0.5798121746477394,0.49940650555109856,True,24104.54353125581,0.7035236632810672,0.5788093954802417,1.3962878002194619,0.2916347949081535,0.24,0.006096,2.9186350796015867e-05,50.0,0.05
437,1410.6355,1400.1249,0.3174,289.9188,290.7301,246.2133,0.437,9827314.065331355,9754846.029325783,103513.05966951912,1425.3313999999998,1414.8208,15.0133,1399.8075,9651332.969656264,119.83133503419636,118.54862570389915,1172.5707133137005,741.1072852061467,1.5821875411567945,5.991566751709819,5.991566751709819,0.4064123795319574,725.3454721372033,True,24060.672106997914,0.7022432165027553,0.5787345039172234,0.49940686976620974,True,24102.330069864023,0.703459060420413,0.5777342313127227,1.3961648732827854,0.2910919672233015,0.24,0.006096,2.9186350796015867e-05,50.0,0.05
438,1410.4837,1399.9756,0.3173,289.91,290.7219,246.2064,0.438,9826267.441174252,9753816.642061913,103512.37019378981,1425.1796,1414.6715,15.0132,1399.6582999999998,9650304.271868123,119.82318510847792,118.5403517514732,1172.5674171621224,741.1064270043236,1.5821849257222562,5.991159255423896,5.991159255423896,0.40709931842093283,725.2713333167789,True,24058.48552095419,0.7021793980354375,0.5797653983581947,0.4994072598905834,True,24100.11322835427,0.7033943589064501,0.5787639796455578,1.3960417453863523,0.2916097027659218,0.24,0.006096,2.9186350796015867e-05,50.0,0.05
439,1410.3321,1399.8266,0.3173,289.9012,290.7136,246.1995,0.439,9825222.19596861,9752789.323225232,103512.37019378981,1425.0280000000002,1414.5225,15.0132,1399.5093,9649276.953031441,119.81505106145954,118.5321520389485,1172.5643150041199,741.1055896749962,1.5821825274834795,5.990752553072977,5.990752553072977,0.40630532331124414,725.1973345394073,True,24056.30955830126,0.70211588962613,0.5786869793355592,0.4994076176181036,True,24097.90669156051,0.7033299581495432,0.5776880660397731,1.3959191539118279,0.2910665149716171,0.24,0.006096,2.9186350796015867e-05,50.0,0.05
440,1410.1807,1399.6777,0.3172,289.8924,290.7054,246.1925,0.44,9824178.329714421,9751762.693864278,103511.6807180605,1424.8765999999998,1414.3736,15.0131,1399.3605,9648251.013146218,119.80693289554546,118.52390981882387,1172.561060147076,741.1047371881934,1.5821799555564304,5.990346644777273,5.990346644777273,0.4055112079927312,725.1233919431842,True,24054.129875771487,0.7020522726471922,0.5776082833030239,0.4994080012540318,True,24095.69677555015,0.7032654587656351,0.5766118653182266,1.395796411402112,0.29052317707665204,0.24,0.006096,2.9186350796015867e-05,50.0,0.05
441,1410.0295,1399.529,0.3171,289.8836,290.6972,246.1856,0.441,9823135.842411695,9750737.443454785,103510.99124233118,1424.7253999999998,1414.2249,15.013,1399.2119,9647226.452212455,119.79883061313981,118.51568346890461,1172.5578259456533,741.1038875594119,1.5821774053933204,5.989941530656991,5.989941530656991,0.40471697247767224,725.0495474612027,True,24051.95364541404,0.7019887564245668,0.5765291377870689,0.49940838164421686,True,24093.490322664707,0.7032010604577057,0.5755352135195111,1.395673861613128,0.2899796174515284,0.24,0.006096,2.9186350796015867e-05,50.0,0.05
442,1409.8785,1399.3806,0.3171,289.8748,290.6889,246.1787,0.442,9822094.734060427,9749714.261472479,103510.99124233118,1424.5744,1414.0765,15.013,1399.0635,9646203.270230148,119.79074421664636,118.50753136160297,1172.5547857798013,741.1030588103109,1.5821750724684602,5.989537210832318,5.989537210832318,0.4051951781716525,724.9758430360099,True,24049.78803799238,0.7019255502466718,0.577262329358517,0.499408729631023,True,24091.294174046117,0.7031369628937233,0.5762677821744614,1.3955518482436668,0.2903476346519119,0.24,0.006096,2.9186350796015867e-05,50.0,0.05
443,1409.7277,1399.2323,0.317,289.8661,290.6807,246.1718,0.443,9821055.004660616,9748691.768965902,103510.30176660186,1424.4235999999996,1413.9282,15.012899999999998,1398.9153,9645181.4671993,119.78262280601295,118.4993367574769,1172.5515929188198,741.1022149016532,1.5821725658645096,5.989131140300648,5.989131140300648,0.404400665475805,724.9021947915069,True,24047.618712165135,0.7018622355420869,0.5761823973382242,0.49940910352496065,True,24089.0946475592,0.703072766742091,0.5751903424587512,1.395429683922186,0.2898036856569806,0.24,0.006096,2.9186350796015867e-05,50.0,0.05
444,1409.5771,1399.0842,0.3169,289.8573,290.6725,246.1649,0.444,9820016.654212266,9747670.655410783,103509.61229087255,1424.273,1413.7801,15.0128,1398.7673,9644161.043119911,119.77456819002731,118.49115803028988,1172.5484207363752,741.1013738535636,1.5821700810502917,5.988728409501366,5.988728409501366,0.4036059580589608,724.8286446678754,True,24045.452839017395,0.7017990216086173,0.5751019104213653,0.4994094741692611,True,24086.898584645907,0.7030086716795335,0.5741123464305495,1.3953077123617534,0.289259461897334,0.24,0.006096,2.9186350796015867e-05,50.0,0.05
445,1409.4267,1398.9363,0.3169,289.8486,290.6643,246.1581,0.445,9818979.682715373,9746650.920807125,103509.61229087255,1424.1226,1413.6322,15.0128,1398.6194,9643141.308516253,119.7664785676906,118.48299518228343,1172.5452692400972,741.1005356668911,1.5821676180343922,5.98832392838453,5.98832392838453,0.40281120580311836,724.7551926673173,True,24043.290418718,0.7017359084511907,0.5740210825069042,0.49940984156262713,True,24084.70598545563,0.702944677710411,0.5730340076193915,1.3951858836985362,0.28871508127310974,0.24,0.006096,2.9186350796015867e-05,50.0,0.05
446,1409.2765,1398.7886,0.3168,289.8398,290.6562,246.1512,0.446,9817944.09016994,9745632.565154923,103508.92281514323,1423.9724,1413.4845,15.0127,1398.4717999999998,9642123.642339779,119.75845574179519,118.47479814671568,1172.5419761690102,741.0996837995332,1.5821649931862363,5.98792278708976,5.98792278708976,0.40201625958798104,724.6818461007599,True,24041.126044071298,0.7016727382534981,0.572939830309813,0.49941023309618593,True,24082.511774307124,0.7028806366941103,0.5719552347875195,1.3950640029135186,0.2881704773031137,0.24,0.006096,2.9186350796015867e-05,50.0,0.05
447,1409.1265,1398.6411,0.3167,289.8311,290.648,246.1443,0.447,9816909.876575965,9744615.588454181,103508.2333394139,1423.8224,1413.337,15.012599999999997,1398.3244,9641107.355114767,119.75039791730708,118.46666706549415,1172.538866062897,741.0988513368411,1.5821625737886342,5.987519895865354,5.987519895865354,0.40249364308192526,724.6085903509813,True,24038.97053032125,0.7016098266730436,0.5736716160184154,0.49941059398444904,True,24080.32610333266,0.7028168449343248,0.5726863918856933,1.3949426097312532,0.2885377794570838,0.24,0.006096,2.9186350796015867e-05,50.0,0.05
448,1408.9767,1398.4937,0.3167,289.8224,290.6398,246.1375,0.448,9815877.041933447,9743599.301229168,103508.2333394139,1423.6725999999999,1413.1896,15.012599999999997,1398.177,9640091.067889754,119.74235599607192,118.45854357354634,1172.535765534095,741.0980202537892,1.582160164363359,5.987117799803596,5.987117799803596,0.4016984209374641,724.5353834716559,True,24036.816707914564,0.7015469644567297,0.5725894933470848,0.4994109533857544,True,24078.142132507423,0.7027531027956911,0.5716067554016171,1.3948212607582857,0.2879927573795967,0.24,0.006096,2.9186350796015867e-05,50.0,0.05
449,1408.8271,1398.3466,0.3166,289.8137,290.6317,246.1306,0.449,9814845.586242389,9742585.082431342,103507.5438636846,1423.5229999999997,1413.0424999999998,15.0125,1398.03,9639077.538567659,119.7343299804696,118.45039420212254,1172.532534568781,741.0971769726052,1.5821576049696975,5.98671649902348,5.98671649902348,0.401111213738659,724.4623312858527,True,24034.66269468828,0.7014840966710881,0.5718037167800998,0.4994113351576668,True,24075.958315133605,0.7026893651357445,0.5708229462974338,1.3946999584759738,0.2875967775728365,0.24,0.006096,2.9186350796015867e-05,50.0,0.05
450,1408.6776,1398.1997,0.3165,289.805,290.6235,246.1238,0.45,9813814.82002706,9741572.242584975,103506.85438795527,1423.3735,1412.8955999999998,15.0124,1397.8831999999998,9638065.38819702,119.72631154752237,118.44231078660312,1172.529486606169,741.0963531027786,1.582155251064307,5.986315577376119,5.986315577376119,0.40031576388673784,724.3893699293006,True,24032.517541824018,0.7014214874870807,0.570720702214175,0.49941168627848037,True,24073.783037414567,0.7026258767171579,0.5697424150632087,1.3945791437900392,0.2870513055277753,0.24,0.006096,2.9186350796015867e-05,50.0,0.05
451,1408.5284,1398.0529,0.3165,289.7963,290.6154,246.1169,0.451,9812786.122238921,9740560.092214338,103506.85438795527,1423.2243,1412.7487999999998,15.0124,1397.7363999999998,9637053.237826383,119.7183173499141,118.43418490547367,1172.5262859462107,741.0955140648105,1.58215272349317,5.985915867495706,5.985915867495706,0.39931206114897577,724.3164647475595,True,24030.368675087728,0.7013587699087015,0.5693406545710631,0.49941206330477644,True,24071.604385992585,0.7025622898324937,0.568365349133926,1.3944580786352399,0.28635644718684095,0.24,0.006096,2.9186350796015867e-05,50.0,0.05
452,1408.3794,1397.9064,0.3164,289.7876,290.6073,246.1101,0.452,9811758.80340224,9739550.01027089,103506.16491222596,1423.0753,1412.6022999999998,15.0123,1397.59,9636043.845358664,119.71033906507641,118.42608321995802,1172.5231171500723,741.0946793760243,1.5821502296269292,5.985516953253821,5.985516953253821,0.39999671751456845,724.2437069602677,True,24028.2250251372,0.7012962045892615,0.5703677203683719,0.4994124353040681,True,24069.430964050367,0.7024988555772604,0.5693912727955711,1.3943373549910891,0.28687226665968846,0.24,0.006096,2.9186350796015867e-05,50.0,0.05
453,1408.2305,1397.76,0.3163,289.779,290.5991,246.1033,0.453,9810732.174041286,9738540.617803171,103505.47543649665,1422.9264,1412.4559000000002,15.0122,1397.4437,9635035.142366674,119.70231748121353,118.41803919337649,1172.5201202559049,741.0938626202092,1.5821479294273824,5.985115874060677,5.985115874060677,0.39940904937020605,724.1709907535785,True,24026.088472864052,0.7012338464251234,0.5695803923418495,0.49941277841546283,True,24067.264317099092,0.7024356190592894,0.5686059170876039,1.3942170202003135,0.28647552252146596,0.24,0.006096,2.9186350796015867e-05,50.0,0.05
454,1408.0818,1397.6138,0.3163,289.7703,290.591,246.0965,0.454,9809706.923631791,9737532.60428691,103505.47543649665,1422.7776999999999,1412.3097,15.0122,1397.2975,9634027.128850412,119.6943627031016,118.40996100996861,1172.516981805269,741.0930321791028,1.5821454674288482,5.984718135155081,5.984718135155081,0.39840485954982796,724.0983799819625,True,24023.949970294998,0.7011714313389648,0.5681989335889365,0.49941314566231637,True,24065.09606189725,0.7023723356023531,0.5672274367243646,1.3940965337517204,0.28577996566540587,0.24,0.006096,2.9186350796015867e-05,50.0,0.05
455,1407.9334,1397.4678,0.3162,289.7617,290.5829,246.0897,0.455,9808683.741649484,9736525.969722105,103504.78596076733,1422.6292999999998,1412.1636999999996,15.0121,1397.1515999999997,9633021.183761338,119.68638128683153,118.40189873068303,1172.5138641041233,741.0922046047928,1.582143027303057,5.984319064341577,5.984319064341577,0.39888087860526866,724.025867350632,True,24021.814922888185,0.7011091170963835,0.5689283862934468,0.4994135096470721,True,24062.931272496462,0.7023091532995022,0.5679562579119121,1.3939762901219097,0.28614609978078226,0.24,0.006096,2.9186350796015867e-05,50.0,0.05
456,1407.7851,1397.322,0.3161,289.7531,290.5748,246.0829,0.456,9807661.24914291,9735520.714108761,103504.09648503801,1422.481,1412.0178999999998,15.012,1397.0058999999999,9632016.617623724,119.6784074679574,118.39385235773604,1172.5107671600204,741.0913798981189,1.5821406090585084,5.98392037339787,5.98392037339787,0.3970207334891711,723.9534528617697,True,24019.683330810814,0.7010469037022593,0.5663254931909509,0.4994138703684465,True,24060.7699490445,0.7022460721550496,0.5653584252465744,1.393856239439593,0.2848362135601555,0.24,0.006096,2.9186350796015867e-05,50.0,0.05
457,1407.637,1397.1764,0.3161,289.7444,290.5667,246.0761,0.457,9806640.135587791,9734516.837446878,103504.09648503801,1422.3328999999999,1411.8723,15.012,1396.8603,9631012.74096184,119.67050045749195,118.38582189334367,1172.5076909805114,741.0905580599217,1.582138212703699,5.983525022874598,5.983525022874598,0.3962243743262661,723.8811365175375,True,24017.555194229783,0.7009847911614634,0.5652396162115886,0.49941422782515676,True,24058.612091689225,0.7021830921733108,0.5642750142273024,1.3937363318298517,0.28428933455875316,0.24,0.006096,2.9186350796015867e-05,50.0,0.05
458,1407.4891,1397.031,0.316,289.7358,290.5587,246.0693,0.458,9805620.40098413,9733514.33973645,103503.4070093087,1422.185,1411.7269,15.011900000000002,1396.7149999999997,9630010.932727141,119.66255849298435,118.37775729114236,1172.5044732450212,741.0897225315331,1.5821356545598724,5.983127924649217,5.983127924649217,0.39649171325709176,723.8089256053944,True,24015.425110076718,0.700922621778147,0.5656711610352156,0.49941460941603527,True,24056.452628585277,0.7021200653256279,0.5647064267750382,1.3936163724799682,0.2845056366204473,0.24,0.006096,2.9186350796015867e-05,50.0,0.05
459,1407.3415,1396.8858,0.3159,289.7272,290.5506,246.0625,0.459,9804602.734807659,9732513.220977483,103502.71753357937,1422.0374,1411.5817,15.0118,1396.5699,9629010.503443904,119.65464078896169,118.36975865217234,1172.5014386123198,741.0889064314225,1.582133302005943,5.982732039448084,5.982732039448084,0.3956950711785794,723.73680555499,True,24013.30388532963,0.7008607109685614,0.5645844673355205,0.4994149603402215,True,24054.301704182824,0.7020572876914822,0.5636221973846482,1.3934969007339353,0.28395834319414154,0.24,0.006096,2.9186350796015867e-05,50.0,0.05
460,1407.194,1396.7407,0.3159,289.7186,290.5425,246.0557,0.46,9803585.758106917,9731512.791694244,103502.71753357937,1421.8899,1411.4366,15.0118,1396.4248,9628010.074160665,119.6467306901372,118.36176762720243,1172.4984136192627,741.0880917162194,1.5821309594976474,5.98233653450686,5.98233653450686,0.3965866779390126,723.664734392059,True,24011.184354228095,0.7007988495903089,0.5659065767172128,0.4994153097664559,True,24052.152481996734,0.7019945597388204,0.5649426657758774,1.3933774733449809,0.28462257035558036,0.24,0.006096,2.9186350796015867e-05,50.0,0.05
461,1407.0466,1396.5959,0.3158,289.7101,290.5345,246.049,0.461,9802569.470881904,9730514.430838194,103502.02805785005,1421.7424999999998,1411.2918,15.0117,1396.2801,9627012.402780343,119.63877732184412,118.35375077690563,1172.4952582242315,741.0872647951587,1.5821284670818312,5.981938866092206,5.981938866092206,0.39578978451254443,723.5928179251758,True,24009.0646393991,0.7007369828497224,0.5648193176603383,0.49941568155460786,True,24050.00341975225,0.7019318364542705,0.5638578619141025,1.3932580930541714,0.284074994062967,0.24,0.006096,2.9186350796015867e-05,50.0,0.05
462,1406.8995,1396.4512,0.3158,289.7015,290.5265,246.0422,0.462,9801555.25208408,9729516.759457871,103502.02805785005,1421.5954000000002,1411.1471,15.0117,1396.1353999999997,9626014.73140002,119.63089909875669,118.34574154762458,1172.492112471407,741.0864392576486,1.5821259847176536,5.981544954937835,5.981544954937835,0.39351263258049585,723.520950345489,True,24006.946619172573,0.7006751655683978,0.5616192094681602,0.4994160518439725,True,24047.856060601014,0.7018691628767973,0.5606638008821754,1.3931387571709666,0.28246478001918357,0.24,0.006096,2.9186350796015867e-05,50.0,0.05
463,1406.7526,1396.3067,0.3157,289.6929,290.5184,246.0355,0.463,9800542.412237713,9728520.46702901,103501.33858212075,1421.4485,1411.0026000000003,15.011600000000001,1395.9910000000002,9625019.12844689,119.6230368165409,118.33779828290352,1172.4891498684813,741.0856331569394,1.582123707990145,5.981151840827046,5.981151840827046,0.393987316080711,723.4491736431588,True,24004.837457597903,0.700613606838794,0.5623460809709403,0.49941639145944206,True,24045.71723942338,0.701806738491617,0.5613900443981233,1.3930199587707393,0.28282962752980395,0.24,0.006096,2.9186350796015867e-05,50.0,0.05
464,1406.6059,1396.1624,0.3156,289.6844,290.5104,246.0287,0.464,9799530.951342806,9727525.553551605,103500.64910639143,1421.3018000000002,1410.8582999999999,15.0115,1395.8468,9624024.904445214,119.61513960611346,118.3298209029332,1172.4860457225093,741.0848133625526,1.5821212694975402,5.9807569803056735,5.9807569803056735,0.3946700954707012,723.3775023735509,True,24002.72635143421,0.7005519913537328,0.5633701714387372,0.4994167552056811,True,24043.576815227574,0.7017442673201859,0.5624129955173891,1.392901058909054,0.28334395537025014,0.24,0.006096,2.9186350796015867e-05,50.0,0.05
465,1406.4593,1396.0183,0.3156,289.6759,290.5024,246.022,0.465,9798520.179923628,9726532.01902566,103500.64910639143,1421.1552000000001,1410.7142,15.0115,1395.7027,9623031.369919268,119.60725001272209,118.32185945175505,1172.4829623887738,741.0839964402996,1.58211885295141,5.9803625006361045,5.9803625006361045,0.39260091105916217,723.3059292612433,True,24000.618702720138,0.7004904767790092,0.5604657366141752,0.49941711567876174,True,24041.439858887075,0.7016818973627964,0.5595140939715201,1.3927823022441652,0.28188246679080525,0.24,0.006096,2.9186350796015867e-05,50.0,0.05
466,1406.313,1395.8744,0.3155,289.6673,290.4944,246.0153,0.466,9797511.476931637,9725539.863451172,103499.95963066211,1421.0089,1410.5702999999999,15.0114,1395.5588999999998,9622039.90382051,119.59943556967112,118.31391393156039,1172.4798998747515,741.0831823910122,1.5821164583601692,5.979971778483556,5.979971778483556,0.3918033790064328,723.2344543083808,True,23998.514511620564,0.7004290631194352,0.5593762446999199,0.49941747287741367,True,24039.306370547958,0.7016196286237117,0.5584270493899799,1.3926637885790414,0.2813337879677309,0.24,0.006096,2.9186350796015867e-05,50.0,0.05
467,1406.1668,1395.7307,0.3154,289.6588,290.4864,246.0086,0.467,9796503.463415375,9724549.086828144,103499.27015493279,1420.8627,1410.4265999999998,15.0113,1395.4153,9621049.816673212,119.59157787756183,118.30598434454014,1172.476858187917,741.0823712155217,1.5821140857322284,5.979578893878092,5.979578893878092,0.3924857385591167,723.1630775171147,True,23996.41377830093,0.7003677503798394,0.56039950204197,0.49941782680036695,True,24037.176350356356,0.701557461107197,0.5594491689101222,1.392545468032304,0.28184770089676664,0.24,0.006096,2.9186350796015867e-05,50.0,0.05
468,1406.0208,1395.5871,0.3154,289.6503,290.4784,246.0019,0.468,9795496.828850573,9723558.999680845,103499.27015493279,1420.7167,1410.283,15.0113,1395.2716999999998,9620059.729525913,119.58373614012874,118.29806238867968,1172.4738261777145,741.0815614274106,1.5821117231946662,5.979186807006437,5.979186807006437,0.39168794649458505,723.0917496230068,True,23994.314740350106,0.7003064871218726,0.5593093219860757,0.49941817921868437,True,24035.048033936055,0.7014953433175491,0.5583614349343982,1.3924271919486046,0.28129869106222,0.24,0.006096,2.9186350796015867e-05,50.0,0.05
469,1405.875,1395.4438,0.3153,289.6418,290.4704,245.9952,0.469,9794491.57323723,9722570.980960734,103498.58067920349,1420.5709,1410.1397,15.0112,1395.1284999999998,9619072.40028153,119.57591035970204,118.29016467420436,1172.4708261663707,741.0807560018635,1.5821093945170834,5.978795517985102,5.978795517985102,0.39216160482737905,723.0205691609734,True,23992.220923057626,0.7002453762358715,0.5600345509390167,0.4994185265866537,True,24032.924950453275,0.7014333782582515,0.5590860329475144,1.3923092576748208,0.28166271441899005,0.24,0.006096,2.9186350796015867e-05,50.0,0.05
470,1405.7294,1395.3006,0.3153,289.6334,290.4625,245.9885,0.47,9793487.696575344,9721583.651716353,103498.58067920349,1420.4252999999999,1409.9965,15.0112,1394.9852999999998,9618085.071037149,119.56804967593567,118.2822245659978,1172.467673456938,741.0799353891944,1.582106892208856,5.978402483796784,5.978402483796784,0.39136354389029293,722.9494448618893,True,23990.123402235015,0.7001841572573408,0.5589437290659147,0.49941889985562304,True,24030.798502767328,0.70137131501014,0.5579976476292515,1.3921910734642489,0.2811133840389065,0.24,0.006096,2.9186350796015867e-05,50.0,0.05
471,1405.584,1395.1576,0.3152,289.6249,290.4545,245.9818,0.471,9792485.198864918,9720597.70142343,103497.89120347417,1420.2799000000002,1409.8535,15.0111,1394.8424,9617099.810219957,119.56025581794643,118.27435042913145,1172.464703984034,741.0791342278592,1.5821045956254611,5.9780127908973215,5.9780127908973215,0.3892937997588888,722.8784114680631,True,23988.034739304727,0.7001231968083628,0.556036139830182,0.4994192424371773,True,24028.680592292178,0.7013095009320578,0.5550955736967881,1.392073426753646,0.2796503347289178,0.24,0.006096,2.9186350796015867e-05,50.0,0.05
472,1405.4388,1395.0148,0.3151,289.6164,290.4465,245.9751,0.472,9791484.080105947,9719613.130081965,103497.20172774483,1420.1346999999996,1409.7106999999999,15.011,1394.6997,9616115.92835422,119.55247792394532,118.26649223563143,1172.4617553730454,741.0783359441841,1.5821023210444407,5.977623896197266,5.977623896197266,0.38976700069042636,722.8074762457682,True,23985.949534923944,0.7000623373018239,0.5567604196401481,0.49941958173713524,True,24026.566150645704,0.7012477880964261,0.5558192229717677,1.3919559732224176,0.28001388563181684,0.24,0.006096,2.9186350796015867e-05,50.0,0.05
473,1405.2938,1394.8722,0.3151,289.608,290.4386,245.9684,0.473,9790484.340298438,9718629.93769196,103497.20172774483,1419.9896999999999,1409.5681,15.011,1394.5571000000002,9615132.735964216,119.54466513791881,118.25859996410293,1172.4586652296027,741.0775239590456,1.5820998847273051,5.977233256895941,5.977233256895941,0.3889685912886307,722.7366464536801,True,23983.862391087736,0.7000014211896586,0.5556682879694375,0.49941994516387117,True,24024.45011068957,0.701186028611968,0.5547295231461087,1.3918383686061835,0.27946390907311464,0.24,0.006096,2.9186350796015867e-05,50.0,0.05
474,1405.149,1394.7298,0.315,289.5995,290.4307,245.9618,0.474,9789485.979442388,9717648.124253413,103496.51225201553,1419.8448999999998,1409.4257,15.0109,1394.4147999999998,9614151.612001397,119.53691918029376,118.25072364359686,1172.4555959531604,741.0767148505114,1.5820974704213528,5.976845959014689,5.976845959014689,0.3883783799383309,722.665914833573,True,23981.778706798563,0.6999406060490466,0.5548733372258677,0.4994203053077502,True,24022.337540474964,0.7011243703966034,0.5539365001941636,1.3917210071269264,0.27906338838708816,0.24,0.006096,2.9186350796015867e-05,50.0,0.05
475,1405.0043,1394.5876,0.315,289.5911,290.4227,245.9551,0.475,9788488.308062067,9716667.689766325,103496.51225201553,1419.7002,1409.2835,15.0109,1394.2726,9613171.177514309,119.52913000272127,118.24291329654348,1172.4527099625568,741.0759252020413,1.5820952618895403,5.976456500136064,5.976456500136064,0.3890594948884427,722.5952741348185,True,23979.703879720433,0.6998800494181032,0.5558945353734771,0.4994206347566328,True,24020.233506808367,0.7010629613319234,0.5549565678798422,1.3916040833366274,0.27957628146333174,0.24,0.006096,2.9186350796015867e-05,50.0,0.05
476,1404.8598,1394.4455,0.3149,289.5827,290.4148,245.9485,0.476,9787492.015633205,9715687.944754966,103495.82277628621,1419.5557,1409.1414,15.0108,1394.1306,9612192.12197868,119.52135680049824,118.23506057573873,1172.4496712787404,741.0751203621248,1.582092879741834,5.976067840024912,5.976067840024912,0.3880522639251467,722.5246895974844,True,23977.62535188243,0.699819384775484,0.554503450986345,0.499420990104496,True,24018.12611147964,0.7010014541525933,0.5535684150530675,1.391487009562988,0.27887595159585343,0.24,0.006096,2.9186350796015867e-05,50.0,0.05
477,1404.7156,1394.3036,0.3148,289.5743,290.4069,245.9418,0.477,9786497.79163153,9714709.578695064,103495.13330055689,1419.4115,1408.9995,15.0107,1393.9887999999999,9611214.445394507,119.51360791216426,118.22722381171987,1172.4466534815635,741.074318400998,1.58209051962741,5.975680395608213,5.975680395608213,0.38725331360501514,722.4542032377749,True,23975.550284026373,0.6997588211171115,0.5534096919089848,0.49942134216616596,True,24016.022186277183,0.7009400482535858,0.552477083553535,1.3913701290591813,0.2783251598673235,0.24,0.006096,2.9186350796015867e-05,50.0,0.05
478,1404.5715,1394.1619,0.3148,289.5659,290.399,245.9352,0.478,9785504.257105585,9713732.591586623,103495.13330055689,1419.2674000000002,1408.8578,15.0107,1393.8471,9610237.458286066,119.50586666795404,118.21940300665273,1172.443656578423,741.0735193194839,1.5820881815545906,5.975293333397702,5.975293333397702,0.386662653852909,722.3838150578092,True,23973.478676315648,0.6996983584477546,0.5526133500022788,0.49942169094038596,True,24013.921731345436,0.7008787436391166,0.5516826660276091,1.3912533919311987,0.27792396129664243,0.24,0.006096,2.9186350796015867e-05,50.0,0.05
479,1404.4276,1394.0204,0.3147,289.5575,290.3911,245.9286,0.479,9784512.101531098,9712756.98342964,103494.44382482758,1419.1235,1408.7163,15.010600000000002,1393.7057,9609262.539604813,119.49814140601015,118.21159816270266,1172.440680576715,741.0727231184061,1.582085865531697,5.974907070300508,5.974907070300508,0.3860719184599475,722.313525059693,True,23971.410528913373,0.699637996772174,0.5518166826860686,0.49942203642589966,True,24011.824746828897,0.700817540313403,0.5508879219651059,1.3911368980050163,0.27752259250229117,0.24,0.006096,2.9186350796015867e-05,50.0,0.05
480,1404.2838,1393.8791,0.3147,289.5491,290.3833,245.9219,0.48,9783520.63543234,9711782.754224116,103494.44382482758,1418.9797,1408.575,15.010600000000002,1393.5644000000002,9608288.310399288,119.49042379121563,118.20375926996267,1172.4375630480697,741.0719132092139,1.5820833877927254,5.974521189560782,5.974521189560782,0.3852726421700936,722.2433404888731,True,23969.340446143233,0.6995775786102678,0.550721826927972,0.4994224060354776,True,24009.726167754307,0.7007562904483589,0.5497954815697593,1.3910202532081106,0.2769712671555566,0.24,0.006096,2.9186350796015867e-05,50.0,0.05
481,1404.1403,1393.738,0.3146,289.5407,290.3754,245.9153,0.481,9782531.237760771,9710809.90397005,103493.75434909826,1418.8362,1408.4339,15.0105,1393.4234000000001,9607316.149620952,119.48273050032336,118.19598635635805,1172.4346288664792,741.0711227701227,1.582081115890632,5.974136525016168,5.974136525016168,0.3855359502194915,722.1732468589015,True,23967.279220177505,0.6995174189461623,0.5511456037796879,0.4994227449404504,True,24007.63612480849,0.7006952897217635,0.5502191264516456,1.390904145926047,0.277183694756195,0.24,0.006096,2.9186350796015867e-05,50.0,0.05
482,1403.997,1393.597,0.3145,289.5324,290.3675,245.9087,0.482,9781543.21904066,9709837.743191712,103493.06487336894,1418.6929,1408.2929,15.0104,1393.2824999999998,9606344.678318342,119.47500235320686,118.18822110094106,1172.4317044323516,741.0703337246669,1.5820788541617028,5.973750117660344,5.973750117660344,0.3849448637079149,722.1032021454906,True,23965.219692045306,0.6994573088356216,0.5503479037894795,0.49942308232836113,True,24005.54778784429,0.7006343387865461,0.5494233473834794,1.3907881331771834,0.2767818149472762,0.24,0.006096,2.9186350796015867e-05,50.0,0.05
483,1403.8538,1393.4563,0.3145,289.524,290.3597,245.9021,0.483,9780555.889796278,9708867.650840564,103493.06487336894,1418.5497,1408.1522,15.0104,1393.1417999999999,9605374.585967194,119.46733270577502,118.18043011714626,1172.428649653707,741.0695324586553,1.5820764426300544,5.973366635288752,5.973366635288752,0.38414513569387054,722.0333121313039,True,23963.159992962024,0.6993971937356428,0.5492517544173464,0.4994234420632697,True,24003.45962251865,0.700573392860832,0.5483296105853973,1.3906720684371277,0.27622984915889087,0.24,0.006096,2.9186350796015867e-05,50.0,0.05
484,1403.7109,1393.3157,0.3144,289.5157,290.3518,245.8955,0.484,9779570.628979085,9707898.247965144,103492.37539763963,1418.4068000000002,1408.0116,15.010299999999999,1393.0013,9604405.872567505,119.4596365477791,118.17269680391519,1172.4257670800864,741.0687491796813,1.5820742250673658,5.9729818273889554,5.9729818273889554,0.38461641183766915,721.9634637975704,True,23961.10738716041,0.6993372856626708,0.5499726951827233,0.4994237728637803,True,24001.37822791638,0.7005126445478251,0.5490499205563031,1.3905564424032095,0.27659172983511643,0.24,0.006096,2.9186350796015867e-05,50.0,0.05
485,1403.5681,1393.1753,0.3144,289.5074,290.344,245.889,0.485,9778586.057637619,9706930.224041184,103492.37539763963,1418.264,1407.8712,15.010299999999999,1392.8609000000001,9603437.848643545,119.45194804930152,118.16492946007759,1172.422742989569,741.0679521896993,1.582071845807537,5.972597402465077,5.972597402465077,0.3840249137392675,721.8937208915526,True,23959.052848399846,0.699277321173681,0.5491739859298059,0.4994241277856667,True,23999.29524096202,0.7004518497598716,0.5482531224250726,1.3904406656280786,0.27618935725373,0.24,0.006096,2.9186350796015867e-05,50.0,0.05
486,1403.4255,1393.035,0.3143,289.4991,290.3362,245.8824,0.486,9777602.865247615,9705962.889592953,103491.6859219103,1418.1214,1407.7309000000002,15.0102,1392.7207,9602471.203671042,119.44427555122954,118.15716978407858,1172.4197286585754,741.0671565930919,1.5820694767374939,5.972213777561477,5.972213777561477,0.3819538800603368,721.8240269046155,True,23957.00000861705,0.6992174062716524,0.5462591128801851,0.49942448118805044,True,23997.21396103103,0.700391104793701,0.5453437050329768,1.3903250333662318,0.27472272374723516,0.24,0.006096,2.9186350796015867e-05,50.0,0.05
487,1403.2831,1392.895,0.3143,289.4907,290.3283,245.8758,0.487,9776621.051809067,9704997.623571908,103491.6859219103,1417.979,1407.5909,15.0102,1392.5806999999998,9601505.937649997,119.43666989409911,118.14948440015885,1172.4169089252232,741.0663819689478,1.5820673254806341,5.971833494704956,5.971833494704956,0.3813622384068367,721.7544731542666,True,23954.95778762534,0.6991578012933853,0.5454594623722248,0.49942480209895457,True,23995.14298114219,0.7003306604481739,0.5445459694179109,1.39020993758869,0.27431989089957665,0.24,0.006096,2.9186350796015867e-05,50.0,0.05
488,1403.1408,1392.7551,0.3142,289.4824,290.3205,245.8692,0.488,9775639.927846247,9704033.047026595,103490.99644618099,1417.8366999999996,1407.451,15.0101,1392.4409,9600542.050580414,119.42902106169328,118.14175668531301,1172.4139364986897,741.0655921421118,1.5820650006293366,5.971451053084664,5.971451053084664,0.38310382002373444,721.6849755585868,True,23952.91187201835,0.6990980884827807,0.5479972357744054,0.4994251489060797,True,23993.06864523581,0.7002701181527415,0.5470800625254905,1.390094692165282,0.27559548438170967,0.24,0.006096,2.9186350796015867e-05,50.0,0.05
489,1402.9988,1392.6155,0.3141,289.4742,290.3127,245.8627,0.489,9774660.87231062,9703070.538908469,103490.30697045167,1417.6947,1407.3114,15.009999999999998,1392.3014,9599580.231938018,119.42134574129817,118.13405326688166,1172.410996217435,741.0648066909152,1.582062709808896,5.971067287064908,5.971067287064908,0.3823033944504459,721.6156254346382,True,23950.87118204884,0.6990385281894647,0.5468988890220767,0.4994254906371981,True,23990.99954673427,0.7002097287180441,0.5459841227147378,1.3899797390036015,0.2750424223625718,0.24,0.006096,2.9186350796015867e-05,50.0,0.05
490,1402.8569,1392.476,0.3141,289.4659,290.3049,245.8561,0.49,9773682.506250719,9702108.720266072,103490.30697045167,1417.5528,1407.1719,15.009999999999998,1392.1619000000003,9598618.413295621,119.41372892591525,118.12635752338774,1172.408065719893,741.0640226357857,1.5820604292054563,5.970686446295763,5.970686446295763,0.38023195005462185,721.5463242366945,True,23948.832191593112,0.698979017498754,0.5439819229699547,0.4994258308447051,True,23988.932155730516,0.700149389118976,0.5430726013102459,1.3898648305679477,0.27357476906530953,0.24,0.006096,2.9186350796015867e-05,50.0,0.05
491,1402.7153,1392.3367,0.314,289.4576,290.2972,245.8496,0.491,9772706.208618006,9701148.280575132,103489.61749472236,1417.4112,1407.0325999999998,15.0099,1392.0226999999998,9597658.66308041,119.40613646329598,118.11862777434636,1172.4049937083005,741.0632248635852,1.5820579869202342,5.970306823164799,5.970306823164799,0.38070211139665844,721.4771284634116,True,23946.791271716793,0.6989194504952972,0.5447009825336375,0.4994261951715394,True,23986.863175623683,0.700089003139788,0.5437910175552965,1.3897498714106737,0.2739357054303769,0.24,0.006096,2.9186350796015867e-05,50.0,0.05
492,1402.5738,1392.1975,0.314,289.4494,290.2894,245.8431,0.492,9771730.600461021,9700188.530359924,103489.61749472236,1417.2696999999998,1406.8934,15.0099,1391.8835,9596698.912865201,119.39850084145938,118.11095569890199,1172.4020939739767,741.0624450912496,1.582055738676131,5.969925042072969,5.969925042072969,0.3801098882772749,721.4079743941691,True,23944.757444117287,0.6988600904895195,0.5438998355322098,0.49942653055288116,True,23984.800965262515,0.7000288147447717,0.5429917744398304,1.3896352511180652,0.2735321286441519,0.24,0.006096,2.9186350796015867e-05,50.0,0.05
493,1402.4325,1392.0586,0.3139,289.4411,290.2816,245.8366,0.493,9770756.371255497,9699230.848571902,103488.92801899304,1417.1283999999998,1406.7545,15.0098,1391.7447,9595741.92055291,119.39093206776488,118.10330792915248,1172.39922641671,741.0616696980917,1.582053524498636,5.9695466033882445,5.9695466033882445,0.37951751996160965,721.3389678056834,True,23942.728842854704,0.6988008830214444,0.5430982260936313,0.4994268608528189,True,23982.743992925225,0.6999687792285579,0.5421920680232044,1.3895209730609688,0.27312831351193817,0.24,0.006096,2.9186350796015867e-05,50.0,0.05
494,1402.2913,1391.9198,0.3139,289.4329,290.2739,245.83,0.494,9769782.831525704,9698273.85625961,103488.92801899304,1416.9872,1406.6156999999998,15.0098,1391.6059,9594784.928240618,119.38332014066091,118.09561785125933,1172.3962061614773,741.060879095348,1.5820511367334396,5.969166007033046,5.969166007033046,0.37998721910571476,721.2700173666926,True,23940.696550339384,0.6987415678191722,0.5438165361933239,0.4994272170482307,True,23980.683667663423,0.6999086458527131,0.5429097373740376,1.389406445699222,0.2734888846110724,0.24,0.006096,2.9186350796015867e-05,50.0,0.05
495,1402.1504,1391.7812,0.3138,289.4247,290.2661,245.8235,0.495,9768811.360223096,9697318.242898777,103488.23854326372,1416.8463,1406.4770999999998,15.0097,1391.4673999999998,9593830.004355513,119.37573257900065,118.08799376089544,1172.393369406122,741.0601079892921,1.5820489549588095,5.968786628950033,5.968786628950033,0.3779154075732549,721.2011579179403,True,23938.673112789165,0.6986825110610176,0.5408971909134429,0.4994275425154327,True,23978.631876726373,0.6998487615626642,0.539995822425152,1.3892924558547035,0.2720200530713732,0.24,0.006096,2.9186350796015867e-05,50.0,0.05
496,1402.0096,1391.6428,0.3138,289.4164,290.2584,245.817,0.496,9767840.578396218,9696364.008489404,103488.23854326372,1416.7055,1406.3387,15.0097,1391.329,9592875.76994614,119.36820352435798,118.08033568293644,1172.390391146678,741.059323163312,1.5820466115211544,5.968410176217899,5.968410176217899,0.37711413693159557,721.1324038942804,True,23936.647748195104,0.6986233980594856,0.539796030277654,0.49942789209929767,True,23976.578498862775,0.6997888309560205,0.5388970504379141,1.3891783155813908,0.271465608627621,0.24,0.006096,2.9186350796015867e-05,50.0,0.05
497,1401.8691,1391.5046,0.3137,289.4082,290.2506,245.8105,0.497,9766871.864996526,9695411.153031487,103487.54906753442,1416.5649999999998,1406.2005,15.0096,1391.1908999999998,9591923.603963953,119.36064801352339,118.07274359356954,1172.3875964112779,741.0585578382933,1.5820444740982333,5.96803240067617,5.96803240067617,0.3775834106595539,721.0637408686615,True,23934.631238238697,0.6985645434925142,0.5405132770864717,0.49942821095123885,True,23974.533655005096,0.6997291494258672,0.539613664757805,1.389064712823455,0.271825644387774,0.24,0.006096,2.9186350796015867e-05,50.0,0.05
498,1401.7287,1391.3665,0.3136,289.4,290.2429,245.804,0.498,9765903.841072565,9694458.987049302,103486.85959180509,1416.4245999999998,1406.0624,15.0095,1391.0529000000001,9590972.127457498,119.35310018793159,118.06510920876474,1172.3846489801986,741.0577773007772,1.5820421630962203,5.96765500939658,5.96765500939658,0.37826103279985546,720.995133991347,True,23932.6110388052,0.6985055812431703,0.5415290055759364,0.4994285556974875,True,23972.485459852403,0.6996693700836419,0.5406282581080207,1.3889509107777191,0.27233578225457566,0.24,0.006096,2.9186350796015867e-05,50.0,0.05
499,1401.5885,1391.2286,0.3136,289.3919,290.2352,245.7976,0.499,9764937.196100065,9693508.200018572,103486.85959180509,1416.2844000000002,1405.9244999999999,15.0095,1390.9149999999997,9590021.340426767,119.34551757221139,118.05749083143077,1172.381722567548,741.0569996535361,1.5820398742818267,5.96727587861057,5.96727587861057,0.37766801331963507,720.926625327297,True,23930.59430400021,0.6984467201136892,0.5407255878560936,0.4994288971343802,True,23970.44073899729,0.6996096921434848,0.5398267313343311,1.3888372523995132,0.27193107951787215,0.24,0.006096,2.9186350796015867e-05,50.0,0.05
500,1401.4484,1391.091,0.3135,289.3837,290.2275,245.7911,0.5,9763971.24060329,9692559.481415031,103486.17011607577,1416.1443,1405.7868999999996,15.0094,1390.7774999999997,9589073.311298955,119.3379934673988,118.04989677967967,1172.3788283795716,741.0562263891937,1.5820376195906254,5.966899673369941,5.966899673369941,0.37559572749887593,720.8582641565192,True,23928.582797438226,0.6983880115775427,0.5378038014290473,0.4994292334813929,True,23968.401257882688,0.6995501671322321,0.5369103534612968,1.3887239363915644,0.27046104532108606,0.24,0.006096,2.9186350796015867e-05,50.0,0.05
501,1401.3086,1390.9534,0.3135,289.3755,290.2198,245.7846,0.501,9763007.353533708,9691610.762811493,103486.17011607577,1416.0045,1405.6493,15.0094,1390.6399,9588124.592695417,119.33049374311143,118.0423021076354,1172.3759328264935,741.0554530331038,1.58203536324848,5.966524687155572,5.966524687155572,0.3760643436603459,720.7899026472256,True,23926.571228913446,0.6983293012329284,0.538520069251554,0.4994295700751771,True,23966.361720744033,0.6994906404858419,0.5376259836716968,1.3886105663940147,0.27082059776984196,0.24,0.006096,2.9186350796015867e-05,50.0,0.05
502,1401.1689,1390.8161,0.3134,289.3674,290.2121,245.7782,0.502,9762044.155939851,9690664.112635141,103485.48064034646,1415.8648,1405.512,15.0093,1390.5027,9587178.631994795,119.32295089365239,118.03473176540308,1172.3730695125669,741.0546840615253,1.5820331410458122,5.96614754468262,5.96614754468262,0.375471025492061,720.7216886353059,True,23924.564888950474,0.698270743490953,0.5377155336838565,0.4994299015766232,True,23964.327423628227,0.6994312667765966,0.5368233353685476,1.3884975387937077,0.270415333842263,0.24,0.006096,2.9186350796015867e-05,50.0,0.05
503,1401.0294,1390.6789,0.3134,289.3592,290.2044,245.7717,0.503,9761082.337297453,9689718.15193452,103485.48064034646,1415.7252999999998,1405.3748,15.0093,1390.3655,9586232.671294173,119.31547490209175,118.02716912201738,1172.3702160432433,741.0539164912078,1.582030929131663,5.965773745104588,5.965773745104588,0.37466889452753094,720.6535235658781,True,23922.56025071801,0.6982122354162811,0.5366117571745926,0.4994302315437312,True,23962.294836000885,0.6993719429610813,0.5357219406618097,1.3883845560612278,0.2698595953778443,0.24,0.006096,2.9186350796015867e-05,50.0,0.05
504,1400.8901,1390.542,0.3133,289.3511,290.1968,245.7653,0.504,9760121.897606516,9688774.259661084,103484.79116461714,1415.586,1405.2379,15.0092,1390.2287,9585289.468496466,119.30796413787131,118.01958083985052,1172.3672322790126,741.0531366860445,1.5820285675083772,5.965398206893566,5.965398206893566,0.3751370440049868,720.5855131976541,True,23920.555453399276,0.6981537226984617,0.5373272845341707,0.499430583844544,True,23960.262430878953,0.699312624472233,0.5364368250724781,1.3882716218363433,0.27021876562511044,0.24,0.006096,2.9186350796015867e-05,50.0,0.05
505,1400.751,1390.4052,0.3133,289.343,290.1891,245.7588,0.505,9759162.836867036,9687831.056863379,103484.79116461714,1415.4469,1405.1011,15.0092,1390.0919,9584346.26569876,119.30046942033155,118.01205023513693,1172.3644209175309,741.052374903396,1.582026400050821,5.965023471016578,5.965023471016578,0.37306436614699123,720.517544574445,True,23918.5577464159,0.6980954169216572,0.5344031161127905,0.49943090718069116,True,23958.23679362466,0.6992535035127437,0.5335180507110497,1.3881590264336807,0.26874757073433503,0.24,0.006096,2.9186350796015867e-05,50.0,0.05
506,1400.6121,1390.2685,0.3132,289.3348,290.1814,245.7524,0.506,9758205.155079015,9686888.543541402,103484.10168888782,1415.308,1404.9643999999998,15.0091,1389.9552999999999,9583404.441852514,119.29304156322542,118.0045273337985,1172.361619416057,741.0516145237234,1.5820242428991105,5.964652078161271,5.964652078161271,0.3724705975296274,720.4496248981114,True,23916.561741506266,0.698037160822174,0.5335970897178565,0.49943122897988523,True,23956.21286616268,0.6991944324558528,0.5327139065186209,1.3880465757843414,0.2683415701084497,0.24,0.006096,2.9186350796015867e-05,50.0,0.05
507,1400.4733,1390.1321,0.3132,289.3267,290.1738,245.746,0.507,9757248.162766725,9685948.098646615,103484.10168888782,1415.1692000000003,1404.828,15.0091,1389.8189,9582463.996957727,119.28557059643038,117.99697880507479,1172.3586876282493,741.0508419078109,1.582021936052391,5.964278529821519,5.964278529821519,0.37314702436378866,720.3818599240122,True,23914.565578973263,0.69797890012224,0.5346107515548648,0.49943157311074926,True,23954.189122544274,0.6991353667646847,0.5337264313927673,1.3879340738652903,0.26885068346553576,0.24,0.006096,2.9186350796015867e-05,50.0,0.05
508,1400.3347,1389.9958,0.3131,289.3186,290.1662,245.7396,0.508,9756292.549405891,9685008.343227554,103483.4122131585,1415.0306,1404.6916999999999,15.008999999999999,1389.6826999999998,9581524.931014396,119.27811568225088,117.98943798635824,1172.355765702849,741.0500706935786,1.5820196395171977,5.963905784112544,5.963905784112544,0.37361452181903587,720.3141438965577,True,23912.571119416858,0.6979206891259783,0.535325184709629,0.4994319157038685,True,23952.167089545823,0.6990763510002708,0.534440224282299,1.387821716750721,0.26920930643294155,0.24,0.006096,2.9186350796015867e-05,50.0,0.05
509,1400.1963,1389.8597,0.3131,289.3106,290.1585,245.7332,0.509,9755338.314996516,9684069.966759956,103483.4122131585,1414.8922,1404.5556,15.008999999999999,1389.5466000000001,9580586.554546798,119.27062601555762,117.98196316356992,1172.3530274282625,741.049319002269,1.5820175491243826,5.963531300777881,5.963531300777881,0.37281168945855825,720.2465189077935,True,23910.585513033428,0.6978627365215286,0.5342192238502725,0.4994322275454676,True,23950.153589113437,0.6990175842703232,0.53333663966082,1.3877097972904437,0.2686524878519178,0.24,0.006096,2.9186350796015867e-05,50.0,0.05
510,1400.0581,1389.7238,0.313,289.3025,290.1509,245.7268,0.51,9754385.4595386,9683132.969243813,103482.7227374292,1414.754,1404.4197,15.0089,1389.4107999999999,9579650.246506384,119.26320321467253,117.9744544058904,1172.3501476669362,741.0485535804057,1.5820152971120172,5.963160160733627,5.963160160733627,0.3707385617985892,720.1789993415747,True,23908.597986816058,0.6978047278841322,0.5312927055148141,0.4994325634976941,True,23948.138508366814,0.69895877141677,0.5304154936737004,1.387597827650847,0.2671801255456246,0.24,0.006096,2.9186350796015867e-05,50.0,0.05
511,1399.9201,1389.5881,0.313,289.2944,290.1433,245.7204,0.511,9753433.983032143,9682197.350679131,103482.7227374292,1414.616,1404.2839999999999,15.0089,1389.2750999999998,9578714.627941702,119.25579647308568,117.96696168265868,1172.3472889960692,741.0477910552767,1.5820130673712793,5.962789823654284,5.962789823654284,0.3714143670563317,720.1115780081159,True,23906.61392766468,0.6977468204377401,0.532305352281391,0.49943289612794883,True,23946.126904104163,0.6989000600290975,0.5314270069469853,1.3874860018394473,0.26768873095939877,0.24,0.006096,2.9186350796015867e-05,50.0,0.05
512,1399.7822,1389.4525,0.3129,289.2864,290.1357,245.714,0.512,9752483.196001416,9681262.421590177,103482.03326169988,1414.4781,1404.1484,15.0088,1389.1396,9577780.388328478,119.24834663999029,117.95947667565163,1172.3444402088035,741.0470299341877,1.5820108479659103,5.962417331999514,5.962417331999514,0.37081996585993693,720.044205627342,True,23904.631571959384,0.6976889627087228,0.5314975378430202,0.49943322721685895,True,23944.117010877406,0.6988413985803188,0.5306210631099555,1.387374320873162,0.2672818433215317,0.24,0.006096,2.9186350796015867e-05,50.0,0.05
513,1399.6445,1389.3171,0.3128,289.2783,290.1281,245.7076,0.513,9751533.787922146,9680328.871452682,103481.34378597056,1414.3404,1404.013,15.008700000000001,1389.0042999999998,9576847.52766671,119.24096367445127,117.95200770655606,1172.3416125238296,741.046271711151,1.582008650845478,5.962048183722564,5.962048183722564,0.3700166580579207,719.9769314826992,True,23902.65268358203,0.6976312061783552,0.5303900610823922,0.49943355498178876,True,23942.11059436622,0.6987828386041804,0.5295159491853427,1.3872628336913924,0.26672426383206477,0.24,0.006096,2.9186350796015867e-05,50.0,0.05
514,1399.507,1389.1819,0.3128,289.2703,290.1205,245.7012,0.514,9750585.758794336,9679396.700266646,103481.34378597056,1414.2029,1403.8778,15.008700000000001,1388.8691,9575915.356480675,119.23354597366794,117.9445547774607,1172.3388059483066,741.0455163869641,1.5820064760180357,5.961677298683398,5.961677298683398,0.3704832848698061,719.9097555761937,True,23900.6772626898,0.6975735508512247,0.53110282696028,0.4994338794215228,True,23940.10765471019,0.6987243801047563,0.5302280776495323,1.3871514903684445,0.26708206525546907,0.24,0.006096,2.9186350796015867e-05,50.0,0.05
515,1399.3697,1389.0469,0.3127,289.2623,290.1129,245.6949,0.515,9749639.108617982,9678465.908032069,103480.65431024124,1414.0655999999997,1403.7428,15.0086,1388.7342,9574985.253721828,119.22614434305648,117.93711789045398,1172.3360204893906,741.0447639624242,1.5820043234916314,5.961307217152824,5.961307217152824,0.3684097789778207,719.8426779098445,True,23898.705309440465,0.6975159967319363,0.5281739497071419,0.49943420053484594,True,23938.108192048912,0.6986660230861207,0.5273045586938594,1.3870403907922637,0.2656085442237112,0.24,0.006096,2.9186350796015867e-05,50.0,0.05
516,1399.2326,1388.912,0.3127,289.2542,290.1054,245.6885,0.516,9748693.83739309,9677535.80527322,103480.65431024124,1413.9285,1403.6079,15.0086,1388.5992999999999,9574055.150962979,119.21880958250884,117.92963877110645,1172.3330823273736,741.0439963073643,1.5820019974105866,5.960940479125442,5.960940479125442,0.36781493233729634,719.7756563796613,True,23896.729675900588,0.6974583351983971,0.5273647381856419,0.49943454753950556,True,23936.1053865391,0.6986075685019352,0.5264972051849127,1.3869290424734837,0.26520097357059164,0.24,0.006096,2.9186350796015867e-05,50.0,0.05
517,1399.0956,1388.7774,0.3126,289.2462,290.0978,245.6822,0.517,9747749.255643927,9676607.77094156,103479.96483451192,1413.7915,1403.4732999999999,15.0085,1388.4648,9573127.806107048,119.21143174576298,117.92223397571061,1172.330339117069,741.0432496830581,1.5819998895050604,5.9605715872881495,5.9605715872881495,0.36848993628109383,719.7087751975293,True,23894.764658696433,0.6974009835169565,0.528375991703967,0.49943486199720083,True,23934.112878553973,0.6985494144649174,0.5275073296902751,1.3868183305646176,0.2657088734405969,0.24,0.006096,2.9186350796015867e-05,50.0,0.05
518,1398.9588,1388.6428,0.3126,289.2382,290.0903,245.6758,0.518,9746806.052846221,9675679.7366099,103479.96483451192,1413.6547,1403.3387,15.0085,1388.3302,9572199.77177539,119.2040699850576,117.9147786320843,1172.3274319846348,741.0424863326363,1.581997596097891,5.960203499252881,5.960203499252881,0.36768607912290463,719.6419008672077,True,23892.794198157313,0.697343472964432,0.5272668252846162,0.4994352041285472,True,23932.11526280903,0.6984911113510298,0.5264005126875871,1.3867072710817325,0.265150465992785,0.24,0.006096,2.9186350796015867e-05,50.0,0.05
519,1398.8222,1388.5085,0.3125,289.2302,290.0827,245.6695,0.519,9745864.228999974,9674753.770705426,103479.2753587826,1413.5181,1403.2043999999999,15.0084,1388.1959999999997,9571274.495346643,119.19672430259808,117.90739761345866,1172.3247198275317,741.0417440171434,1.5819955208898608,5.959836215129904,5.959836215129904,0.36815191708774364,719.5751668925077,True,23890.834353636437,0.69728627225474,0.5279781514947801,0.4994355137092994,True,23930.12794427988,0.6984331087752946,0.5271112042974302,1.386596848007034,0.2655075392799941,0.24,0.006096,2.9186350796015867e-05,50.0,0.05
520,1398.6858,1388.3744,0.3125,289.2223,290.0752,245.6631,0.52,9744923.784105185,9673829.183752412,103479.2753587826,1413.3817,1403.0702999999999,15.0084,1388.0618999999997,9570349.908393629,119.1893439083741,117.89998269803158,1172.3218661935546,741.0409879628965,1.5819932840911253,5.959467195418705,5.959467195418705,0.36755663640769853,719.5085383376662,True,23888.872594542285,0.6972290156656409,0.5271677284640746,0.4994358473967116,True,23928.139050263784,0.6983750602168447,0.5263026378599095,1.3864862751625002,0.26509936880884005,0.24,0.006096,2.9186350796015867e-05,50.0,0.05
521,1398.5495,1388.2404,0.3124,289.2143,290.0677,245.6568,0.521,9743984.028686127,9672905.286275128,103478.5858830533,1413.2454,1402.9362999999998,15.0083,1387.9279999999999,9569426.700392075,119.18202203714176,117.89257551603033,1172.319022481888,741.0402333154569,1.5819910576742435,5.9591011018570885,5.9591011018570885,0.3656914591920213,719.4419587456223,True,23886.912540591347,0.6971718088434496,0.5245356374903816,0.4994361795358284,True,23926.151868813813,0.6983170616419505,0.5236753894171972,1.386375847283266,0.26377512267588055,0.24,0.006096,2.9186350796015867e-05,50.0,0.05
522,1398.4134,1388.1066,0.3124,289.2063,290.0601,245.6505,0.522,9743045.652218526,9671982.767749302,103478.5858830533,1413.1092999999998,1402.8024999999998,15.0083,1387.7941999999998,9568504.18186625,119.17471625000641,117.88523433782036,1172.3163625582852,741.039498214744,1.581989037537865,5.958735812500321,5.958735812500321,0.3661569024366145,719.3754702360573,True,23884.96133822446,0.6971148603666957,0.5252461584938943,0.49943648090222387,True,23924.173218367745,0.698259312055929,0.52438527652215,1.3862658570409097,0.26413180457189095,0.24,0.006096,2.9186350796015867e-05,50.0,0.05
523,1398.2775,1387.9729,0.3123,289.1984,290.0526,245.6442,0.523,9742108.654702384,9671060.938699206,103477.89640732398,1412.9733999999999,1402.6688,15.0082,1387.6606,9567583.042291882,119.16737576104431,117.87785094871211,1172.3135499349132,741.0387478784838,1.5819868438608964,5.958368788052216,5.958368788052216,0.36662216767990685,719.3090378605148,True,23883.00645857123,0.6970578045633725,0.5259566212153007,0.49943680815805935,True,23922.191227830885,0.6982014649848457,0.5250950994321736,1.3861557181018989,0.26448844303144575,0.24,0.006096,2.9186350796015867e-05,50.0,0.05
524,1398.1418,1387.8395,0.3123,289.1905,290.0451,245.6379,0.524,9741173.036137702,9670141.178076297,103477.89640732398,1412.8377,1402.5354,15.0082,1387.5271999999998,9566663.281668972,119.16005136329922,117.87049194589942,1172.3107697042012,741.0380019407334,1.581984684501997,5.958002568164961,5.958002568164961,0.36454791799360464,719.2427530237352,True,23881.05681253402,0.6970009015102024,0.5230235961011429,0.49943713029472864,True,23920.214481849453,0.698143770983197,0.5221674003911991,1.3860458220438547,0.2630128904800885,0.24,0.006096,2.9186350796015867e-05,50.0,0.05
525,1398.0063,1387.7062,0.3122,289.1825,290.0376,245.6316,0.525,9740238.796524478,9669222.106929118,103477.20693159466,1412.7022,1402.4021,15.0081,1387.394,9565744.899997523,119.15279384432455,117.86314068265432,1172.3079994167592,741.0372574121252,1.5819825355485255,5.957639692216228,5.957639692216228,0.36395210532691635,719.176517155711,True,23879.10887210482,0.6969440482375061,0.5222113686849191,0.49943745087954405,True,23918.23944884541,0.6980861269771073,0.5213570235279172,1.3859360709912232,0.2626038191405303,0.24,0.006096,2.9186350796015867e-05,50.0,0.05
526,1397.8709,1387.573,0.3122,289.1746,290.0301,245.6253,0.526,9739305.246386983,9668303.725257669,103477.20693159466,1412.5667999999998,1402.2689,15.0081,1387.2608,9564826.518326074,119.14549327908614,117.85579715998199,1172.305239075983,741.0365142930374,1.5819803970043016,5.9572746639543075,5.9572746639543075,0.36462583641696256,719.1103302574156,True,23877.16263736021,0.6968872447475184,0.5232207063124913,0.4994377699119297,True,23916.266128886553,0.6980285329685554,0.5223652317854293,1.3858263650559692,0.2631107659740883,0.24,0.006096,2.9186350796015867e-05,50.0,0.05
527,1397.7357,1387.4401,0.3121,289.1667,290.0227,245.619,0.527,9738373.075200947,9667387.412013406,103476.51745586534,1412.4316000000001,1402.136,15.008,1387.128,9563910.894557541,119.13820881086788,117.8484280922934,1172.302348490869,741.0357589238433,1.5819781088477096,5.956910440543394,5.956910440543394,0.36382093090560375,719.0442980621821,True,23875.21625595946,0.6968304369771734,0.5221082656547646,0.49943811126428006,True,23914.29300282063,0.6979709446190305,0.521255123455298,1.3857167083385409,0.2625507282378236,0.24,0.006096,2.9186350796015867e-05,50.0,0.05
528,1397.6007,1387.3073,0.3121,289.1588,290.0152,245.6128,0.528,9737442.282966368,9666471.788244873,103476.51745586534,1412.2966,1402.0031999999999,15.008,1386.9952,9562995.270789009,119.13094044184992,117.84111670796166,1172.2996305188256,741.0350216152964,1.5819760150653412,5.956547022092496,5.956547022092496,0.36322482197692807,718.9783076802216,True,23873.276961576787,0.6967738360510239,0.5212951508562809,0.4994384236198877,True,23912.326641416214,0.6979135537052895,0.5204438573352429,1.3856073903673118,0.26214122737945306,0.24,0.006096,2.9186350796015867e-05,50.0,0.05
529,1397.4658,1387.1747,0.3121,289.1509,290.0077,245.6065,0.529,9736512.18020752,9665557.543427799,103476.51745586534,1412.1616999999999,1401.8706,15.008,1386.8626,9562081.025971934,119.12367981798879,117.83382139495482,1172.2969337435,741.0342872137794,1.5819739436770575,5.95618399089944,5.95618399089944,0.36241970779065014,718.9124155601223,True,23871.34113744062,0.6967173364087064,0.5201818425514942,0.4994387326351051,True,23910.363759339776,0.6978562643404355,0.5193328860251526,1.3854982663881306,0.2615807732011428,0.24,0.006096,2.9186350796015867e-05,50.0,0.05
530,1397.3312,1387.0423,0.312,289.143,290.0003,245.6002,0.53,9735584.14587586,9664644.677562185,103475.82798013602,1412.0271,1401.7382,15.0079,1386.7303,9561168.849582048,119.11644365353828,117.82649222203972,1172.2940954984601,741.0335390651062,1.581971710723695,5.955822182676915,5.955822182676915,0.3628839346533823,718.8466288565801,True,23869.403403869583,0.6966607810369528,0.5208904312271512,0.4994390657534928,True,23908.399306494,0.6977989291305564,0.5200408305377144,1.3853890928102783,0.2619364744075384,0.24,0.006096,2.9186350796015867e-05,50.0,0.05
531,1397.1967,1386.9101,0.312,289.1352,289.9929,245.594,0.531,9734656.80101993,9663733.190648027,103475.82798013602,1411.8926,1401.606,15.0079,1386.5981,9560257.36266789,119.10916446060267,117.81917912759876,1172.29127845492,741.0327938224726,1.5819695001727048,5.955458223030134,5.955458223030134,0.36249643633982487,718.7809404153412,True,23867.469141473768,0.6966043269761371,0.5203763776681832,0.4994393955303027,True,23906.438333826572,0.6977416954943835,0.5195281272147263,1.3852800633258815,0.2616773646980214,0.24,0.006096,2.9186350796015867e-05,50.0,0.05
532,1397.0623,1386.778,0.3119,289.1273,289.9854,245.5878,0.532,9733730.145639727,9662822.393209599,103475.1385044067,1411.7582,1401.4739,15.0078,1386.4660999999999,9559347.254705193,119.1019437960847,117.81192371651824,1172.288634063876,741.0320666479267,1.5819674840344589,5.955097189804235,5.955097189804235,0.36169093186299506,718.7152938002874,True,23865.541965318323,0.6965480797368185,0.5192619754255229,0.4994396963044299,True,23904.484125076393,0.6976846592722721,0.5184160595422306,1.3851714724702842,0.2611163592749737,0.24,0.006096,2.9186350796015867e-05,50.0,0.05
533,1396.9282,1386.6461,0.3119,289.1195,289.978,245.5815,0.533,9732805.558686715,9661912.97472263,103475.1385044067,1411.6241000000002,1401.3419999999999,15.0078,1386.3341999999998,9558437.836218223,119.09469682332815,117.80463445554312,1172.2858482078811,741.0313257244749,1.5819653063408448,5.954734841166408,5.954734841166408,0.3608854052126844,718.6497526018046,True,23863.61288106771,0.6964917768071651,0.5181474027834808,0.4994400211803568,True,23902.52834678445,0.6976275772409641,0.5173038122144543,1.3850627321859643,0.2605552779859436,0.24,0.006096,2.9186350796015867e-05,50.0,0.05
534,1396.7942,1386.5143,0.3118,289.1116,289.9706,245.5753,0.534,9731881.661209429,9661004.245711392,103474.4490286774,1411.4901,1401.2102,15.007700000000002,1386.2024999999999,9557529.796682714,119.0875083798762,117.79735295039339,1172.2830723309353,741.0305862126271,1.5819631390958093,5.95437541899381,5.95437541899381,0.36028864561649243,718.5842603813552,True,23861.68550404511,0.6964355237052672,0.5173323780206354,0.4994403444979805,True,23900.574282931673,0.6975705452478792,0.5164906231648085,1.3849541370213456,0.26014482067353795,0.24,0.006096,2.9186350796015867e-05,50.0,0.05
535,1396.6604,1386.3828,0.3118,289.1038,289.9632,245.5691,0.535,9730959.142683603,9660097.58512734,103474.4490286774,1411.3563,1401.0787,15.007700000000002,1386.071,9556623.136098662,119.08028527750349,117.79009585891,1172.2803289209314,741.0298511060462,1.5819610062552938,5.954014263875175,5.954014263875175,0.36075217404686555,718.5189157196136,True,23859.76336309116,0.6963794234251058,0.5180396805415715,0.49944066268345205,True,23898.625465834375,0.6975136663884401,0.5171972843410431,1.3848457849012898,0.2604998895762098,0.24,0.006096,2.9186350796015867e-05,50.0,0.05
536,1396.5268,1386.2514,0.3117,289.096,289.9558,245.5629,0.536,9730038.003109237,9659191.614019018,103473.75955294807,1411.2227000000003,1400.9473,15.0076,1385.9397,9555717.85446607,119.0730782929143,117.78284652663163,1172.27759550155,741.0291174123598,1.5819588838763723,5.953653914645716,5.953653914645716,0.35994623099077216,718.4536200391673,True,23857.842929620303,0.696323372980145,0.516923953665757,0.4994409793086562,True,23896.67836340227,0.6974568375738209,0.5160838801765627,1.3847375779227833,0.25993822709045,0.24,0.006096,2.9186350796015867e-05,50.0,0.05
537,1396.3934,1386.1201,0.3117,289.0882,289.9484,245.5566,0.537,9729118.242486326,9658286.332386425,103473.75955294807,1411.0892999999999,1400.816,15.0076,1385.8084,9554812.572833477,119.06588742826385,117.7756049545519,1172.2748720761513,741.0283851319418,1.5819567719628242,5.953294371413193,5.953294371413193,0.3593491690839983,718.3883733409876,True,23855.924203708495,0.6962673723726016,0.5161080115810678,0.49944129437302265,True,23894.732975702325,0.6974000588059761,0.5152697716992491,1.3846294161793595,0.2595273254236927,0.24,0.006096,2.9186350796015867e-05,50.0,0.05
538,1396.2601,1385.9891,0.3116,289.0804,289.941,245.5504,0.538,9728199.171339147,9657383.11918102,103473.07007721876,1410.956,1400.6850000000002,15.0075,1385.6775000000002,9553910.049103802,119.05870432615095,117.76838780259912,1172.2721811399015,741.0276572592668,1.5819546944787692,5.952935216307548,5.952935216307548,0.3587520178652994,718.3232742077304,True,23854.01071435238,0.6962115246010095,0.5152916968314994,0.4994416043014676,True,23892.792835189357,0.6973434331843711,0.514455289593942,1.3845215974314562,0.2591162308560956,0.24,0.006096,2.9186350796015867e-05,50.0,0.05
539,1396.127,1385.8582,0.3116,289.0726,289.9336,245.5442,0.539,9727281.479143428,9656480.595451342,103473.07007721876,1410.8229000000001,1400.5540999999996,15.0075,1385.5466,9553007.525374124,119.05153734754924,117.76117841422331,1172.2695002092025,741.0269308011494,1.5819526274730962,5.952576867377463,5.952576867377463,0.3581547957805924,718.2582240599911,True,23852.098932810964,0.6961557266742965,0.5144751124745954,0.4994419126671118,True,23890.85440963487,0.6972868576161458,0.5136405367011169,1.384413823937154,0.25870501261106377,0.24,0.006096,2.9186350796015867e-05,50.0,0.05
540,1395.994,1385.7275,0.3115,289.0648,289.9263,245.5381,0.54,9726364.476423435,9655579.450673126,103472.38060148944,1410.6898999999999,1400.4234,15.0074,1385.4159999999997,9552107.070071636,119.04437813431973,117.75393520239872,1172.266677815992,741.0261905875859,1.5819503989278167,5.952218906715987,5.952218906715987,0.35734846784407637,718.193279325606,True,23850.185246909394,0.6960998731662599,0.5133580418836329,0.49944224513245555,True,23888.914417969812,0.6972302363388682,0.5125257758764176,1.3843060011270605,0.25814268489274333,0.24,0.006096,2.9186350796015867e-05,50.0,0.05
541,1395.8613,1385.5969,0.3115,289.057,289.9189,245.5319,0.541,9725449.542130632,9654678.99537064,103472.38060148944,1410.5572,1400.2928,15.0074,1385.2854,9551206.61476915,119.03724340883548,117.74674967649398,1172.2640281525016,741.0254684560149,1.5819483648720014,5.951862170441775,5.951862170441775,0.35781111234064156,718.1283764422149,True,23848.278646092505,0.6960442264459902,0.5140637602406807,0.49944254858332165,True,23886.981189102207,0.6971738124429693,0.5132308557127732,1.3841985170156093,0.25849696264094946,0.24,0.006096,2.9186350796015867e-05,50.0,0.05
542,1395.7287,1385.4665,0.3114,289.0493,289.9116,245.5257,0.542,9724535.297313558,9653779.91901961,103471.69112576013,1410.4245999999998,1400.1624,15.0073,1385.1551,9550308.22789385,119.0300656898261,117.7395303335102,1172.2612370288484,741.0247325677553,1.5819461692820935,5.951503284491306,5.951503284491306,0.3572135712470299,718.0635789719702,True,23846.370141780644,0.6959885241696485,0.5132463522630704,0.4994428761331175,True,23885.046394917437,0.6971173428611744,0.5124152696889169,1.3840909836374555,0.2580853249316429,0.24,0.006096,2.9186350796015867e-05,50.0,0.05
543,1395.5963,1385.3363,0.3114,289.0415,289.9042,245.5195,0.543,9723622.431447942,9652882.221620038,103471.69112576013,1410.2921999999999,1400.0321999999999,15.0073,1385.0249,9549410.530494278,119.02295486598561,117.73237700731109,1172.2586299051393,741.024016262754,1.5819441801862966,5.9511477432992805,5.9511477432992805,0.35661589274468497,717.9988726512471,True,23844.470486735456,0.6959330801711082,0.5124284258150285,0.49944317287742235,True,23883.120129450046,0.697061122201517,0.5115991717030361,1.38398388787538,0.2576734424937151,0.24,0.006096,2.9186350796015867e-05,50.0,0.05
544,1395.464,1385.2063,0.3113,289.0338,289.8969,245.5134,0.544,9722710.255058056,9651985.903171929,103471.0016500308,1410.1598999999999,1399.9022000000002,15.0072,1384.895,9548514.901521897,119.01580105411631,117.72518987106714,1172.2558813259448,741.0232862000822,1.5819420295645423,5.950790052705816,5.950790052705816,0.3558091389159017,717.9342717441205,True,23842.568929109053,0.6958775806431652,0.5113099614260384,0.49944349371949,True,23881.192299502112,0.6970048558803815,0.5104830130149981,1.3838767428996248,0.257110426012636,0.24,0.006096,2.9186350796015867e-05,50.0,0.05
545,1395.332,1385.0764,0.3113,289.026,289.8896,245.5072,0.545,9721800.14709536,9651090.274199544,103471.0016500308,1410.0279,1399.7722999999999,15.0072,1384.7650999999996,9547619.272549512,119.00872250042896,117.71801051008784,1172.2531427727956,741.0225575527483,1.5819398894470915,5.950436125021448,5.950436125021448,0.35500223003600695,717.8697198274465,True,23840.66908056483,0.6958221309970941,0.5101910592112074,0.49944381299490725,True,23879.26618566241,0.6969486396461829,0.5093664150291325,1.383769643251785,0.25654720188959385,0.24,0.006096,2.9186350796015867e-05,50.0,0.05
546,1395.2001,1384.9467,0.3113,289.0183,289.8822,245.5011,0.546,9720890.72860839,9650196.02417862,103471.0016500308,1409.896,1399.6426,15.0072,1384.6353999999997,9546725.022528589,119.00160096491487,117.71089716679768,1172.2505882518433,741.0218484945188,1.581937955855716,5.950080048245744,5.950080048245744,0.3558823003836551,717.8052590706118,True,23838.778080783024,0.6957669396141072,0.5114964223235986,0.4994441014599176,True,23877.348600052603,0.6968926723198936,0.5106701713464064,1.3836630311721032,0.25720301284785113,0.24,0.006096,2.9186350796015867e-05,50.0,0.05
547,1395.0683,1384.8172,0.3112,289.0106,289.8749,245.4949,0.547,9719981.999597149,9649303.153109156,103470.31217430148,1409.7641999999998,1399.5131,15.007099999999998,1384.5059999999999,9545832.840934854,118.99448720841362,117.70375002329367,1172.2478922799862,741.021125676879,1.581935860747839,5.9497243604206815,5.9497243604206815,0.355075162776302,717.7409037273864,True,23836.885179735247,0.6957116927401047,0.5103768795056699,0.49944441402135553,True,23875.42945116793,0.6968366593673158,0.5095529318143052,1.3835563699539697,0.25663946224909884,0.24,0.006096,2.9186350796015867e-05,50.0,0.05
548,1394.9368,1384.6878,0.3112,289.0029,289.8676,245.4888,0.548,9719075.339013098,9648410.971515419,103470.31217430148,1409.6326999999999,1399.3836999999999,15.007099999999998,1384.3765999999998,9544940.659341117,118.98739795840382,117.69661065937744,1172.2452063489543,741.0204042762248,1.5819337761608856,5.949369897920191,5.949369897920191,0.35426793689202896,717.6765973787866,True,23834.993988096856,0.6956564957575241,0.509256995446085,0.4994447250136341,True,23873.51201868115,0.696780696510129,0.5084353494096532,1.383449754087127,0.2560757525493173,0.24,0.006096,2.9186350796015867e-05,50.0,0.05
549,1394.8054,1384.5586,0.3111,288.9952,289.8603,245.4827,0.549,9718169.367904777,9647520.168873142,103469.62269857217,1409.5013,1399.2545,15.007,1384.2475,9544050.54617457,118.98031649093795,117.68948740929335,1172.2425417212055,741.019685791453,1.5819317140936424,5.949015824546898,5.949015824546898,0.353669685049681,717.6123893202372,True,23833.106270687058,0.6956014001749979,0.508437281697112,0.49944503264668666,True,23871.59806910399,0.6967248353063641,0.5076174511479346,1.3833433824523733,0.2556629753219334,0.24,0.006096,2.9186350796015867e-05,50.0,0.05
550,1394.6742,1384.4296,0.3111,288.9875,289.8531,245.4766,0.55,9717264.775747912,9646630.745182324,103469.62269857217,1409.3700999999999,1399.1255,15.007,1384.1185,9543161.122483753,118.97325117100183,117.6823303717569,1172.239735637978,741.0189535430262,1.5819294905118961,5.948662558550092,5.948662558550092,0.3530713631539584,717.5482866719017,True,23831.21665392523,0.6955462491573172,0.5076173778260163,0.49944536437601667,True,23869.682558014785,0.6966689285277609,0.5067993543218415,1.3832368618464594,0.25525011145426635,0.24,0.006096,2.9186350796015867e-05,50.0,0.05
551,1394.5431,1384.3008,0.311,288.9798,289.8458,245.4705,0.551,9716360.87306678,9645742.700442964,103468.93322284285,1409.239,1398.9967,15.0069,1383.9897999999998,9542273.76722012,118.96619363641179,117.6752393568329,1172.2371136328934,741.0182408910684,1.5819274735036046,5.948309681820589,5.948309681820589,0.3522638360882411,717.4842751975302,True,23829.33588572737,0.6954913563969285,0.5064963537623007,0.49944566528769857,True,23867.775574939198,0.6966132706507547,0.5056806278742968,1.3831308787930194,0.25468583016210433,0.24,0.006096,2.9186350796015867e-05,50.0,0.05
552,1394.4123,1384.1721,0.311,288.9721,289.8385,245.4644,0.552,9715459.038812831,9644855.345179332,103468.93322284285,1409.1082,1398.868,15.0069,1383.8610999999999,9541386.41195649,118.9591606175583,117.66815612747877,1172.234501689103,741.0175296583776,1.5819254670392535,5.947958030877915,5.947958030877915,0.3527249183398453,717.4203127235335,True,23827.456827391892,0.6954365135411831,0.5071993078760845,0.4994459646267483,True,23865.87030866266,0.6965576628808479,0.5063829416232866,1.3830249411233493,0.2550387255152085,0.24,0.006096,2.9186350796015867e-05,50.0,0.05
553,1394.2816,1384.0435,0.3109,288.9645,289.8313,245.4583,0.553,9714557.894034615,9643968.67939143,103468.24374711353,1408.9775,1398.7393999999997,15.0068,1383.7325999999998,9540500.435644317,118.95208463967819,117.66103078580413,1172.2317370305493,741.0168031612558,1.58192328706945,5.9476042319839095,5.9476042319839095,0.3523354163139629,717.3564063640106,True,23825.57410616294,0.6953815637789438,0.506679260231247,0.4994462898510512,True,23863.961715533896,0.6965019580122649,0.5058642151121685,1.382918855541068,0.25477663776311116,0.24,0.006096,2.9186350796015867e-05,50.0,0.05
554,1394.151,1383.9152,0.3109,288.9568,289.824,245.4522,0.554,9713657.438732127,9643084.082030717,103468.24374711353,1408.8468999999998,1398.6110999999999,15.0068,1383.6043,9539615.838283604,118.94506720090574,117.6539798019253,1172.2291677448186,741.0160977653261,1.5819213257038502,5.947253360045288,5.947253360045288,0.3515275086770089,717.292640484105,True,23823.701997819113,0.6953269237680927,0.5055571655014056,0.49944658246272416,True,23862.063416449364,0.696446553589268,0.5047444155841477,1.3828133065126453,0.2542118354093191,0.24,0.006096,2.9186350796015867e-05,50.0,0.05
555,1394.0207,1383.787,0.3109,288.9492,289.8168,245.4461,0.555,9712759.051856827,9642200.174145734,103468.24374711353,1408.7166,1398.4829,15.0068,1383.4760999999999,9538731.93039862,118.9380235393311,117.64688671198957,1172.2264457465988,741.0153771037347,1.5819191908381933,5.946901176966556,5.946901176966556,0.3519881776232978,717.2289307184768,True,23821.82622743247,0.6952721768755753,0.5062595474553112,0.4994469009588962,True,23860.161791292794,0.6963910520903658,0.5054461520818374,1.3827075596476746,0.2545644414593259,0.24,0.006096,2.9186350796015867e-05,50.0,0.05
556,1393.8905,1383.659,0.3108,288.9416,289.8095,245.44,0.556,9711861.354457257,9641317.645212209,103467.55427138423,1408.5864,1398.3549,15.0067,1383.3482,9537850.090940824,118.9309876738008,117.63985964594397,1172.2239078790096,741.0146760481811,1.5819172625979019,5.946549383690041,5.946549383690041,0.3503297842385109,717.1653121435704,True,23819.959304762273,0.6952176882156139,0.5039137958898711,0.4994471886294359,True,23858.268693332357,0.6963357994692013,0.5031046579905244,1.3826023503236402,0.25338434015861866,0.24,0.006096,2.9186350796015867e-05,50.0,0.05
557,1393.7604,1383.5311,0.3108,288.9339,289.8023,245.4339,0.557,9710964.346533416,9640435.805754412,103467.55427138423,1408.4563,1398.2269999999999,15.0067,1383.2202999999997,9536968.251483027,118.92401034796156,117.63279047939601,1172.221217298746,741.0139597254606,1.581915160860187,5.946200517398078,5.946200517398078,0.3495215959860616,717.1017496820951,True,23818.088720845888,0.695163092697237,0.5027907834259665,0.499447502184137,True,23856.37227003219,0.6962804497935048,0.5019839291620479,1.3824968932332917,0.2528190824129982,0.24,0.006096,2.9186350796015867e-05,50.0,0.05
558,1393.6306,1383.4034,0.3107,288.9263,289.7951,245.4279,0.558,9710069.407036763,9639555.345248073,103466.86479565491,1408.3265,1398.0992999999996,15.0066,1383.0926999999997,9536088.480452418,118.91700680996138,117.62573744558482,1172.2185480674582,741.0132463222344,1.5819130816963984,5.945850340498069,5.945850340498069,0.34998188592726365,717.0382855226117,True,23816.221612963196,0.6951085986315987,0.5034923846665734,0.49944781237148994,True,23854.47933126737,0.6962252018186794,0.5026848855988565,1.3823916805044274,0.25317129064286403,0.24,0.006096,2.9186350796015867e-05,50.0,0.05
559,1393.5009,1383.2759,0.3107,288.9187,289.7879,245.4218,0.559,9709175.157015838,9638676.263693197,103466.86479565491,1408.1967999999997,1397.9718,15.0066,1382.9652,9535209.398897542,118.91001107252447,117.61870054649687,1172.2159001919847,741.0125358392654,1.5819110251142263,5.945500553626224,5.945500553626224,0.3493826430685658,716.9749196670323,True,23814.357981264027,0.6950542060230721,0.5026696335925319,0.499448119190334,True,23852.589877170547,0.6961700555485966,0.5018639343705253,1.3822866122003792,0.25275701868544076,0.24,0.006096,2.9186350796015867e-05,50.0,0.05
560,1393.3714,1383.1485,0.3106,288.9111,289.7807,245.4158,0.56,9708282.285946373,9637797.871614046,103466.17531992558,1408.0673,1397.8444,15.006499999999999,1382.8379,9534331.696294121,118.90303150423863,117.61167144711072,1172.2132624069657,741.0118267773304,1.5819089791116232,5.9451515752119315,5.9451515752119315,0.35005176582217246,716.9116028192096,True,23812.49606087354,0.6949998633614011,0.5036717045225446,0.499448424431229,True,23850.702141180573,0.696114959423783,0.5028648804098849,1.3821816893182477,0.2532603119600241,0.24,0.006096,2.9186350796015867e-05,50.0,0.05
561,1393.242,1383.0213,0.3106,288.9036,289.7735,245.4097,0.561,9707390.104352636,9636920.858486356,103466.17531992558,1407.9378999999997,1397.7172,15.006499999999999,1382.7107,9533454.683166431,118.89600900189157,117.60465848574252,1172.2106459890695,741.0111206369137,1.581906955703352,5.944800450094579,5.944800450094579,0.34945233421512967,716.8483842784582,True,23810.63761691564,0.6949456221641112,0.5028484575914152,0.49944872630169646,True,23848.817890079124,0.6960599650101483,0.502043432723551,1.3820769108789779,0.25284579422782183,0.24,0.006096,2.9186350796015867e-05,50.0,0.05
562,1393.1128,1382.8943,0.3106,288.896,289.7663,245.4037,0.562,9706499.301710362,9636045.224310122,103466.17531992558,1407.8087,1397.5901999999999,15.006499999999999,1382.5837,9532579.048990197,118.88905341087002,117.59766166437782,1172.2080509451293,741.0104174187778,1.5819049548970952,5.944452670543502,5.944452670543502,0.3473751826973057,716.7852640466672,True,23808.782649539895,0.6948914824355675,0.49989846109462915,0.4994490248005765,True,23846.937123998992,0.6960050723115683,0.49909863665735243,1.381972326869868,0.2513618948391692,0.24,0.006096,2.9186350796015867e-05,50.0,0.05
563,1392.9838,1382.7674,0.3105,288.8884,289.7591,245.3977,0.563,9705609.878019542,9635170.279609619,103465.48584419627,1407.6797,1397.4632999999997,15.0064,1382.4568999999997,9531704.793765422,118.88211399458368,117.59067264697872,1172.2054660062402,741.0097156233032,1.5819029646868192,5.944105699729184,5.944105699729184,0.34783473062179837,716.7221928267329,True,23806.929393796196,0.6948373926633171,0.5005987505775202,0.4994493217190316,True,23845.058076311812,0.6959502297666078,0.4997982840503514,1.3818678883105722,0.2517134478369347,0.24,0.006096,2.9186350796015867e-05,50.0,0.05
564,1392.855,1382.6407,0.3105,288.8809,289.752,245.3916,0.564,9704721.833280182,9634296.713860575,103465.48584419627,1407.5509,1397.3365999999999,15.0064,1382.3301999999999,9530831.228016378,118.87514002164514,117.58364989006418,1172.2027396232766,741.0090000536125,1.5819008129975034,5.943757001082258,5.943757001082258,0.34723503818941026,716.6592270135834,True,23805.07424532638,0.6947832476492984,0.49977462663964806,0.49944964272889075,True,23843.177473194948,0.695895341824331,0.498975948422234,1.3817633011287414,0.251298495122688,0.24,0.006096,2.9186350796015867e-05,50.0,0.05
565,1392.7263,1382.5142,0.3104,288.8733,289.7448,245.3856,0.565,9703834.478016552,9633424.52706299,103464.79636846695,1407.4222,1397.2101,15.0063,1382.2038,9529959.730694523,118.8682245930561,117.57669316266986,1172.200197457108,741.0083041047302,1.5818988680205606,5.943411229652805,5.943411229652805,0.34663519403829923,716.5963524181018,True,23803.22794368929,0.6947293608420431,0.49894997041461137,0.49944993289977807,True,23841.30539639812,0.6958407027342216,0.4981530868720934,1.3816592514964299,0.25088327216921974,0.24,0.006096,2.9186350796015867e-05,50.0,0.05
566,1392.5978,1382.3878,0.3104,288.8658,289.7376,245.3796,0.566,9702948.501704378,9632553.029741133,103464.79636846695,1407.2937,1397.0837,15.0063,1382.0774,9529088.233372666,118.86127461388361,117.56974424349967,1172.1976654105692,741.007609580135,1.5818969336559883,5.943063730694181,5.943063730694181,0.3473035854935915,716.5335268385453,True,23801.38335400719,0.6946755240005066,0.499950802201199,0.4994502214877678,True,23839.43503828031,0.695786113806081,0.49915279796800704,1.381555247381179,0.251385955177635,0.24,0.006096,2.9186350796015867e-05,50.0,0.05
567,1392.4694,1382.2616,0.3104,288.8583,289.7305,245.3736,0.567,9702063.214867935,9631682.911370736,103464.79636846695,1407.1652999999997,1396.9575,15.0063,1381.9512,9528218.115002269,118.85433244963636,117.56276159439712,1172.1949919243987,741.0069012796181,1.5818948378215876,5.942716622481818,5.942716622481818,0.34522608589986703,716.47080666581,True,23799.536872880035,0.6946216319545911,0.4969987544563472,0.4994505341658593,True,23837.563125907327,0.6957314795149038,0.49620593011052866,1.3814511446922,0.24990104588663292,0.24,0.006096,2.9186350796015867e-05,50.0,0.05
568,1392.3413,1382.1356,0.3103,288.8507,289.7234,245.3676,0.568,9701179.996458681,9630814.171951797,103464.10689273763,1407.0372,1396.8315,15.0062,1381.8253,9527350.065059058,118.84746557044762,117.55579509870988,1172.1923398393217,741.0061959029448,1.5818927646225143,5.942373278522382,5.942373278522382,0.3446260090954638,716.4081848087758,True,23797.69386971993,0.6945678414178422,0.49617328725149207,0.49945084346739527,True,23835.694699808704,0.695676946975353,0.49538224688028004,1.381347286505232,0.2494854208367524,0.24,0.006096,2.9186350796015867e-05,50.0,0.05
569,1392.2132,1382.0097,0.3103,288.8432,289.7162,245.3616,0.569,9700296.778049426,9629946.122008586,103464.10689273763,1406.9090999999999,1396.7056,15.0062,1381.6993999999997,9526482.015115848,118.84054740927253,117.5488862939487,1172.1898607311616,741.0055086536264,1.5818908861568084,5.942027370463627,5.942027370463627,0.34529403522356006,716.3456048820502,True,23795.85794750926,0.6945142575481673,0.4971734294448412,0.49945112371692646,True,23833.833032522216,0.695622611700864,0.4963812696934664,1.381243766913059,0.24998775994135888,0.24,0.006096,2.9186350796015867e-05,50.0,0.05
570,1392.0854,1381.884,0.3102,288.8357,289.7091,245.3557,0.57,9699415.62806736,9629079.451016836,103463.41741700831,1406.7812999999999,1396.5799,15.006099999999998,1381.5738000000001,9525616.033599827,118.8336538090387,117.54194376882269,1172.187240187887,741.0048076266985,1.5818888462305476,5.941682690451935,5.941682690451935,0.3444844838377321,716.2831303621714,True,23794.020135131534,0.6944606185114138,0.49604610348696154,0.4994514280552481,True,23831.96981215228,0.6955682310975368,0.49525620699233225,1.381140198802221,0.2494203587271463,0.24,0.006096,2.9186350796015867e-05,50.0,0.05
571,1391.9577,1381.7584,0.3102,288.8282,289.702,245.3497,0.571,9698535.16756102,9628213.469500814,103463.41741700831,1406.6535999999999,1396.4542999999999,15.006099999999998,1381.4482,9524750.052083805,118.82676802991904,117.5350090616237,1172.1846297785496,741.0041080241895,1.5818868169355473,5.941338401495952,5.941338401495952,0.34515218501792333,716.2207048614517,True,23792.18403581382,0.6944070294726308,0.49704592604722053,0.49945173080787963,True,23830.108311466323,0.6955139006855094,0.4962549054414813,1.3810366762715252,0.2499225335200751,0.24,0.006096,2.9186350796015867e-05,50.0,0.05
572,1391.8302,1381.633,0.3101,288.8208,289.6949,245.3437,0.572,9697656.086006144,9627348.86693625,103462.72794127901,1406.5261,1396.3289,15.006,1381.3229,9523886.138994971,118.81984772163797,117.52809051435369,1172.182040792687,741.0034113480209,1.5818848103010394,5.9409923860818985,5.9409923860818985,0.34455170766523224,716.158377682688,True,23790.35141495524,0.6943535419573761,0.49621941395149255,0.4994520301801588,True,23828.25029749056,0.6954596720378289,0.4954301759232571,1.3809333982848946,0.24950639045529785,0.24,0.006096,2.9186350796015867e-05,50.0,0.05
573,1391.7028,1381.5078,0.3101,288.8133,289.6878,245.3378,0.573,9696777.693926994,9626485.643323146,103462.72794127901,1406.3987,1396.2037,15.006,1381.1977000000002,9523022.915381867,118.81298596161241,117.52118812897285,1172.179473237054,741.0027175989468,1.581882826334617,5.940649298080621,5.940649298080621,0.3424737524824195,716.096148827749,True,23788.522272703394,0.6943001559699579,0.4932646918449464,0.4994523261709383,True,23826.395770355983,0.6954055451583184,0.49248061777311647,1.3808302648829998,0.24802016670125487,0.24,0.006096,2.9186350796015867e-05,50.0,0.05
574,1391.5757,1381.3827,0.3101,288.8058,289.6807,245.3318,0.574,9695901.370275032,9625623.10918577,103462.72794127901,1406.2716,1396.0785999999998,15.006,1381.0726,9522160.381244492,118.80614877153866,117.51429356572892,1172.1769158297875,741.0020252759009,1.5818808530156785,5.940307438576934,5.940307438576934,0.34314112573702005,716.0339689960068,True,23786.694843830388,0.6942468199898155,0.4942638782876296,0.49945262057358,True,23824.54296318767,0.6953514684783466,0.49347868134646145,1.3807272270698983,0.24852202448793226,0.24,0.006096,2.9186350796015867e-05,50.0,0.05
575,1391.4486,1381.2578,0.31,288.7984,289.6736,245.3259,0.575,9695025.04662307,9624761.953999855,103462.03846554969,1406.1444999999999,1395.9537,15.0059,1380.9478000000001,9521299.915534304,118.79926031658295,117.50741516762545,1172.1743798639225,741.0013358811959,1.5818789023773854,5.939963015829147,5.939963015829147,0.34254038194012537,715.9718874911919,True,23784.87089380998,0.6941935855446856,0.4934363973866997,0.4994529115928276,True,23822.69364307847,0.6952974935729055,0.4926529796331105,1.3806244338343225,0.2481054032839396,0.24,0.006096,2.9186350796015867e-05,50.0,0.05
576,1391.3218,1381.1331,0.31,288.7909,289.6666,245.3199,0.576,9694150.791398296,9623902.177765395,103462.03846554969,1406.0176999999999,1395.829,15.0059,1380.8230999999998,9520440.139299845,118.79244715626106,117.50050307103629,1172.1717024628804,741.0006327030574,1.581876790289607,5.939622357813054,5.939622357813054,0.3417301835256694,715.9099113900106,True,23783.045056747364,0.6941402960236797,0.4923070818438867,0.49945322669942777,True,23820.842772758595,0.6952434734224716,0.49152591371111465,1.380521492275089,0.24753702527477545,0.24,0.006096,2.9186350796015867e-05,50.0,0.05
577,1391.1951,1381.0085,0.3099,288.7835,289.6595,245.314,0.577,9693277.22564925,9623043.091006666,103461.34898982037,1405.8909999999998,1395.7043999999999,15.0058,1380.6986,9519581.742016846,118.7855911092419,117.49364866778322,1172.169198103389,740.9999476638473,1.581874872999506,5.939279555462096,5.939279555462096,0.34239716266620235,715.8479772395716,True,23781.226299714766,0.6940872131429136,0.49330567712922596,0.49945351274414423,True,23818.99866035764,0.6951896505110301,0.49252338899825115,1.380418989269646,0.24803857765485995,0.24,0.006096,2.9186350796015867e-05,50.0,0.05
578,1391.0686,1380.8841,0.3099,288.7761,289.6525,245.3081,0.578,9692405.038851667,9622185.383199396,103461.34898982037,1405.7645,1395.5799999999997,15.0058,1380.5741999999998,9518724.034209576,118.77875126975442,117.48676057214028,1172.166552310977,740.9992488400101,1.5818727942652218,5.9389375634877215,5.9389375634877215,0.34052823877846095,715.7861484925866,True,23779.40565646662,0.6940340752103987,0.49065060483554596,0.4994538228754719,True,23817.15299850425,0.6951357823767262,0.48987298224552184,1.3803163379843344,0.24670304147506636,0.24,0.006096,2.9186350796015867e-05,50.0,0.05
579,1390.9422,1380.7598,0.3099,288.7686,289.6454,245.3021,0.579,9691533.54152981,9621328.364867857,103461.34898982037,1405.6381,1395.4557,15.0058,1380.4499,9517867.015878037,118.77196997969077,117.47993016954746,1172.1640795777948,740.998568158519,1.5818709103457245,5.938598498984539,5.938598498984539,0.33992711529617736,715.7243617020766,True,23777.59209286159,0.6939811439068314,0.48982183202057344,0.49945410394227563,True,23815.3140942012,0.6950821114706571,0.48904598418877215,1.3802140752522425,0.24628579101691425,0.24,0.006096,2.9186350796015867e-05,50.0,0.05
580,1390.816,1380.6358,0.3098,288.7612,289.6384,245.2962,0.58,9690663.423159411,9620473.414963502,103460.65951409105,1405.5118999999997,1395.3317,15.0057,1380.3259999999998,9517012.75544941,118.76515418514256,117.47307442434025,1172.1614767094463,740.997875193797,1.5818688770232774,5.938257709257129,5.938257709257129,0.34038440245058155,715.6627296192231,True,23775.7784093896,0.693928209104785,0.49051818038886297,0.4994544072992732,True,23813.475408339782,0.695028446940102,0.48974168460174705,1.3801118632713558,0.24663537174714917,0.24,0.006096,2.9186350796015867e-05,50.0,0.05
581,1390.69,1380.5118,0.3098,288.7538,289.6313,245.2903,0.581,9689794.683740472,9619618.46505915,103460.65951409105,1405.3859,1395.2077,15.0057,1380.2019999999998,9516157.805545058,118.75835460359276,117.46626802854995,1172.1590356236677,740.9971988723782,1.5818670264980965,5.937917730179638,5.937917730179638,0.34105084304565025,715.601090194498,True,23773.970039677657,0.6938754293920033,0.4915159531509717,0.49945468338458665,True,23811.641712546872,0.694974928051437,0.49073834073681594,1.3800098908391318,0.24713652076672446,0.24,0.006096,2.9186350796015867e-05,50.0,0.05
582,1390.5641,1380.3881,0.3097,288.7465,289.6243,245.2844,0.582,9688926.633797264,9618765.583581984,103459.97003836173,1405.26,1395.0839999999998,15.0056,1380.0783999999996,9515305.613543622,118.75151215142076,117.45943629685407,1172.1564644071436,740.9965102667779,1.5818650265777054,5.937575607571038,5.937575607571038,0.3404494090550543,715.5396054778723,True,23772.16155096933,0.6938226462061514,0.49068650456517177,0.4994549817589827,True,23809.808235992983,0.694921415561559,0.48991065958147306,1.3799079692086906,0.24671892376292695,0.24,0.006096,2.9186350796015867e-05,50.0,0.05
583,1390.4384,1380.2644,0.3097,288.7391,289.6173,245.2785,0.583,9688059.962805511,9617912.70210482,103459.97003836173,1405.1343,1394.9603,15.0056,1379.9546999999998,9514452.732066458,118.74473662723054,117.45260405799489,1172.1538920740838,740.9958215865854,1.5818630253060308,5.937236831361528,5.937236831361528,0.33837074831353675,715.4781204878691,True,23770.353011571413,0.6937698615408555,0.4877276559146269,0.49945528033536607,True,23807.974713582866,0.6948679017333049,0.48695694169998627,1.379805994264537,0.24523066990580428,0.24,0.006096,2.9186350796015867e-05,50.0,0.05
584,1390.3129,1380.141,0.3097,288.7317,289.6103,245.2727,0.584,9687194.67076522,9617061.889054844,103459.97003836173,1405.0088,1394.8369,15.0056,1379.8313,9513601.919016482,118.7379773214882,117.44579634700455,1172.1513525248074,740.9951373411106,1.581861058806406,5.936898866074411,5.936898866074411,0.33776918470812234,715.41678314137,True,23768.549718352682,0.6937172299923855,0.4868974995933571,0.49945557372436655,True,23806.14644699243,0.6948145413032478,0.4861285488852556,1.3797043130365376,0.24481273379854793,0.24,0.006096,2.9186350796015867e-05,50.0,0.05
585,1390.1875,1380.0177,0.3096,288.7243,289.6033,245.2668,0.585,9686330.068200655,9616211.765480597,103459.28056263241,1404.8834,1394.7136,15.0055,1379.7081,9512752.484917965,118.73122585984223,117.43899647609695,1172.1488231667684,740.9944545250023,1.581859103005228,5.936561292992112,5.936561292992112,0.3384351673439596,715.3554948292631,True,23766.7481402366,0.6936646485015031,0.4878945007145283,0.4994558655175969,True,23804.319901920953,0.694761231118047,0.48712442805614187,1.3796027775096713,0.24531348650578308,0.24,0.006096,2.9186350796015867e-05,50.0,0.05
586,1390.0623,1379.8946,0.3096,288.717,289.5963,245.2609,0.586,9685466.844587551,9615363.020857807,103459.28056263241,1404.7582,1394.5905,15.0055,1379.585,9511903.740295175,118.72443991479444,117.43221279190152,1172.1463153056711,740.9937746419887,1.5818571699499013,5.936221995739722,5.936221995739722,0.3378334200720019,715.2943048587049,True,23764.950042967743,0.6936121686038489,0.48706385983973816,0.49945615391765064,True,23802.49684570189,0.6947080227597165,0.4862955500786705,1.379501386714259,0.24489531023717526,0.24,0.006096,2.9186350796015867e-05,50.0,0.05
587,1389.9372,1379.7716,0.3096,288.7096,289.5893,245.255,0.587,9684604.310450176,9614514.965710748,103459.28056263241,1404.6331,1394.4675,15.0055,1379.4620000000002,9511055.685148116,118.71771252303934,117.42543695033908,1172.1438176445492,740.9930961893165,1.581855247602844,5.9358856261519675,5.9358856261519675,0.33723152483707963,715.2331639249866,True,23763.15366099526,0.6935597387694363,0.48623284482374957,0.4994564407204525,True,23800.67551117309,0.694654864651242,0.48546629700259836,1.3794000916390265,0.24447694826261424,0.24,0.006096,2.9186350796015867e-05,50.0,0.05
588,1389.8123,1379.6488,0.3095,288.7023,289.5824,245.2492,0.588,9683743.15526426,9613668.289515145,103458.5910869031,1404.5082,1394.3446999999999,15.0054,1379.3392999999996,9510209.698428242,118.71095065380096,117.41862745006912,1172.1411785547637,740.9924039438652,1.5818531638329194,5.935547532690048,5.935547532690048,0.33768771696168187,715.1721283912057,True,23761.35539752969,0.6935072540211066,0.4869274474112487,0.4994567516069917,True,23798.852631530877,0.6946016614465456,0.48616024939881214,1.3792987485262214,0.24482565312445959,0.24,0.006096,2.9186350796015867e-05,50.0,0.05
589,1389.6876,1379.5262,0.3095,288.695,289.5754,245.2433,0.589,9682883.379029801,9612822.992271004,103458.5910869031,1404.3835,1394.2221,15.0054,1379.2167,9509364.4011841,118.70420501436088,117.41188399166151,1172.1387239117475,740.9917313593696,1.581851287006168,5.935210250718044,5.935210250718044,0.3370856297797218,715.1111841469275,True,23759.565978167702,0.6934550273998864,0.4860958771091851,0.4994570316191521,True,23797.038275531224,0.6945487070158708,0.4853304402912368,1.3791978429679568,0.24440701636708792,0.24,0.006096,2.9186350796015867e-05,50.0,0.05
590,1389.563,1379.4037,0.3094,288.6877,289.5684,245.2375,0.59,9682024.292271074,9611978.384502592,103457.90161117379,1404.2589000000003,1394.0996,15.0053,1379.0943000000002,9508520.482891418,118.69746722860977,117.40514838003654,1172.136279482948,740.9910602068043,1.5818494209036946,5.934873361430489,5.934873361430489,0.3364834585013341,715.0502889434305,True,23757.778274416454,0.6934028508510831,0.4852640252175688,0.49945731003164545,True,23795.225641500583,0.6944958028431877,0.4845003484885131,1.3790970831547376,0.24398823158382385,0.24,0.006096,2.9186350796015867e-05,50.0,0.05
591,1389.4386,1379.2813,0.3094,288.6804,289.5615,245.2316,0.591,9681166.584463801,9611134.466209907,103457.90161117379,1404.1345,1393.9772,15.0053,1378.9719,9507676.564598734,118.69074567602081,117.39837077169206,1172.1336823216216,740.9903737557943,1.581847381337126,5.934537283801041,5.934537283801041,0.3356717497063073,714.9894498321182,True,23755.98692461983,0.6933505678875205,0.48412991241792996,0.4994576143244354,True,23793.409696117804,0.6944428020242195,0.48336846278464324,1.3789960763490092,0.2434174799068481,0.24,0.006096,2.9186350796015867e-05,50.0,0.05
592,1389.3144,1379.1592,0.3094,288.6731,289.5545,245.2258,0.592,9680310.25560799,9610292.61634441,103457.90161117379,1404.0103,1393.8551,15.0053,1378.8498,9506834.714733237,118.68404035862152,117.39166755313875,1172.1312809450703,740.9897084752164,1.5818455607933375,5.934202017931076,5.934202017931076,0.33506941890755115,714.9287513275139,True,23754.206184229464,0.6932985945738107,0.4832974154715074,0.4994578859404966,True,23791.6040412809,0.6943901015487332,0.48253772362282954,1.3788956561117556,0.24299838600724022,0.24,0.006096,2.9186350796015867e-05,50.0,0.05
593,1389.1903,1379.0371,0.3093,288.6658,289.5476,245.22,0.593,9679454.616227908,9609450.766478915,103457.21213544447,1403.8862,1393.733,15.0052,1378.7277999999997,9505993.55434347,118.67734289926453,117.38491399586317,1172.1287155276268,740.9890263907423,1.5818435547377911,5.9338671449632265,5.9338671449632265,0.33446700404056173,714.8680596064956,True,23752.42003275956,0.6932464633304353,0.4824647823426953,0.4994581852343568,True,23789.793308413373,0.6943372528640636,0.4817068400995665,1.378794989898443,0.2425792133645607,0.24,0.006096,2.9186350796015867e-05,50.0,0.05
594,1389.0664,1378.9153,0.3093,288.6585,289.5407,245.2142,0.594,9678600.355799284,9608610.985040607,103457.21213544447,1403.7622999999996,1393.6111999999998,15.0052,1378.6059999999998,9505153.772905162,118.6706616784599,117.37818498917333,1172.1261829539174,740.9883487462545,1.581841583524416,5.933533083922995,5.933533083922995,0.33386452239892606,714.8075155447326,True,23750.63912954238,0.6931944852644047,0.48163182122197684,0.4994584793303087,True,23787.987833228774,0.6942845576319724,0.4808756276211195,1.378694567543779,0.24215988824393808,0.24,0.006096,2.9186350796015867e-05,50.0,0.05
595,1388.9426,1378.7936,0.3093,288.6512,289.5338,245.2084,0.595,9677746.784846392,9607771.89307803,103457.21213544447,1403.6385,1393.4895,15.0052,1378.4842999999998,9504314.680942584,118.66398831836857,117.3714638387021,1172.1236606084096,740.9876725338332,1.5818396230537708,5.933199415918429,5.933199415918429,0.3345292725721265,714.7470205268991,True,23748.859943008873,0.6931425573021064,0.4826269416701272,0.4994587718238658,True,23786.184080989206,0.6942319126863592,0.48186962664630556,1.3785942409992553,0.2426597055342749,0.24,0.006096,2.9186350796015867e-05,50.0,0.05
596,1388.819,1378.6721,0.3092,288.644,289.5269,245.2026,0.596,9676894.592844956,9606934.18006691,103456.52265971516,1403.5149,1393.368,15.005100000000002,1378.3629,9503477.657407194,118.65728050755702,117.36475889433343,1172.1211598081884,740.9869992584789,1.5818376853860519,5.932864025377851,5.932864025377851,0.3337170955378497,714.6866238632311,True,23747.08423914701,0.6930907309862842,0.4814912112054399,0.49945906091569003,True,23784.383819244053,0.6941793696155406,0.48073611827829626,1.3784941593108,0.24208814617299274,0.24,0.006096,2.9186350796015867e-05,50.0,0.05
597,1388.6956,1378.5507,0.3092,288.6367,289.5199,245.1968,0.597,9676043.779794978,9606097.156531518,103456.52265971516,1403.3915,1393.2466,15.005100000000002,1378.2414999999999,9502640.633871803,118.65063963454705,117.35811164480135,1172.1188322210771,740.9863441540813,1.5818359426841824,5.932531981727353,5.932531981727353,0.3331142773204192,714.6262692049883,True,23745.3156121848,0.6930391112193378,0.48065725574179446,0.49945932091974315,True,23782.59031241284,0.6941270236960098,0.47990391664437676,1.3783944161110262,0.2416683305060543,0.24,0.006096,2.9186350796015867e-05,50.0,0.05
598,1388.5723,1378.4295,0.3091,288.6295,289.5131,245.191,0.598,9675193.65622073,9605261.511947585,103455.83318398584,1403.2682,1393.1253999999997,15.005,1378.1203999999998,9501805.6787636,118.6439559364642,117.35138093233748,1172.1162002376175,740.9856585121164,1.5818338543706798,5.9321977968232105,5.9321977968232105,0.33251143807774497,714.5660269857659,True,23743.539748083087,0.6929872802266992,0.47982329194984563,0.49945963248803493,True,23780.79023268797,0.6940744859376989,0.47907169160456886,1.3782943324527437,0.2412484984147212,0.24,0.006096,2.9186350796015867e-05,50.0,0.05
599,1388.4492,1378.3084,0.3091,288.6222,289.5062,245.1852,0.599,9674344.911597941,9604426.556839382,103455.83318398584,1403.1450999999997,1393.0042999999998,15.005,1377.9992999999997,9500970.723655397,118.63733917702393,117.34470791722697,1172.1137414759028,740.9849910420717,1.5818319610327336,5.931866958851197,5.931866958851197,0.3316989307163567,714.5058267743626,True,23741.77096107167,0.6929356557885006,0.4786864811263206,0.4994599149670907,True,23778.996908046054,0.6940221453356088,0.4779370989033164,1.3781945872966175,0.24067641374720322,0.24,0.006096,2.9186350796015867e-05,50.0,0.05
600,1388.3263,1378.1875,0.3091,288.615,289.4993,245.1794,0.6,9673497.545926612,9603592.98068264,103455.83318398584,1403.0221999999999,1392.8834,15.005,1377.8784,9500137.147498654,118.63068797923555,117.3380511145518,1172.1113042812847,740.984326511529,1.5818300905222287,5.9315343989617775,5.9315343989617775,0.3323630927720842,714.4457249231623,True,23740.00565721095,0.69288413301076,0.4796806232636342,0.4994601940407147,True,23777.20707432289,0.693969906620698,0.47893012305178145,1.3780950370295355,0.24117574176051615,0.24,0.006096,2.9186350796015867e-05,50.0,0.05
601,1388.2035,1378.0667,0.309,288.6078,289.4924,245.1736,0.601,9672650.86973101,9602760.094001625,103455.14370825651,1402.8994,1392.7625999999998,15.0049,1377.7576999999999,9499304.950293368,118.62404465331305,117.33140217564564,1172.1088773407732,740.9836634159442,1.5818282307835725,5.931202232665653,5.931202232665653,0.3319694750189228,714.3856721230874,True,23738.242070606135,0.6928326603534527,0.47914813203171835,0.49946047150755035,True,23775.418964051776,0.6939177182070633,0.47839890279305997,1.3779956326263014,0.24090749430477304,0.24,0.006096,2.9186350796015867e-05,50.0,0.05
602,1388.0808,1377.9461,0.309,288.6006,289.4856,245.1679,0.602,9671804.883011138,9601928.586272068,103455.14370825651,1402.7767,1392.6419999999998,15.0049,1377.6370999999997,9498473.442563811,118.61740920023477,117.32471962312826,1172.1063089800907,740.9829865171804,1.58182620965335,5.9308704600117395,5.9308704600117395,0.3313662432487945,714.3257247191988,True,23736.476608774006,0.6927811329651032,0.47831303059675856,0.4994607730538488,True,23773.62931442204,0.6938654848651679,0.47756553752372577,1.377896080518669,0.24048710779702723,0.24,0.006096,2.9186350796015867e-05,50.0,0.05
603,1387.9583,1377.8257,0.309,288.5934,289.4787,245.1621,0.603,9670960.275242725,9601098.457493972,103455.14370825651,1402.6542,1392.5216,15.0049,1377.5167,9497643.313785715,118.6107900035831,117.31810311867801,1172.1039251976629,740.9823293025601,1.5818243955977875,5.930539500179155,5.930539500179155,0.3305533718821607,714.265868645747,True,23734.719989372363,0.6927298636550318,0.4771749988344244,0.4994610437055914,True,23771.848186800442,0.6938135002495914,0.47642972032577624,1.377797015947183,0.23991441994444868,0.24,0.006096,2.9186350796015867e-05,50.0,0.05
604,1387.836,1377.7054,0.3089,288.5862,289.4719,245.1564,0.604,9670117.046425771,9600269.018191604,103454.4542325272,1402.5319,1392.4013,15.004800000000001,1377.3965,9496814.563959077,118.6041870653595,117.31144465562191,1172.1013886765174,740.9816567781908,1.581822408091514,5.930209353267975,5.930209353267975,0.3297404004497366,714.2060686571393,True,23732.959729480328,0.6926784880923307,0.4760367271659573,0.4994613402360317,True,23770.06375293797,0.693761419136909,0.4752936547840298,1.3776978046869404,0.2393416025836412,0.24,0.006096,2.9186350796015867e-05,50.0,0.05
605,1387.7139,1377.5853,0.3089,288.579,289.465,245.1506,0.605,9669275.196560275,9599440.957840694,103454.4542325272,1402.4098,1392.2812,15.004800000000001,1377.2764,9495986.503608167,118.59760038756511,117.30485224103515,1172.0990367531876,740.9810039415539,1.5818206276791933,5.929880019378256,5.929880019378256,0.3291369196422238,714.146360005119,True,23731.208311696286,0.6926273705984952,0.475200567597868,0.4994616058689496,True,23768.28784077271,0.6937095867414709,0.4744592347184692,1.3775990309463029,0.23892069626103937,0.24,0.006096,2.9186350796015867e-05,50.0,0.05
606,1387.5919,1377.4653,0.3089,288.5718,289.4582,245.1449,0.606,9668434.036170509,9598613.586965514,103454.4542325272,1402.2877999999998,1392.1612,15.004800000000001,1377.1564,9495159.132732987,118.59102158857381,117.29821787307394,1172.0965320909656,740.9803357937438,1.5818186738186606,5.929551079428691,5.929551079428691,0.33000992869483525,714.0867074371599,True,23729.453254170043,0.6925761468738671,0.47649623826120174,0.49946189738024327,True,23766.508623054953,0.6936576578690179,0.47575331282099165,1.3775000605459262,0.23957162554609748,0.24,0.006096,2.9186350796015867e-05,50.0,0.05
607,1387.47,1377.3455,0.3088,288.5647,289.4514,245.1391,0.607,9667593.565256473,9597787.595041791,103453.76475679789,1402.1659,1392.0413999999998,15.0047,1377.0366999999997,9494333.830284992,118.58439999041731,117.29159973163307,1172.0940490262165,740.979670587423,1.5818167428224055,5.929219999520866,5.929219999520866,0.3294062771415156,714.027153237036,True,23727.701681212566,0.6925250248510854,0.475659745598866,0.4994621854806025,True,23764.732897537542,0.6936058309211494,0.4749185523772842,1.3774013351405132,0.23915054293737256,0.24,0.006096,2.9186350796015867e-05,50.0,0.05
608,1387.3483,1377.2259,0.3088,288.5575,289.4445,245.1334,0.608,9666754.473293893,9596962.98206953,103453.76475679789,1402.0441999999998,1391.9218,15.0047,1376.9171,9493509.21731273,118.57784533748816,117.28504763960001,1172.0917505897235,740.979025074336,1.5818150189502835,5.928892266874408,5.928892266874408,0.328592881834993,713.9676903829862,True,23725.958949906333,0.6924741608838385,0.4745200621140779,0.49946244267880285,True,23762.965693275226,0.6935542526776212,0.47378107850451034,1.3773030472448637,0.23857703828674834,0.24,0.006096,2.9186350796015867e-05,50.0,0.05
609,1387.2268,1377.1064,0.3088,288.5504,289.4377,245.1277,0.609,9665916.760282774,9596139.058572995,103453.76475679789,1401.9227,1391.8022999999998,15.0047,1376.7975999999996,9492685.293816196,118.57125627514391,117.27845360233866,1172.0892994151948,740.9783642480692,1.5818131216349465,5.928562813757196,5.928562813757196,0.32798907342885286,713.9082836121546,True,23724.212580001928,0.6924231907191889,0.4736829699308386,0.49946272575470746,True,23761.195184511438,0.6935025779877538,0.47294571619407105,1.3772045627511469,0.2381556685912016,0.24,0.006096,2.9186350796015867e-05,50.0,0.05
610,1387.1054,1376.987,0.3087,288.5432,289.4309,245.122,0.61,9665079.736747382,9595315.824552191,103453.07528106857,1401.8012999999999,1391.6829,15.0046,1376.6782999999998,9491862.749271123,118.56472577455101,117.27186744314359,1172.0868585257435,740.9777048588124,1.5818112351289646,5.92823628872755,5.92823628872755,0.32738512105470363,713.8489259003019,True,23722.467928789076,0.6923722707168739,0.47284551230761024,0.4994630072182196,True,23759.426400496854,0.6934509536370218,0.4721099875018259,1.3771062242222385,0.23773410888445012,0.24,0.006096,2.9186350796015867e-05,50.0,0.05
611,1386.9842,1376.8678,0.3087,288.5361,289.4241,245.1163,0.611,9664244.092163451,9594493.969482847,103453.07528106857,1401.6801,1391.5637,15.0046,1376.5591,9491040.894201778,118.55816087030173,117.26529751672483,1172.0844392553327,740.9770484134535,1.5818093715115018,5.927908043515087,5.927908043515087,0.3278383425813445,713.7896665622272,True,23720.726762617793,0.6923214524302047,0.4735348607652671,0.4994632852671391,True,23757.661109101744,0.6933994312231069,0.4727986897870123,1.3770080306975405,0.23808019653688867,0.24,0.006096,2.9186350796015867e-05,50.0,0.05
612,1386.8632,1376.7488,0.3086,288.529,289.4174,245.1106,0.612,9663409.826530978,9593673.49336496,103452.38580533925,1401.5591,1391.4447,15.0045,1376.4402000000002,9490221.107559621,118.55161224084773,117.25869400938372,1172.0818785688084,740.9763781569694,1.581807346523148,5.927580612042387,5.927580612042387,0.32723420321781305,713.7305126169985,True,23718.98372579858,0.6922705795461487,0.4726969668887954,0.49946358739273133,True,23755.894282556186,0.6933478640037525,0.4719625172394589,1.376909789740492,0.23765841862413317,0.24,0.006096,2.9186350796015867e-05,50.0,0.05
613,1386.7423,1376.6299,0.3086,288.5219,289.4106,245.1049,0.613,9662576.250374233,9592853.706722802,103452.38580533925,1401.4381999999998,1391.3258,15.0045,1376.3213,9489401.320917463,118.54507150217303,117.25214820107576,1172.0794912185447,740.9757260936115,1.581805516622915,5.927253575108652,5.927253575108652,0.3268396400962956,713.6714007157549,True,23717.247764084786,0.6922199131586015,0.47216156872015624,0.499463860411772,True,23754.134209183976,0.6932964938848845,0.47142837585237285,1.3768118872324722,0.23738874070391386,0.24,0.006096,2.9186350796015867e-05,50.0,0.05
614,1386.6215,1376.5112,0.3086,288.5148,289.4038,245.0992,0.614,9661743.363693219,9592035.299032101,103452.38580533925,1401.3174,1391.2070999999999,15.0045,1376.2025999999998,9488582.913226763,118.53853865524388,117.2456186305406,1172.077125504567,740.9750769760772,1.5818037096305848,5.9269269327621945,5.9269269327621945,0.3260256954063152,713.6123871930246,True,23715.51528779005,0.6921693484977176,0.47102012840343255,0.4994641300132958,True,23752.377628765993,0.6932452257126038,0.47028913191747607,1.3767141797731886,0.23681436582575724,0.24,0.006096,2.9186350796015867e-05,50.0,0.05
615,1386.501,1376.3926,0.3085,288.5077,289.397,245.0935,0.615,9660912.545439392,9591217.580817131,103451.69632960994,1401.1969,1391.0884999999998,15.0044,1376.0840999999996,9487765.88448752,118.53203047435677,117.23909694459489,1172.074770098096,740.9744292980578,1.5818019134728165,5.926601523717839,5.926601523717839,0.3254213438012812,713.5534227354752,True,23713.784530681663,0.6921188340136095,0.47018131541682945,0.4994643979986244,True,23750.622773535368,0.6931940078922466,0.4694520438668683,1.3766166183214226,0.236392136685146,0.24,0.006096,2.9186350796015867e-05,50.0,0.05
616,1386.3805,1376.2742,0.3085,288.5006,289.3903,245.0878,0.616,9660081.727185566,9590401.241553621,103451.69632960994,1401.0764000000001,1390.9701,15.0044,1375.9657,9486949.545224011,118.52552180149183,117.23254168934375,1172.0722732796257,740.9737678065932,1.5817999559541178,5.926276090074592,5.926276090074592,0.3248168934283058,713.4945636704589,True,23712.051904499927,0.6920682649780711,0.4693422742604705,0.4994646900592304,True,23748.86638459927,0.6931427453086234,0.46861471987805386,1.3765189094881838,0.23596980120605748,0.24,0.006096,2.9186350796015867e-05,50.0,0.05
617,1386.2603,1376.1559,0.3085,288.4935,289.3836,245.0822,0.617,9659252.977358926,9589585.59176584,103451.69632960994,1400.9561999999999,1390.8518,15.0044,1375.8473999999999,9486133.89543623,118.51903779861962,117.22599432385276,1172.0697867685492,740.973107753245,1.5817980092725117,5.925951889930982,5.925951889930982,0.3242123947584332,713.435753669873,True,23710.32099824363,0.6920177461408797,0.4685030067024186,0.49946498050331417,True,23747.111721529982,0.6930915330967543,0.4677771683486628,1.3764212966825766,0.23554735424382311,0.24,0.006096,2.9186350796015867e-05,50.0,0.05
618,1386.1401,1376.0378,0.3084,288.4864,289.3768,245.0765,0.618,9658424.227532288,9588771.320929516,103451.00685388062,1400.836,1390.7336999999998,15.0043,1375.7294,9485320.314075636,118.5125533057015,117.21951301251164,1172.0674849740053,740.9724674085514,1.5817962698035852,5.9256276652850755,5.9256276652850755,0.3248744028683177,713.3770350426075,True,23708.598932602297,0.691967485328978,0.46949374032201036,0.4994652400316608,True,23745.365578698653,0.6930405695595392,0.46876678961924423,1.3763242214143938,0.2360449651423392,0.24,0.006096,2.9186350796015867e-05,50.0,0.05
619,1386.0202,1375.9199,0.3084,288.4794,289.3701,245.0709,0.619,9657597.546132836,9587958.429044653,103451.00685388062,1400.7160999999999,1390.6158,15.0043,1375.6115,9484507.422190772,118.5060428225049,117.21299814088644,1172.0650417717843,740.9718132488222,1.5817943689825604,5.925302141125245,5.925302141125245,0.3240600186791198,713.3184218079531,True,23706.874999090374,0.69191717000075,0.4683508846568565,0.49946552363403457,True,23743.6179032643,0.6929895612912347,0.4676261184588477,1.3762269988291047,0.23546988901891214,0.24,0.006096,2.9186350796015867e-05,50.0,0.05
620,1385.9004,1375.802,0.3084,288.4723,289.3634,245.0652,0.62,9656771.554209115,9587145.537159787,103451.00685388062,1400.5963,1390.4978999999998,15.0043,1375.4936,9483694.530305907,118.49959090495433,117.20648280637045,1172.0625975499017,740.971159021092,1.5817924669272296,5.924979545247717,5.924979545247717,0.3236648923634675,713.2598083249296,True,23705.15101931199,0.6918668533221729,0.4678138442524151,0.49946580742091445,True,23741.870185966185,0.6929385518010795,0.4670903235535109,1.3761297732141438,0.23519939664375028,0.24,0.006096,2.9186350796015867e-05,50.0,0.05
621,1385.7807,1375.6844,0.3083,288.4653,289.3566,245.0596,0.621,9655946.251761124,9586334.713702112,103450.3173781513,1400.4766,1390.3803000000003,15.0042,1375.3761,9482884.39632396,118.49309622681037,117.20004188327994,1172.0603494143402,740.9705260149792,1.5817907842000265,5.924654811340519,5.924654811340519,0.32411684230555693,713.2013355408749,True,23703.437646171664,0.6918168462126548,0.46850093934533643,0.49946605848430153,True,23740.132756450043,0.692887842573738,0.46777677769842524,1.3760331842108169,0.23554435025594572,0.24,0.006096,2.9186350796015867e-05,50.0,0.05
622,1385.6613,1375.5669,0.3083,288.4583,289.3499,245.0539,0.622,9655123.017740319,9585524.579720164,103450.3173781513,1400.3572,1390.2628,15.0042,1375.2586,9482074.262342012,118.48662623126211,117.19355905158987,1172.0579485322166,740.9698776843202,1.581788928040008,5.9243313115631056,5.9243313115631056,0.3222453560128997,713.1429188322761,True,23701.72063981527,0.6917667330628181,0.4658295066982315,0.49946633542423097,True,23738.392027387596,0.6928370370446807,0.46510988700524436,1.3759363488695397,0.2342007726430473,0.24,0.006096,2.9186350796015867e-05,50.0,0.05
623,1385.5419,1375.4496,0.3083,288.4512,289.3432,245.0483,0.623,9654299.783719514,9584715.824689675,103450.3173781513,1400.2377999999999,1390.1454999999999,15.0042,1375.1412999999998,9481265.507311523,118.48020641256984,117.18709247461634,1172.0555693269405,740.969232302631,1.5817870948361359,5.924010320628493,5.924010320628493,0.32185002774940585,713.0846005126166,True,23700.007120506107,0.6917167216871651,0.46529166876923544,0.49946660893941824,True,23736.654792746904,0.6927863335050425,0.4645732922025998,1.3758397086865317,0.23392988712083718,0.24,0.006096,2.9186350796015867e-05,50.0,0.05
624,1385.4227,1375.3324,0.3082,288.4442,289.3365,245.0427,0.624,9653477.928650169,9583907.759134917,103449.62790242198,1400.1186,1390.0283,15.0041,1375.0242,9480458.131232494,118.47375223015214,117.18063379630242,1172.053200459685,740.9685883624794,1.581785272503779,5.923687611507607,5.923687611507607,0.322301651286125,713.0263312658615,True,23698.295321795762,0.6916667605295128,0.4659782277803599,0.4994668808328883,True,23734.919284569754,0.6927356803545748,0.46525920408943827,1.3757432146103648,0.23427457091068163,0.24,0.006096,2.9186350796015867e-05,50.0,0.05
625,1385.3037,1375.2153,0.3082,288.4372,289.3299,245.0371,0.625,9652657.452532282,9583100.383055886,103449.62790242198,1399.9995999999999,1389.9112,15.0041,1374.9071,9479650.755153464,118.4673143465184,117.1741332194146,1172.0506788359532,740.9679290932357,1.5817832767340656,5.923365717325921,5.923365717325921,0.32169642181042946,712.968118090079,True,23696.579891488458,0.6916166933787977,0.4651368668370714,0.4994671786037197,True,23733.180478342227,0.6926849309460519,0.46441954695198073,1.375646474275162,0.23385108589031467,0.24,0.006096,2.9186350796015867e-05,50.0,0.05
626,1385.1848,1375.0984,0.3082,288.4302,289.3232,245.0315,0.626,9651837.665890124,9582294.385928314,103449.62790242198,1399.8807,1389.7942999999998,15.0041,1374.7902,9478844.758025892,118.46088437327973,117.16769870100741,1172.048341997178,740.9672895444248,1.5817814882459906,5.9230442186639864,5.9230442186639864,0.32109111144018243,712.9099963085621,True,23694.87330108956,0.6915668842327504,0.4642950938815017,0.49946744544824945,True,23731.450191652788,0.6926344301917563,0.46357948355424394,1.375550221455772,0.23342739976470314,0.24,0.006096,2.9186350796015867e-05,50.0,0.05
627,1385.0661,1374.9817,0.3081,288.4232,289.3165,245.0259,0.627,9651019.258199425,9581489.767752202,103448.93842669266,1399.762,1389.6776,15.004,1374.6736,9478040.82932551,118.4544707020608,117.16128044346871,1172.0460268564875,740.9666529469564,1.5817797227379284,5.9227235351030405,5.9227235351030405,0.32027596171838013,712.8519729218103,True,23693.170198203185,0.6915171768744669,0.46314968366508236,0.4994677088644357,True,23729.72339979752,0.6925840314389167,0.46243624914795234,1.3754542138596708,0.23285105275852966,0.24,0.006096,2.9186350796015867e-05,50.0,0.05
628,1384.9476,1374.8651,0.3081,288.4162,289.3099,245.0203,0.628,9650202.229460185,9580685.839051818,103448.93842669266,1399.6435000000001,1389.561,15.004,1374.557,9477236.900625126,118.44807333481099,117.15482029532258,1172.0435589602441,740.966001018446,1.5817777837974871,5.92240366674055,5.92240366674055,0.3209368003194868,712.7940056052175,True,23691.463464836394,0.6914673635557085,0.4641387536631443,0.49946799815731235,True,23727.99331091789,0.6925335364579676,0.46342420030797404,1.3753579600625336,0.23334783353774657,0.24,0.006096,2.9186350796015867e-05,50.0,0.05
629,1384.8292,1374.7487,0.3081,288.4093,289.3032,245.0147,0.629,9649385.890196674,9579883.289302895,103448.93842669266,1399.5250999999998,1389.4446,15.004,1374.4406000000001,9476434.350876203,118.44163323004801,117.14842620658226,1172.0412758787197,740.9653688157467,1.5817760521681914,5.922081661502401,5.922081661502401,0.32054101758239995,712.7361296921383,True,23689.765570934338,0.6914178082286687,0.46359959747578444,0.49946825651935506,True,23726.271741146495,0.6924832901186998,0.4628862849924587,1.3752621937739073,0.23307629558461984,0.24,0.006096,2.9186350796015867e-05,50.0,0.05
630,1384.7109,1374.6324,0.308,288.4023,289.2966,245.0091,0.63,9648570.240408892,9579081.429029698,103448.24895096335,1399.4068,1389.3283,15.0039,1374.3243999999997,9475633.180078734,118.43525169410769,117.14199023232091,1172.038840041521,740.9647212806263,1.5817741471090006,5.921762584705385,5.921762584705385,0.3199353269678795,712.6783098484757,True,23688.064047278363,0.6913681469623577,0.4627568226473395,0.49946854075776653,True,23724.546875018885,0.6924329475708232,0.46204521042834407,1.3751662813813341,0.23265210273081247,0.24,0.006096,2.9186350796015867e-05,50.0,0.05
631,1384.5928,1374.5163,0.308,288.3954,289.2899,245.0035,0.631,9647755.969572568,9578280.947707962,103448.24895096335,1399.2886999999998,1389.2122000000002,15.0039,1374.2083,9474832.698756998,118.42883581696931,117.13562031788197,1172.0365890381338,740.9640934748155,1.581772449379789,5.921441790848466,5.921441790848466,0.31911982489418733,712.620581414265,True,23686.371362777678,0.6913187436787337,0.4616102598289844,0.49946879406244976,True,23722.83052770097,0.6923828536559148,0.4609008198414695,1.3750708064613573,0.23207519452428674,0.24,0.006096,2.9186350796015867e-05,50.0,0.05
632,1384.4749,1374.4003,0.308,288.3884,289.2833,244.998,0.632,9646943.077687703,9577481.155861953,103448.24895096335,1399.1707999999999,1389.0962,15.0039,1374.0922999999998,9474032.90691099,118.42248690111192,117.12920852298527,1172.0341852788797,740.9634503351969,1.5817705782230893,5.921124345055596,5.921124345055596,0.3185139821262055,712.5629090487431,True,23684.675049247136,0.6912692344769713,0.46076689984214303,0.49946907324319095,True,23721.110884692698,0.6923326635518314,0.46005915782183804,1.3749751354454725,0.2316507214677824,0.24,0.006096,2.9186350796015867e-05,50.0,0.05
633,1384.3571,1374.2844,0.3079,288.3815,289.2767,244.9924,0.633,9646130.875278568,9576682.053491676,103447.55947523404,1399.0529999999997,1388.9803,15.003800000000002,1373.9765,9473234.494016442,118.41609525768425,117.12280464004684,1172.0317918857659,740.9628086388906,1.581768717972129,5.920804762884213,5.920804762884213,0.31811794327541065,712.5052857631766,True,23682.980457664315,0.6912197755325791,0.4602269126781036,0.4994693507971056,True,23719.39296936781,0.6922825238725214,0.4595204014336633,1.3748796106309467,0.23137876277721728,0.24,0.006096,2.9186350796015867e-05,50.0,0.05
634,1384.2394,1374.1688,0.3079,288.3745,289.2701,244.9868,0.634,9645319.362345163,9575885.019548586,103447.55947523404,1398.9352999999999,1388.8646999999999,15.003800000000002,1373.8609,9472437.460073352,118.40976218338089,117.11642539204392,1172.0294315742588,740.9621714049904,1.5817668928386606,5.920488109169045,5.920488109169045,0.3175119647612519,712.447810199903,True,23681.291121742906,0.6911704699817646,0.4593830010845645,0.4994696231117294,True,23717.68031836714,0.6922325378396247,0.458678186021375,1.3747843301723761,0.2309540178723458,0.24,0.006096,2.9186350796015867e-05,50.0,0.05
635,1384.1219,1374.0532,0.3079,288.3676,289.2635,244.9813,0.635,9644509.228363216,9575087.985605495,103447.55947523404,1398.8178,1388.7491,15.003800000000002,1373.7453,9471640.426130261,118.4033947790938,117.1100456976868,1172.0270702821063,740.9615341060797,1.5817650665173573,5.920169738954691,5.920169738954691,0.3179622336283501,712.3903343984435,True,23679.601741152746,0.6911211631272322,0.460067279939183,0.499469895603902,True,23715.96762694231,0.6921825506268943,0.45936181624396455,1.3746890467914317,0.23129756825406017,0.24,0.006096,2.9186350796015867e-05,50.0,0.05
636,1384.0046,1373.9379,0.3079,288.3607,289.2569,244.9758,0.636,9643700.473332727,9574293.020089593,103447.55947523404,1398.7005,1388.6337999999998,15.003800000000002,1373.6299999999999,9470845.460614359,118.39704369403576,117.10369064192494,1172.024742084236,740.9609012709917,1.5817632753277913,5.919852184701789,5.919852184701789,0.317356073116116,712.333006322739,True,23677.917616500054,0.6910720096743345,0.4592228721080298,0.4994701628546339,True,23714.260200086494,0.6921327170677218,0.4585191037646964,1.3745940578203242,0.23087257747886922,0.24,0.006096,2.9186350796015867e-05,50.0,0.05
637,1383.8874,1373.8226,0.3078,288.3538,289.2503,244.9702,0.637,9642892.407777969,9573498.05457369,103446.86999950472,1398.5833,1388.5185,15.0037,1373.5147999999997,9470051.184574185,118.39070053616916,117.097335141603,1172.0224129118626,740.9602683715793,1.5817614829572924,5.919535026808458,5.919535026808458,0.31674983277025603,712.2756780105506,True,23676.233447314964,0.6910228549216986,0.4583782294814948,0.4994704302818734,True,23712.552732927386,0.6920828823322435,0.45767615535128364,1.3744991159733986,0.23044746198031477,0.24,0.006096,2.9186350796015867e-05,50.0,0.05
638,1383.7704,1373.7075,0.3078,288.3469,289.2437,244.9647,0.638,9642085.721174669,9572704.468009247,103446.86999950472,1398.4663,1388.4034,15.0037,1373.3996999999997,9469257.598009741,118.38437370072495,117.09099592125182,1172.0201054858924,740.9596384275438,1.5817597136237274,5.919218685036248,5.919218685036248,0.316143528963039,712.2184481056678,True,23674.552767427816,0.6909738020089365,0.4575333074045407,0.4994706942722337,True,23710.848762209363,0.6920331496451211,0.4568329264648079,1.3744043194085054,0.23002221726070818,0.24,0.006096,2.9186350796015867e-05,50.0,0.05
639,1383.6535,1373.5926,0.3078,288.34,289.2371,244.9592,0.639,9641279.724047095,9571912.260396263,103446.86999950472,1398.3493999999998,1388.2885,15.0037,1373.2848,9468465.390396757,118.37805479501063,117.08467298270044,1172.0178198126598,740.9590114395935,1.5817579673342137,5.918902739750532,5.918902739750532,0.3168031182572122,712.1613166098139,True,23672.875576976927,0.6909248509400852,0.4585203699449571,0.49947095482464116,True,23709.148288055017,0.6919835190099328,0.45781887798496074,1.3743097181716086,0.23051799319202174,0.24,0.006096,2.9186350796015867e-05,50.0,0.05
640,1383.5368,1373.4778,0.3077,288.3332,289.2305,244.9536,0.64,9640475.105870984,9571120.742259005,103446.1805237754,1398.2327,1388.1736999999998,15.0036,1373.1700999999998,9467674.56173523,118.37170157599468,117.07835796487318,1172.0155445357716,740.9583858983304,1.5817562319843803,5.918585078799734,5.918585078799734,0.31619664184609064,712.1042342022212,True,23671.200109137997,0.6908759501479906,0.45767498749718966,0.4994712137451012,True,23707.449542172617,0.6919339388166957,0.45697518810369575,1.3742152631934976,0.2300925119338951,0.24,0.006096,2.9186350796015867e-05,50.0,0.05
641,1383.4202,1373.3632,0.3077,288.3263,289.224,244.9481,0.641,9639671.1771706,9570330.60307321,103446.1805237754,1398.1161,1388.0591,15.0036,1373.0555,9466884.422549434,118.36540692933679,117.07200945476977,1172.0131278565716,740.9577465248856,1.5817543353225592,5.91827034646684,5.91827034646684,0.314324112918257,712.0472571794988,True,23669.52278300507,0.6908269951190757,0.45499685903860476,0.49947149673422375,True,23705.749272490986,0.6918843141493198,0.4543015450563037,1.3741206613973007,0.228745642030177,0.24,0.006096,2.9186350796015867e-05,50.0,0.05
642,1383.3038,1373.2487,0.3077,288.3194,289.2174,244.9426,0.642,9638868.627421675,9569541.153363142,103446.1805237754,1397.9996999999998,1387.9446,15.0036,1372.941,9466094.972839367,118.35912861147794,117.06571864619315,1172.0108847432311,740.9571253873345,1.5817526339740153,5.917956430573898,5.917956430573898,0.31498340698772154,711.9903222728311,True,23667.852527892053,0.6907782464674284,0.45598339061560716,0.49947175058216015,True,23704.055752056873,0.6918348864678496,0.4552869668019541,1.3740264479748763,0.2292411528555096,0.24,0.006096,2.9186350796015867e-05,50.0,0.05
643,1383.1875,1373.1344,0.3076,288.3126,289.2109,244.9371,0.643,9638066.76714848,9568753.082604531,103445.49104804608,1397.8834,1387.8302999999999,15.003499999999999,1372.8267999999998,9465307.591556486,118.35280759305728,117.05939435096307,1172.0085002296187,740.9564904164838,1.5817507713183605,5.917640379652864,5.917640379652864,0.3143767083347484,711.9334927508833,True,23666.18041524566,0.6907294436011603,0.4551372628560991,0.49947202849807487,True,23702.360708521785,0.69178541433262,0.45444252194596246,1.3739321878537867,0.22881530188606677,0.24,0.006096,2.9186350796015867e-05,50.0,0.05
644,1383.0714,1373.0202,0.3076,288.3057,289.2043,244.9316,0.644,9637266.285826743,9567965.701321652,103445.49104804608,1397.7673,1387.7160999999999,15.003499999999999,1372.7125999999998,9464520.210273607,118.34655354314455,117.05312775706314,1172.0062892985527,740.9558736847374,1.581749103992148,5.917327677157228,5.917327677157228,0.31376988743795664,711.8767053502405,True,23664.515373269198,0.6906808471019452,0.45429070279640155,0.4994722772703136,True,23700.672413900436,0.6917361391735543,0.45359765041744166,1.3738382660574135,0.22838924725717605,0.24,0.006096,2.9186350796015867e-05,50.0,0.05
645,1382.9554,1372.9062,0.3076,288.2989,289.1978,244.9262,0.645,9636466.493980736,9567179.698990231,103445.49104804608,1397.6513,1387.6020999999998,15.003499999999999,1372.5986,9463734.207942186,118.34025679755976,117.04682768210907,1172.0039369691842,740.9552431185665,1.5817472753636241,5.917012839877988,5.917012839877988,0.3144288414841867,711.8200233342011,True,23662.8484745184,0.690632196410263,0.4552768363805088,0.49947255010985775,True,23698.98259687413,0.6916868195810435,0.45458267034007827,1.3737442475638093,0.2288845555071791,0.24,0.006096,2.9186350796015867e-05,50.0,0.05
646,1382.8396,1372.7923,0.3075,288.2921,289.1913,244.9207,0.646,9635668.081086187,9566394.38613454,103444.80157231676,1397.5355,1387.4882,15.0034,1372.4848,9462949.584562223,118.33397638948517,117.04053553767066,1172.0015950525342,740.9546139995674,1.5817454576957644,5.916698819474259,5.916698819474259,0.31382184879794295,711.7633904102332,True,23661.183299456283,0.6905835960267632,0.4544299207271945,0.4994728213143406,True,23697.29450909817,0.6916375504590399,0.4537374360163924,1.3736503754001124,0.2284583140062361,0.24,0.006096,2.9186350796015867e-05,50.0,0.05
647,1382.7239,1372.6785,0.3075,288.2853,289.1848,244.9152,0.647,9634870.357667366,9565609.762754576,103444.80157231676,1397.4198,1387.3743999999997,15.0034,1372.3709999999996,9462164.961182259,118.32770392360786,117.03425132463296,1171.9992635516367,740.9539863280793,1.5817436509919784,5.916385196180393,5.916385196180393,0.3119490413669155,711.7068065791965,True,23659.519848150503,0.6905350459534206,0.45174976012435103,0.4994730908832477,True,23695.608150632084,0.6915883318092808,0.45106174731262183,1.3735565494874138,0.22711044658724036,0.24,0.006096,2.9186350796015867e-05,50.0,0.05
648,1382.6084,1372.5649,0.3075,288.2784,289.1783,244.9097,0.648,9634074.013200007,9564826.518326074,103444.80157231676,1397.3043,1387.2608,15.0034,1372.2574,9461381.716753757,118.3214984278305,117.02798340924436,1171.996953840868,740.95336161551,1.5817418673768457,5.916074921391526,5.916074921391526,0.3113419367473398,711.6503211667068,True,23657.85988781453,0.6904865977687475,0.45090221555844306,0.4994733570075241,True,23693.92529011334,0.6915392152518399,0.4502158805758506,1.3734629190054142,0.2266839041950957,0.24,0.006096,2.9186350796015867e-05,50.0,0.05
649,1382.493,1372.4515,0.3075,288.2716,289.1718,244.9043,0.649,9633278.358208375,9564044.652849028,103444.80157231676,1397.1889,1387.1473999999998,15.0034,1372.1439999999998,9460599.85127671,118.31525024613796,117.02173179330822,1171.9946659264808,740.952739862559,1.581740106857391,5.915762512306898,5.915762512306898,0.3132661663307772,711.5939341744858,True,23656.20341858499,0.6904382514767313,0.45372075730270384,0.4994736196861105,True,23692.24592766263,0.6914902007902398,0.45303052157901075,1.3733694839648307,0.22810042744389342,0.24,0.006096,2.9186350796015867e-05,50.0,0.05
650,1382.3778,1372.3382,0.3074,288.2649,289.1653,244.8988,0.65,9632484.082168201,9563263.476847712,103444.11209658744,1397.0737,1387.0340999999999,15.0033,1372.0308,9459819.364751125,118.30896778117727,117.01548811265219,1171.9923884412387,740.9521195586159,1.5817383573170598,5.915448389058864,5.915448389058864,0.3124488988187295,711.5375962788609,True,23654.548673405247,0.6903899555034373,0.4525687205151899,0.49947388072685,True,23690.56829478202,0.6914412368084795,0.4518806258372957,1.3732761952854635,0.22752080017944287,0.24,0.006096,2.9186350796015867e-05,50.0,0.05
651,1382.2628,1372.225,0.3074,288.2581,289.1588,244.8934,0.651,9631691.185079487,9562482.990322124,103444.11209658744,1396.9587,1386.9208999999998,15.0033,1371.9175999999998,9459038.878225537,118.30275229018521,117.00925236816086,1171.9901213881762,740.9515007040196,1.581736618759261,5.915137614509261,5.915137614509261,0.31078580065650385,711.4813074806611,True,23652.895652342388,0.6903417098508234,0.45019125488399336,0.49947414012922897,True,23688.892391531183,0.6913923233083004,0.44950716138906366,1.3731829528825552,0.22632512295911422,0.24,0.006096,2.9186350796015867e-05,50.0,0.05
652,1382.1478,1372.112,0.3074,288.2513,289.1523,244.8879,0.652,9630898.287990773,9561703.882747998,103444.11209658744,1396.8437,1386.8079,15.0033,1371.8046000000002,9458259.770651411,118.29653634915101,117.00303292730653,1171.9878761459556,740.9508848106577,1.581734903313389,5.914826817457551,5.914826817457551,0.31017836770024587,711.425117106672,True,23651.246122702734,0.6902935661001122,0.4493426897379791,0.4994743960834661,True,23687.219986629243,0.6913435119121594,0.4486602714218521,1.3730899059459658,0.2258980758339739,0.24,0.006096,2.9186350796015867e-05,50.0,0.05
653,1382.0331,1371.9992,0.3073,288.2445,289.1458,244.8825,0.653,9630107.459329247,9560926.154125327,103443.42262085812,1396.729,1386.6950999999997,15.003199999999998,1371.6918999999996,9457482.731504468,118.2903451554772,116.99682979189166,1171.985652720825,740.9502718792291,1.581733210986462,5.91451725777386,5.91451725777386,0.31083644835598534,711.3690251585729,True,23649.600084622332,0.690245524255274,0.4503273653115764,0.49947464858850316,True,23685.551080197125,0.6912948026235859,0.44964383816615733,1.3729971045339824,0.2263926466629282,0.24,0.006096,2.9186350796015867e-05,50.0,0.05
654,1381.9184,1371.8865,0.3073,288.2378,289.1394,244.8771,0.654,9629316.63066772,9560149.114978388,103443.42262085812,1396.6143,1386.5824,15.003199999999998,1371.5791999999997,9456705.692357529,118.28410289121678,116.99058483615582,1171.9832765212952,740.9496435944305,1.581731345244829,5.914205144560839,5.914205144560839,0.31022884556659847,711.3129892652676,True,23647.95042642345,0.6901973767523878,0.44947844778305324,0.4994749269683439,True,23683.878886283066,0.6912459973854111,0.44879658868191213,1.3729040574462958,0.22596542262657981,0.24,0.006096,2.9186350796015867e-05,50.0,0.05
655,1381.804,1371.7739,0.3073,288.231,289.1329,244.8716,0.655,9628527.870433383,9559372.765307177,103443.42262085812,1396.4999,1386.4697999999999,15.003199999999998,1371.4665999999997,9455929.342686318,118.27793600165452,116.98439758296401,1171.9810739860432,740.9490335638803,1.581729674912926,5.913896800082727,5.913896800082727,0.30962113796795165,711.256995518691,True,23646.307837492666,0.6901494355756403,0.4486291258207038,0.4994751761921649,True,23682.213439933657,0.6911973890840254,0.44794894028500526,1.3728113986927695,0.22553800053145087,0.24,0.006096,2.9186350796015867e-05,50.0,0.05
656,1381.6896,1371.6615,0.3073,288.2243,289.1265,244.8662,0.656,9627739.110199044,9558597.794587424,103443.42262085812,1396.3854999999999,1386.3573999999996,15.003199999999998,1371.3541999999995,9455154.371966565,118.27171804569805,116.97817688157525,1171.978730054043,740.9484096904098,1.5817278432971202,5.913585902284903,5.913585902284903,0.3090133944738227,711.2011071527025,True,23644.66339643052,0.6901014403419371,0.44777966891463117,0.49947544948084704,True,23680.546475448926,0.6911487364738095,0.44710114938556716,1.372718643491497,0.2251105104013522,0.24,0.006096,2.9186350796015867e-05,50.0,0.05
657,1381.5755,1371.5492,0.3072,288.2175,289.12,244.8608,0.657,9626952.418391893,9557823.513343401,103442.73314512882,1396.2713999999999,1386.2450999999996,15.0031,1371.2419999999997,9454380.780198272,118.26557546587557,116.9720138825434,1171.976559802783,740.9478040743533,1.5817262071069942,5.913278773293779,5.913278773293779,0.3084055467534199,711.1452609386146,True,23643.026024293078,0.6900536514243502,0.446929809177642,0.4994756936110524,True,23678.88625820098,0.6911002807908133,0.44625296114844165,1.3726263266655092,0.22468281480701502,0.24,0.006096,2.9186350796015867e-05,50.0,0.05
658,1381.4614,1371.4371,0.3072,288.2108,289.1136,244.8554,0.658,9626165.726584742,9557050.611050839,103442.73314512882,1396.1572999999999,1386.133,15.0031,1371.1299,9453607.87790571,118.25938182382792,116.96581744082734,1171.9742481567232,740.9471846142693,1.581724409637703,5.912969091191396,5.912969091191396,0.309063077349947,711.0895201049848,True,23641.386800770488,0.6900058084715868,0.4479137328344297,0.4994759618054552,True,23677.22452350262,0.6910517808189771,0.44723577295998157,1.3725338633830653,0.22517701427646997,0.24,0.006096,2.9186350796015867e-05,50.0,0.05
659,1381.3476,1371.3251,0.3072,288.2041,289.1072,244.85,0.659,9625381.103204781,9556278.398234004,103442.73314512882,1396.0435000000002,1386.021,15.0031,1371.0179,9452835.665088875,118.25321294278157,116.95962894730353,1171.9719469672216,740.9465666049314,1.5817226231808839,5.912660647139079,5.912660647139079,0.30845506030118486,711.0338283747935,True,23639.74930260598,0.6899580158757296,0.4470635215530877,0.4994762283570311,True,23675.56451955744,0.6910033313615103,0.4463872260838802,1.3724414965016163,0.22474915039179713,0.24,0.006096,2.9186350796015867e-05,50.0,0.05
660,1381.2338,1371.2133,0.3071,288.1974,289.1007,244.8446,0.66,9624596.479824817,9555507.564368626,103442.0436693995,1395.9297,1385.9091999999998,15.003,1370.9062,9452065.520699227,118.24704362141588,116.95350652458382,1171.9698308662169,740.9459683701318,1.581721044308013,5.912352181070794,5.912352181070794,0.3080569921580718,710.9782281321429,True,23638.12064025187,0.6899104811649343,0.4465173389421602,0.4994764639359176,True,23673.913031161057,0.6909551304418379,0.44584225311574405,1.3723496671362096,0.2244741260446535,0.24,0.006096,2.9186350796015867e-05,50.0,0.05
661,1381.1202,1371.1016,0.3071,288.1907,289.0943,244.8392,0.661,9623813.235396314,9554737.41997898,103442.0436693995,1395.8161,1385.7975,15.003,1370.7945,9451295.376309581,118.24089066309524,116.94734229840911,1171.9675619891786,740.9453547771457,1.5817192920275094,5.912044533154763,5.912044533154763,0.30723879312017743,710.9226839415503,True,23636.48836020815,0.6898628408669809,0.44536214290663484,0.49947672538871796,True,23672.258257517507,0.6909068336377893,0.44468917972990935,1.3722575922192812,0.22389294463534068,0.24,0.006096,2.9186350796015867e-05,50.0,0.05
662,1381.0068,1370.99,0.3071,288.184,289.0879,244.8339,0.662,9623031.369919268,9553967.965065064,103442.0436693995,1395.7027,1385.6859,15.003,1370.6829000000002,9450525.921395665,118.23475406969106,116.94118602365141,1171.9653035798133,740.9447426361478,1.5817175507719672,5.911737703484554,5.911737703484554,0.30663055891318436,710.8671888574456,True,23634.857805766922,0.6898152509330673,0.4445111332323047,0.4994769851968076,True,23670.60521484383,0.6908585873544345,0.44383983137184657,1.3721656137225655,0.22346468665784622,0.24,0.006096,2.9186350796015867e-05,50.0,0.05
663,1380.8935,1370.8786,0.3071,288.1773,289.0815,244.8285,0.663,9622250.193917952,9553199.889102604,103442.0436693995,1395.5893999999998,1385.5745,15.003,1370.5715,9449757.845433205,118.22862544073872,116.93504607110576,1171.9630670284366,740.9441334603309,1.581715832683871,5.911431272036936,5.911431272036936,0.3060222470357985,710.811792209702,True,23633.230744483113,0.6897677629516714,0.4436598279488454,0.49947724154842976,True,23668.95567208032,0.6908104432206857,0.4429901864382164,1.3720738308109097,0.2230362828616418,0.24,0.006096,2.9186350796015867e-05,50.0,0.05
664,1380.7804,1370.7674,0.307,288.1706,289.0751,244.8231,0.664,9621470.396868097,9552433.192091603,103441.35419367018,1395.4763000000003,1385.4633,15.0029,1370.4603999999997,9448991.837897932,118.22251317980964,116.9289224425489,1171.9608523412141,740.9435272503841,1.581714137770149,5.911125658990482,5.911125658990482,0.3066791139494853,710.7564939999993,True,23631.60717649129,0.6897203769267208,0.4446426757985554,0.49947749444254025,True,23667.309629346062,0.6907624012400184,0.44397192638011557,1.3719822935503947,0.22352993576605557,0.24,0.006096,2.9186350796015867e-05,50.0,0.05
665,1380.6674,1370.6563,0.307,288.164,289.0688,244.8178,0.665,9620691.289293967,9551667.184556333,103441.35419367018,1395.3633,1385.3522,15.0029,1370.3492999999999,9448225.830362663,118.21635827618076,116.92275702280371,1171.9584848693705,740.9429056773437,1.5817122694467365,5.910817913809038,5.910817913809038,0.30628071652699873,710.7012518380485,True,23629.979992717603,0.6896728853702924,0.44409563290653875,0.49947777321102477,True,23665.660303125835,0.6907142634263778,0.44342607753263047,1.3718905108330317,0.22325449014223495,0.24,0.006096,2.9186350796015867e-05,50.0,0.05
666,1380.5545,1370.5453,0.307,288.1573,289.0624,244.8124,0.666,9619912.871195568,9550901.866496792,103441.35419367018,1395.2504,1385.2412000000002,15.0029,1370.2383,9447460.512303121,118.21026195114855,116.91664930684283,1171.9562911427251,740.9423023735376,1.5817105966125509,5.910513097557428,5.910513097557428,0.3056721254065451,710.6460518478982,True,23628.35987683308,0.6896256000997566,0.4432435880604325,0.4994780228112706,True,23664.017723142715,0.69066632251078,0.44257569168181665,1.3717991164203407,0.22282571970463522,0.24,0.006096,2.9186350796015867e-05,50.0,0.05
667,1380.4418,1370.4345,0.3069,288.1507,289.056,244.8071,0.667,9619135.832048628,9550137.927388709,103440.66471794088,1395.1377,1385.1304,15.0028,1370.1276,9446697.262670768,118.2041313911645,116.91055791898619,1171.9541192944748,740.9417020371943,1.5817089469687378,5.910206569558225,5.910206569558225,0.3048534328477217,710.5909502996476,True,23626.743254551806,0.6895784167947506,0.44208667995254225,0.4994782689515905,True,23662.37864346507,0.6906184837563255,0.4414209002770982,1.3717079676854167,0.22224368453740428,0.24,0.006096,2.9186350796015867e-05,50.0,0.05
668,1380.3293,1370.3238,0.3069,288.144,289.0497,244.8017,0.668,9618360.171853147,9549374.677756354,103440.66471794088,1395.0252,1385.0196999999998,15.0028,1370.0168999999999,9445934.013038414,118.19806781383464,116.90442474692009,1171.951794660345,740.9410863356532,1.581707123917596,5.909903390691732,5.909903390691732,0.3042446956760614,710.5359047978333,True,23625.123017504517,0.6895311279879157,0.44123417105745716,0.49947854096600386,True,23660.73628123671,0.6905705491961945,0.44057004172881975,1.3716165735452512,0.2218146831586269,0.24,0.006096,2.9186350796015867e-05,50.0,0.05
669,1380.2169,1370.2133,0.3069,288.1374,289.0433,244.7964,0.669,9617585.201133395,9548612.80707546,103440.66471794088,1394.9127999999998,1384.9091999999998,15.0028,1369.9064,9445172.142357519,118.19196160333745,116.89835764979627,1171.9496551884213,740.9404904214869,1.5817055085243799,5.909598080166873,5.909598080166873,0.30511114869341327,710.4809508059212,True,23623.51161544116,0.6894840970420212,0.4425209370344883,0.49947878199639223,True,23659.102433743028,0.6905228631500968,0.44185524473661375,1.3715256668645004,0.22246112928454342,0.24,0.006096,2.9186350796015867e-05,50.0,0.05
670,1380.1046,1370.1029,0.3069,288.1308,289.037,244.7911,0.67,9616810.919889372,9547851.625870295,103440.66471794088,1394.8004999999998,1384.7988,15.0028,1369.796,9444410.961152354,118.1858633678869,116.8922487733021,1171.9473629304812,740.9398791408016,1.581703719726192,5.9092931683943455,5.9092931683943455,0.3032371847257309,710.4260528597574,True,23621.896599302065,0.6894369606144444,0.4398330841669381,0.49947904890056805,True,23657.465304333607,0.690475081316855,0.4391718005918553,1.3714345648723831,0.22110948089889232,0.24,0.006096,2.9186350796015867e-05,50.0,0.05
671,1379.9925,1369.9926,0.3068,288.1241,289.0306,244.7857,0.671,9616038.01759681,9547091.134140858,103439.97524221156,1394.6884,1384.6885000000002,15.0027,1369.6858,9443651.158898646,118.17983211594841,116.88619759986155,1171.9452444573856,740.9392861370528,1.5817021264554851,5.908991605797421,5.908991605797421,0.3026282561654625,710.3711970978189,True,23620.288650187158,0.6893900304475145,0.43897973976939114,0.4994792866306099,True,23655.83492033686,0.6904274963575937,0.438320110021693,1.3713439012208277,0.2206800612859037,0.24,0.006096,2.9186350796015867e-05,50.0,0.05
672,1379.8805,1369.8825,0.3068,288.1175,289.0243,244.7804,0.672,9615265.804779973,9546332.021362878,103439.97524221156,1394.5764,1384.5783999999999,15.0027,1369.5756999999996,9442892.046120666,118.17375823764029,116.88011302388979,1171.9429845927532,740.9386792791382,1.5817003719294835,5.908687911882015,5.908687911882015,0.30328431834914227,710.316446711966,True,23618.6788553307,0.6893430464101243,0.43996138051808736,0.49947954842164655,True,23654.203024078583,0.6903798672609369,0.43930064118528606,1.3712530914069263,0.22117311548808835,0.24,0.006096,2.9186350796015867e-05,50.0,0.05
673,1379.7687,1369.7726,0.3068,288.1109,289.018,244.7751,0.673,9614494.970914597,9545574.28753636,103439.97524221156,1394.4645999999998,1384.4685,15.0027,1369.4657999999997,9442134.312294148,118.16770074321444,116.87404478730555,1171.940746628736,740.9380753898664,1.5816986406213296,5.9083850371607225,5.9083850371607225,0.30267522313897643,710.2617947733926,True,23617.072555254585,0.6892961643726191,0.4391076561617954,0.4994798067486618,True,23652.57462919245,0.6903323403565558,0.4384485637492299,1.37116247728833,0.2207435137355567,0.24,0.006096,2.9186350796015867e-05,50.0,0.05
674,1379.657,1369.6627,0.3067,288.1043,289.0117,244.7698,0.674,9613724.82652495,9544816.553709842,103439.28576648222,1394.3529,1384.3586,15.0026,1369.356,9441377.26794336,118.16165122871475,116.86797614543674,1171.9385077737033,740.9374714416201,1.5816969082336965,5.908082561435737,5.908082561435737,0.3033310046589577,710.207142619503,True,23615.466214620537,0.689249281151376,0.4400889677421931,0.499480065237034,True,23650.94619759463,0.6902848123806944,0.4394287679788464,1.371071910579927,0.22123639345120616,0.24,0.006096,2.9186350796015867e-05,50.0,0.05
675,1379.5455,1369.5531,0.3067,288.0978,289.0054,244.7645,0.675,9612956.06108676,9544060.88831051,103439.28576648222,1394.2413999999999,1384.249,15.0026,1369.2464,9440621.602544028,118.15556750302808,116.86193221877824,1171.9363022271837,740.9368719771765,1.5816952112261509,5.907778375151405,5.907778375151405,0.3027217437052059,710.1526382474835,True,23613.86513669945,0.6892025515295193,0.4392347982946201,0.4994803184466471,True,23649.323036644466,0.6902374382358046,0.4385762448338648,1.370981588699496,0.22080657114612728,0.24,0.006096,2.9186350796015867e-05,50.0,0.05
676,1379.4341,1369.4435,0.3067,288.0912,288.9991,244.7592,0.676,9612187.985124303,9543305.222911179,103439.28576648222,1394.1299999999999,1384.1394,15.0026,1369.1368,9439865.937144697,118.14954235896653,116.8558878885553,1171.9340957955621,740.9362724544196,1.5816935131457697,5.907477117948327,5.907477117948327,0.30084745303747695,710.0981336617735,True,23612.26401835108,0.6891558207277378,0.436544891574429,0.49948057181661476,True,23647.699839098434,0.6901900630228148,0.43589073380723564,1.3708912641768667,0.21945391359548622,0.24,0.006096,2.9186350796015867e-05,50.0,0.05
677,1379.3229,1369.3341,0.3067,288.0846,288.9928,244.7539,0.677,9611421.288113302,9542550.936463306,103439.28576648222,1394.0187999999998,1384.03,15.0026,1369.0274,9439111.650696823,118.1435336049066,116.84985990294162,1171.9319112826345,740.935675902327,1.5816918383035494,5.90717668024533,5.90717668024533,0.3015029509597298,710.0437275282567,True,23610.66639517778,0.6891091919373621,0.4375256555671303,0.4994808217194965,True,23646.080143274758,0.6901427900123223,0.4368703916393107,1.370801135380599,0.21994652847731877,0.24,0.006096,2.9186350796015867e-05,50.0,0.05
678,1379.2118,1369.2249,0.3066,288.0781,288.9865,244.7486,0.678,9610655.280578032,9541798.028966893,103438.59629075292,1393.9077,1383.9207999999999,15.0025,1368.9183,9438359.43267614,118.13748224092814,116.8438482636874,1171.9297486944802,740.9350823215798,1.5816901867063173,5.906874112046407,5.906874112046407,0.3011036607094866,709.98941984858,True,23609.072267312116,0.6890626651622611,0.43697572939695173,0.49948106815426213,True,23644.46394929078,0.6900956192077514,0.436321652143165,1.370711252386574,0.21966964974222594,0.24,0.006096,2.9186350796015867e-05,50.0,0.05
679,1379.1008,1369.1158,0.3066,288.0715,288.9802,244.7434,0.679,9609889.962518489,9541045.810946207,103438.59629075292,1393.7966999999999,1383.8117,15.0025,1368.8092,9437607.214655455,118.1314894584782,116.83784459784698,1171.9275966331136,740.9344901981258,1.5816885462029717,5.906574472923911,5.906574472923911,0.3004940767259541,709.9351612908772,True,23607.479867039943,0.6890161888093098,0.43612048832297895,0.49948131293396913,True,23642.849488064483,0.6900484989760541,0.4354680535815233,1.3706214158870598,0.2192392977687976,0.24,0.006096,2.9186350796015867e-05,50.0,0.05
680,1378.99,1369.0068,0.3066,288.065,288.9739,244.7381,0.68,9609126.023410408,9540294.282401253,103438.59629075292,1393.6859,1383.7027,15.0025,1368.7002,9436855.6861105,118.1254624778591,116.83184890628006,1171.9254551014897,740.933899532295,1.5816869167968326,5.906273123892955,5.906273123892955,0.2998844890039436,709.8809518559457,True,23605.889194426454,0.6889697628804109,0.4352650945815115,0.4994815560581164,True,23641.236759653897,0.690001429318924,0.4346143011615917,1.3705316759519643,0.21880887123287052,0.24,0.006096,2.9186350796015867e-05,50.0,0.05
681,1378.8793,1368.898,0.3066,288.0584,288.9677,244.7328,0.681,9608362.773778053,9539544.132807756,103438.59629075292,1393.5751999999998,1383.5939,15.0025,1368.5914,9436105.536517004,118.11949407891805,116.82581983859492,1171.9231721777828,740.933295005113,1.5816851261484959,5.905974703945903,5.905974703945903,0.2992747687467272,709.8268477934143,True,23604.29667983381,0.6889232831908622,0.434409427070873,0.4994818232415521,True,23639.622522443133,0.6899543156254228,0.4337602678453336,1.370441840115693,0.21837830689806023,0.24,0.006096,2.9186350796015867e-05,50.0,0.05
682,1378.7688,1368.7893,0.3065,288.0519,288.9614,244.7276,0.682,9607600.903097158,9538794.672689987,103437.9068150236,1393.4647,1383.4851999999998,15.0024,1368.4827999999998,9435356.765874963,118.11349148710921,116.8198484752425,1171.9210631185588,740.9327087696033,1.5816835311058908,5.905674574355461,5.905674574355461,0.2999297705296158,709.7727859396402,True,23602.711230920595,0.6888770097227119,0.4353894327963479,0.49948206123882904,True,23638.015029350117,0.6899073987681078,0.4347391708875243,1.370352442599203,0.21887053374438975,0.24,0.006096,2.9186350796015867e-05,50.0,0.05
683,1378.6584,1368.6808,0.3065,288.0454,288.9552,244.7223,0.683,9606839.721891994,9538046.59152368,103437.9068150236,1393.3543000000002,1383.3767,15.0024,1368.3743,9434608.684708657,118.10749688809688,116.81384374112602,1171.918812669202,740.9321086716749,1.5816817748257523,5.905374844404844,5.905374844404844,0.2993198856811432,709.7188294581491,True,23601.12394075167,0.6888306825150267,0.43453332332450745,0.49948232329473913,True,23636.406028120946,0.689860437893802,0.4338846949898885,1.3702628991537467,0.21843975040555982,0.24,0.006096,2.9186350796015867e-05,50.0,0.05
684,1378.5482,1368.5724,0.3065,288.0389,288.9489,244.7171,0.684,9606079.919638285,9537299.1998331,103437.9068150236,1393.2441,1383.2683,15.0024,1368.2658999999999,9433861.293018077,118.10151869168197,116.80789671118197,1171.916736100365,740.9315268684986,1.5816802141668862,5.905075934584099,5.905075934584099,0.2987099407318965,709.6649151904023,True,23599.543715932377,0.6887845615191142,0.4336768815971888,0.4994825561620979,True,23634.8037706945,0.6898136738464882,0.433029892066726,1.370173743950831,0.21800880512465562,0.24,0.006096,2.9186350796015867e-05,50.0,0.05
685,1378.4381,1368.4641,0.3065,288.0324,288.9427,244.7119,0.685,9605320.80686031,9536552.497618249,103437.9068150236,1393.1340000000002,1383.1599999999999,15.0024,1368.1575999999998,9433114.590803225,118.09554849046759,116.80190793934135,1171.914506733005,740.930929686402,1.581678480110172,5.90477742452338,5.90477742452338,0.298310158384993,709.611056959657,True,23597.959882598712,0.6887383352038354,0.4331255327855486,0.4994828149025852,True,23633.19823647648,0.6897668141615861,0.43247971961015547,1.3700843937279328,0.21773122863862832,0.24,0.006096,2.9186350796015867e-05,50.0,0.05
686,1378.3281,1368.356,0.3064,288.0259,288.9365,244.7066,0.686,9604562.38355806,9535807.174354859,103437.21733929428,1393.024,1383.0519,15.0023,1368.0496,9432369.957015565,118.08958628534658,116.7959355272906,1171.9122993203548,740.9303354777137,1.5816767693345504,5.90447931426733,5.90447931426733,0.29770008553941807,709.5572971902178,True,23596.37954590723,0.6886922109427821,0.4322686982794286,0.4994830701695587,True,23631.596205304126,0.6897200567178036,0.4316245158305161,1.369995289400737,0.21730007967373227,0.24,0.006096,2.9186350796015867e-05,50.0,0.05
687,1378.2183,1368.248,0.3064,288.0194,288.9302,244.7014,0.687,9603805.33920727,9535062.540567197,103437.21733929428,1392.9142,1382.9439,15.0023,1367.9416,9431625.323227903,118.08364048704601,116.79002081888743,1171.910265811212,740.929759568272,1.5816752542023222,5.904182024352301,5.904182024352301,0.2968796990480769,709.5035796417019,True,23594.806274051054,0.6886462928784901,0.43110621826938456,0.49948329624457183,True,23630.00091744462,0.6896734960867155,0.43046412647811677,1.369906523230621,0.2167152970028582,0.24,0.006096,2.9186350796015867e-05,50.0,0.05
688,1378.1087,1368.1402,0.3064,288.0129,288.924,244.6962,0.688,9603049.673807938,9534319.285730993,103437.21733929428,1392.8046,1382.8361,15.0023,1367.8338,9430882.0683917,118.07771109738468,116.78407275273554,1171.9080909156057,740.9291697936136,1.5816735778428614,5.903885554869234,5.903885554869234,0.29647974418367085,709.4499674648897,True,23593.231162716525,0.6886003211265378,0.4305541764758914,0.4994835463767841,True,23628.404123081495,0.6896268914862842,0.4299132586675928,1.369817661296459,0.21643737890126827,0.24,0.006096,2.9186350796015867e-05,50.0,0.05
689,1377.9991,1368.0325,0.3064,288.0064,288.9178,244.691,0.689,9602294.008408606,9533576.720370518,103437.21733929428,1392.6949999999997,1382.7283999999997,15.0023,1367.7260999999999,9430139.503031224,118.07178129727868,116.7781326733344,1171.9059265762885,740.9285814782627,1.5816719126129024,5.903589064863934,5.903589064863934,0.2971339895198071,709.3964044174503,True,23591.65778030417,0.6885543998355145,0.43153306345989223,0.49948379484861344,True,23626.80906267674,0.6895803374937702,0.4308910410637853,1.3697288960089578,0.21692905098635218,0.24,0.006096,2.9186350796015867e-05,50.0,0.05
690,1377.8898,1367.9249,0.3063,288.0,288.9116,244.6858,0.69,9601540.411436463,9532834.844485775,103436.52786356497,1392.5856999999999,1382.6208000000001,15.002200000000002,1367.6186,9429398.316622209,118.06582573780389,116.77220058153154,1171.9037727961786,740.927994622545,1.5816702585157252,5.9032912868901946,5.9032912868901946,0.29652363347213395,709.3428905001728,True,23590.086126878134,0.6885085290072924,0.430675323513666,0.4994840416595657,True,23625.2157362875,0.6895338341108412,0.43003492911193153,1.3696402774470848,0.21649745437162055,0.24,0.006096,2.9186350796015867e-05,50.0,0.05
691,1377.7805,1367.8175,0.3063,287.9935,288.9054,244.6806,0.691,9600786.814464321,9532094.347552488,103436.52786356497,1392.4764,1382.5134,15.002200000000002,1367.5112,9428657.819688922,118.05992035193978,116.76628485639465,1171.9016409946273,740.9274107429043,1.5816686277264314,5.9029960175969896,5.9029960175969896,0.2961234150579912,709.2894750506592,True,23588.51797061454,0.6884627602484802,0.43012263285106994,0.4994842849929623,True,23623.625913405165,0.6894874329824939,0.42948341172377796,1.3695518046774489,0.21621921423244955,0.24,0.006096,2.9186350796015867e-05,50.0,0.05
692,1377.6714,1367.7102,0.3063,287.9871,288.8993,244.6754,0.692,9600034.596443636,9531354.54009493,103436.52786356497,1392.3673000000001,1382.4061,15.002200000000002,1367.4038999999998,9427918.012231365,118.05398080120158,116.76032740802405,1171.8993563849042,740.926811477513,1.581666823539522,5.902699040060079,5.902699040060079,0.29530263985589045,709.2361156327499,True,23586.946208670226,0.6884168862530057,0.4289590301353552,0.4994845541996685,True,23622.032816344803,0.6894409362928381,0.428321882718118,1.3694631370345676,0.2156338727710029,0.24,0.006096,2.9186350796015867e-05,50.0,0.05
693,1377.5625,1367.6031,0.3063,287.9806,288.8931,244.6702,0.693,9599283.75737441,9530616.111588832,103436.52786356497,1392.2584,1382.299,15.002200000000002,1367.2967999999998,9427179.583725266,118.04810824634555,116.75443604348956,1171.897257134855,740.926232034482,1.5816652272075526,5.902405412317278,5.902405412317278,0.2946920182048416,709.1828477845734,True,23585.383279191847,0.6883712700449802,0.4281004031234272,0.4994847923921424,True,23620.448231560706,0.6893946880454633,0.42746488088026524,1.369374956823742,0.21520184572995124,0.24,0.006096,2.9186350796015867e-05,50.0,0.05
694,1377.4537,1367.4961,0.3062,287.9742,288.8869,244.665,0.694,9598533.607780913,9529878.372558463,103435.83838783565,1392.1496,1382.192,15.0021,1367.1898999999999,9426442.534170628,118.04219312047336,116.7485526711071,1171.8951684597694,740.9256540528473,1.581663642026063,5.9021096560236685,5.9021096560236685,0.2955560738087115,709.1296290708341,True,23583.82207904542,0.688325704309844,0.42938404298740157,0.49948502892106855,True,23618.86538109826,0.6893484904166088,0.4287469660375868,1.3692869233684133,0.2158467073370208,0.24,0.006096,2.9186350796015867e-05,50.0,0.05
695,1377.345,1367.3892,0.3062,287.9678,288.8808,244.6598,0.695,9597784.147663146,9529141.323003825,103435.83838783565,1392.0409,1382.0851,15.0021,1367.083,9425705.484615989,118.0362860033932,116.7426275822405,1171.8929269752934,740.9250606834221,1.581661883449253,5.901814300169661,5.901814300169661,0.2951556121884096,709.0764663874512,True,23582.257274199812,0.6882800333666926,0.4288307053521056,0.499485291323031,True,23617.279257361468,0.6893021972528209,0.42819479375626157,1.369198645015814,0.2155681451065127,0.24,0.006096,2.9186350796015867e-05,50.0,0.05
696,1377.2364,1367.2825,0.3062,287.9614,288.8746,244.6547,0.696,9597035.377021108,9528405.652400643,103435.83838783565,1391.9323,1381.9784,15.0021,1366.9762999999998,9424969.814012807,118.03038689598583,116.73676857756016,1171.8908708762972,740.9244871411481,1.581660332752707,5.901519344799292,5.901519344799292,0.2930701281743495,709.0233952817007,True,23580.701301376328,0.6882346201980374,0.4258288083357671,0.4994855227068682,True,23615.701645474222,0.6892561525188597,0.4251976962459256,1.369110854085522,0.21405872818830404,0.24,0.006096,2.9186350796015867e-05,50.0,0.05
697,1377.1281,1367.1759,0.3062,287.9549,288.8685,244.6495,0.697,9596288.674806258,9527670.67127319,103435.83838783565,1391.8239999999998,1381.8718,15.0021,1366.8696999999997,9424234.832885355,118.02456319826622,116.73086786107825,1171.888661967786,740.9238982098037,1.5816586086631372,5.901228159913312,5.901228159913312,0.2937235669810434,708.9703802056666,True,23579.141724521305,0.6881891018408534,0.42680647832892915,0.49948577996344246,True,23614.120760926424,0.6892100122678797,0.42617426002639086,1.3690228683696637,0.21454978858814222,0.24,0.006096,2.9186350796015867e-05,50.0,0.05
698,1377.0198,1367.0695,0.3061,287.9486,288.8623,244.6443,0.698,9595541.972591408,9526937.069097199,103435.14891210634,1391.7157,1381.7654,15.002,1366.7634,9423501.920185093,118.01863795330661,116.72503322921573,1171.8866384626144,740.9233291088751,1.581657092471455,5.90093189766533,5.90093189766533,0.2945872536893148,708.9174567126953,True,23577.590979408764,0.6881438412500035,0.4280896464236333,0.49948600619918576,True,23612.548387958206,0.6891641204388471,0.4274558772759775,1.3689354201502681,0.21519441264583392,0.24,0.006096,2.9186350796015867e-05,50.0,0.05
699,1376.9117,1366.9632,0.3061,287.9422,288.8562,244.6392,0.699,9594796.649328018,9526204.156396933,103435.14891210634,1391.6076000000003,1381.6590999999999,15.002,1366.6571,9422769.007484827,118.01277970811867,116.71915689021048,1171.8844621477306,740.9227446175885,1.5816554028889662,5.900638985405934,5.900638985405934,0.29271189909923123,708.8645892487827,True,23576.036630929055,0.6880984754900155,0.4253924540245237,0.499486258307379,True,23610.97274294093,0.689118133110643,0.4247630196261781,1.3688477271021013,0.21383817447607018,0.24,0.006096,2.9186350796015867e-05,50.0,0.05
700,1376.8037,1366.857,0.3061,287.9358,288.8501,244.634,0.7,9594052.015540354,9525471.9331724,103435.14891210634,1391.4995999999999,1381.5529,15.002,1366.5509,9422036.784260293,118.00692947734261,116.71328855197233,1171.8822964212757,740.9221615879391,1.5816537244745197,5.900346473867131,5.900346473867131,0.29210080375014513,708.8117709223579,True,23574.48401274652,0.6880531602310878,0.4245323190609878,0.4994865087494233,True,23609.398833123367,0.6890721964265862,0.4239044983456469,1.3687601307918607,0.2134054003904671,0.24,0.006096,2.9186350796015867e-05,50.0,0.05
701,1376.6959,1366.751,0.3061,287.9294,288.8439,244.6289,0.701,9593308.76070415,9524741.088899324,103435.14891210634,1391.3917999999999,1381.4469,15.002,1366.4449,9421305.939987218,118.00109567596866,116.70748629872324,1171.8803161238955,740.9215983934782,1.5816522539832207,5.900054783798433,5.900054783798433,0.29148964918431375,708.7590441868454,True,23572.940225868093,0.6880081027256997,0.42367182599959446,0.499486728166756,True,23607.833434463522,0.6890265081521644,0.4230456241314032,1.3686730218890546,0.21297245180006336,0.24,0.006096,2.9186350796015867e-05,50.0,0.05
702,1376.5882,1366.6451,0.306,287.923,288.8378,244.6238,0.702,9592566.195343675,9524010.934101976,103434.45943637702,1391.2840999999999,1381.341,15.001900000000001,1366.3390999999997,9420576.474665599,117.99526989137524,116.70164234501424,1171.8781830155033,740.921019806621,1.5816506101033028,5.899763494568763,5.899763494568763,0.292142588009483,708.7063734791496,True,23571.392836595158,0.6879629400795618,0.4246487288627745,0.49948697345627846,True,23606.26476465023,0.6889807244047106,0.4240214242015239,1.3685857683699658,0.21346311993104763,0.24,0.006096,2.9186350796015867e-05,50.0,0.05
703,1376.4807,1366.5393,0.306,287.9167,288.8317,244.6186,0.703,9591825.008934662,9523281.46878036,103434.45943637702,1391.1766,1381.2351999999998,15.001900000000001,1366.2332999999996,9419847.009343982,117.98940997244827,116.69580639515681,1171.8760605062103,740.9204426825944,1.581648977403414,5.899470498622414,5.899470498622414,0.29153127289009717,708.6537519118383,True,23569.847177853135,0.6879178279413062,0.4237879308384066,0.4994872170778441,True,23604.69783024397,0.6889349913074552,0.4231622381914896,1.3684985615256287,0.21303001777736066,0.24,0.006096,2.9186350796015867e-05,50.0,0.05
704,1376.3733,1366.4337,0.306,287.9103,288.8256,244.6135,0.704,9591084.512001375,9522553.382410202,103434.45943637702,1391.0692,1381.1296,15.001900000000001,1366.1277,9419118.922973825,117.98360864045965,116.68998683196753,1171.8739600285385,740.9198685393177,1.5816473680734502,5.899180432022983,5.899180432022983,0.29113021152079455,708.6012288259762,True,23568.305018098803,0.6878728179257327,0.4232326150038783,0.499487457212542,True,23603.134400985975,0.6888893605126865,0.4226080822385312,1.3684115506734578,0.21275047801044655,0.24,0.006096,2.9186350796015867e-05,50.0,0.05
705,1376.266,1366.3282,0.306,287.904,288.8195,244.6084,0.705,9590344.704543818,9521825.985515771,103434.45943637702,1390.9619,1381.0240999999999,15.001900000000001,1366.0221999999997,9418391.526079394,117.97776476398745,116.68417527487462,1171.8718701577416,740.9192958597422,1.5816457699322488,5.898888238199373,5.898888238199373,0.29051877100255297,708.5487548826,True,23566.764589045484,0.6878278584230062,0.4223713352765762,0.49948769567796575,True,23601.572707285857,0.6888437803725189,0.4217484127467097,1.3683246365909159,0.21231713822412784,0.24,0.006096,2.9186350796015867e-05,50.0,0.05
706,1376.1589,1366.2229,0.3059,287.8976,288.8135,244.6033,0.706,9589606.27603772,9521099.967572803,103433.7699606477,1390.8547999999998,1380.9188000000001,15.0018,1365.9170000000001,9417666.197612155,117.97198788961954,116.67833041094846,1171.8696388973115,740.9187093006745,1.5816440105870662,5.898599394480978,5.898599394480978,0.2899072168879684,708.4963863032799,True,23565.2223278005,0.687782845445291,0.42150981055695547,0.4994879581976025,True,23600.009513788074,0.6887981564587305,0.42088849130846684,1.3682376772183555,0.21188366737375147,0.24,0.006096,2.9186350796015867e-05,50.0,0.05
707,1376.0519,1366.1177,0.3059,287.8913,288.8074,244.5982,0.707,9588868.53700735,9520374.63910556,103433.7699606477,1390.7477999999999,1380.8136,15.0018,1365.8118,9416940.869144913,117.96616847531192,116.6725432528581,1171.8675816785533,740.918141066438,1.5816424470209753,5.898308423765596,5.898308423765596,0.2907700794557968,708.4440599871986,True,23563.68712906214,0.6877380385963716,0.4227919107822501,0.4994881915044295,True,23598.45306136056,0.6887527292921839,0.42216904135481953,1.3681510559392638,0.21252776014281347,0.24,0.006096,2.9186350796015867e-05,50.0,0.05
708,1375.945,1366.0126,0.3059,287.885,288.8013,244.5931,0.708,9588131.48745271,9519650.00011405,103433.7699606477,1390.6408999999999,1380.7085000000002,15.0018,1365.7067000000002,9416216.230153402,117.9603570864413,116.66676410393923,1171.8655350773088,740.917574297093,1.5816408946555969,5.898017854322066,5.898017854322066,0.29015837290762647,708.3917828164798,True,23562.15366125823,0.6876932822671123,0.4219299219429103,0.4994884231401799,True,23596.898344697904,0.6887073527862791,0.42130866141292517,1.3680645314480966,0.21209406883788864,0.24,0.006096,2.9186350796015867e-05,50.0,0.05
709,1375.8383,1365.9077,0.3059,287.8787,288.7952,244.588,0.709,9587395.816849528,9518926.740073996,103433.7699606477,1390.5341999999996,1380.6036,15.0018,1365.6018,9415492.970113348,117.95456214039562,116.66100134844089,1171.8635105311316,740.917010511122,1.5816393656864767,5.897728107019781,5.897728107019781,0.2895466079635298,708.3396041335074,True,23560.62369295323,0.6876486280754558,0.42106767343358653,0.4994886512850907,True,23595.347133637057,0.6886620785960986,0.42044802082582705,1.3679782029892014,0.21166024965224936,0.24,0.006096,2.9186350796015867e-05,50.0,0.05
710,1375.7317,1365.8029,0.3058,287.8724,288.7892,244.5829,0.71,9586660.835722078,9518204.169509672,103433.08048491838,1390.4276,1380.4988,15.0017,1365.4970999999998,9414771.089024752,117.94877522212278,116.65519691275261,1171.8613331632719,740.916431325292,1.581637663328832,5.897438761106139,5.897438761106139,0.28893476965777154,708.2874814725086,True,23559.090125331837,0.6876038688328884,0.42020527043892003,0.4994889053024101,True,23593.792654262124,0.6886167090157567,0.41958721865861703,1.3678917300789302,0.21122634438406862,0.24,0.006096,2.9186350796015867e-05,50.0,0.05
711,1375.6253,1365.6982,0.3058,287.8661,288.7831,244.5778,0.711,9585927.233546084,9517482.288421078,103433.08048491838,1390.3211999999999,1380.3941,15.0017,1365.3924,9414049.207936158,117.9430047496093,116.6494501820735,1171.859329866454,740.9158704700808,1.5816361567784438,5.897150237480465,5.897150237480465,0.28832287297336734,708.2354010838408,True,23557.56361954063,0.6875593156993741,0.4193425445484511,0.4994891301025796,True,23592.24491531398,0.6885715361638755,0.4187260986413304,1.3678055952389845,0.2107922894722413,0.24,0.006096,2.9186350796015867e-05,50.0,0.05
712,1375.519,1365.5937,0.3058,287.8598,288.7771,244.5728,0.712,9585194.320845822,9516761.78628394,103433.08048491838,1390.2149000000002,1380.2895999999998,15.0017,1365.2878999999998,9413328.70579902,117.93724230720383,116.64367015949395,1171.8571851834695,740.9152957320193,1.5816344890351905,5.896862115360192,5.896862115360192,0.28792134587683904,708.1834260583898,True,23556.035283609508,0.6875147091507542,0.41878572493742144,0.4994893789554243,True,23590.695678453172,0.6885263195933898,0.41817042817894223,1.3677193651360444,0.21051200503269912,0.24,0.006096,2.9186350796015867e-05,50.0,0.05
713,1375.4128,1365.4893,0.3058,287.8535,288.7711,244.5677,0.713,9584462.097621286,9516041.973622534,103433.08048491838,1390.1087,1380.1852000000001,15.0017,1365.1834999999999,9412608.893137615,117.93148789577424,116.63789815373991,1171.8550511284395,740.9147224587723,1.5816328325067757,5.896574394788712,5.896574394788712,0.287309324972739,708.1315001805184,True,23554.50867949937,0.687470153147669,0.4179226162143286,0.4994896261351079,True,23589.148178165335,0.688481153707132,0.4173089175000938,1.3676332318742759,0.21007775935584375,0.24,0.006096,2.9186350796015867e-05,50.0,0.05
714,1375.3068,1365.385,0.3057,287.8472,288.765,244.5626,0.714,9583731.25334821,9515322.850436857,103432.39100918906,1390.0027,1380.0809,15.0016,1365.0793,9411890.459427668,117.92574993420492,116.63218385250244,1171.8530911667763,740.9141675205061,1.5816313718071036,5.896287496710246,5.896287496710246,0.28796108464939607,708.0796165819153,True,23552.989136724063,0.6874258032391795,0.41889769527491005,0.4994898440943303,True,23587.607417832132,0.6884361845355547,0.4182829013319014,1.3675475368457661,0.21056751366287071,0.24,0.006096,2.9186350796015867e-05,50.0,0.05
715,1375.2009,1365.2809,0.3057,287.841,288.759,244.5576,0.715,9583001.098550865,9514605.106202638,103432.39100918906,1389.8968000000002,1379.9768,15.0016,1364.9751999999999,9411172.715193449,117.91996945238826,116.62643626680246,1171.8509898207142,740.9135986977246,1.5816297499201413,5.8959984726194135,5.8959984726194135,0.2873489054777565,708.0278383460991,True,23551.467764830097,0.6873813999453909,0.4180341590572351,0.4994900861054563,True,23586.065160524748,0.6883911716727635,0.41742096253139027,1.3674616965202901,0.2101330561645409,0.24,0.006096,2.9186350796015867e-05,50.0,0.05
716,1375.0952,1365.1769,0.3057,287.8347,288.753,244.5525,0.716,9582272.322704976,9513888.051444149,103432.39100918906,1389.7911,1379.8728,15.0016,1364.8712,9410455.66043496,117.91425597798582,116.6206967009658,1171.8488991131276,740.9130313409352,1.5816281392598357,5.895712798899291,5.895712798899291,0.2867366136788405,707.9761092607198,True,23549.948124987357,0.6873370472038571,0.41717031672497257,0.49949032644163843,True,23584.52463999436,0.6883462095001552,0.41655871670602385,1.367375953054054,0.20969844689634198,0.24,0.006096,2.9186350796015867e-05,50.0,0.05
717,1374.9896,1365.0731,0.3057,287.8285,288.747,244.5475,0.717,9581544.23633482,9513172.375637118,103432.39100918906,1389.6855,1379.769,15.0016,1364.7674,9409739.984627929,117.90849998784111,116.61497354150187,1171.8468304895193,740.9124669695108,1.5816265520306623,5.8954249993920556,5.8954249993920556,0.28633478357278364,707.924478670267,True,23548.431985929652,0.6872927966374635,0.4166125194002592,0.4994905632817666,True,23582.987626228463,0.6883013496772055,0.41600206611111085,1.3672904057047546,0.20941767921292154,0.24,0.006096,2.9186350796015867e-05,50.0,0.05
718,1374.8841,1364.9694,0.3057,287.8222,288.741,244.5425,0.718,9580816.839440389,9512457.389305815,103432.39100918906,1389.58,1379.6653,15.0016,1364.6636999999998,9409024.998296626,117.9028025866429,116.60925840411187,1171.8447725120534,740.9119040649368,1.5816249760367567,5.8951401293321455,5.8951401293321455,0.2857223686883117,707.8728972323273,True,23546.917579090827,0.6872485966282176,0.4157482024555949,0.49949079844565136,True,23581.452349388048,0.6882565405487721,0.41513934391454504,1.3672049552278345,0.20898283581827584,0.24,0.006096,2.9186350796015867e-05,50.0,0.05
719,1374.7788,1364.8658,0.3056,287.816,288.735,244.5374,0.719,9580090.821497418,9511743.092450244,103431.70153345975,1389.4747,1379.5617,15.0015,1364.5602000000001,9408311.390916785,117.89707109309357,116.60355128961797,1171.8427251835672,740.9113426275306,1.5816234112813055,5.894853554654679,5.894853554654679,0.2863736530298411,707.8213649476533,True,23545.404904532865,0.6872044471779287,0.41672264230224654,0.49949103193281286,True,23579.918809528575,0.6882117821164738,0.41611268576244,1.3671196517219746,0.2094722672365474,0.24,0.006096,2.9186350796015867e-05,50.0,0.05
720,1374.6736,1364.7624,0.3056,287.8098,288.729,244.5324,0.72,9579365.493030177,9511030.17454613,103431.70153345975,1389.3695,1379.4583,15.0015,1364.4568,9407598.47301267,117.89134764052172,116.59786058537784,1171.8406999525444,740.9107841769993,1.581621869972132,5.894567382026086,5.894567382026086,0.28597158275670154,707.7699311615376,True,23543.89573105417,0.6871603999113675,0.41616423588086165,0.49949126192163557,True,23578.38877669423,0.6881671260414413,0.4155554253248075,1.3670344942629902,0.20919119741077016,0.24,0.006096,2.9186350796015867e-05,50.0,0.05
721,1374.5685,1364.6591,0.3056,287.8036,288.7231,244.5274,0.721,9578640.854038665,9510317.946117746,103431.70153345975,1389.2644,1379.355,15.0015,1364.3535,9406886.244584287,117.8856322297833,116.59212822754459,1171.8385218881347,740.910210317247,1.5816201552768052,5.894281611489165,5.894281611489165,0.28409531121724285,707.7185533904271,True,23542.382962252945,0.6871162477104616,0.4134603310049444,0.4994915177828083,True,23576.85547922867,0.6881223746837367,0.41285579668560257,1.3669491424730065,0.20783166131789937,0.24,0.006096,2.9186350796015867e-05,50.0,0.05
722,1374.4636,1364.5559,0.3056,287.7973,288.7171,244.5224,0.722,9577917.593998611,9509606.407165091,103431.70153345975,1389.1595,1379.2518,15.0015,1364.2503000000002,9406174.705631632,117.87998382807302,116.58645357548625,1171.8365179692537,740.9096548020217,1.5816186364616613,5.893999191403651,5.893999191403651,0.2834826580142362,707.6672179144022,True,23540.87725397208,0.6870723015803799,0.41259508986489374,0.4994917444156238,True,23575.328920930708,0.6880778200177419,0.41199214647977855,1.3668641788103943,0.20739636198598466,0.24,0.006096,2.9186350796015867e-05,50.0,0.05
723,1374.3588,1364.4528,0.3055,287.7911,288.7111,244.5174,0.723,9577195.023434287,9508895.557688165,103431.01205773043,1389.0547,1379.1487,15.0014,1364.1472999999999,9405464.545630435,117.87429292346275,116.58078695017399,1171.8345247126776,740.9091007554557,1.5816171288999366,5.893714646173137,5.893714646173137,0.28413358120042176,707.6159315952385,True,23539.373278264717,0.687028406017796,0.4135688986243487,0.4994919693694586,True,23573.80409987302,0.688033316055451,0.4129648587794874,1.3667793621444342,0.20788547813205566,0.24,0.006096,2.9186350796015867e-05,50.0,0.05
724,1374.2542,1364.3499,0.3055,287.7849,288.7052,244.5124,0.724,9576473.831821423,9508186.087162698,103431.01205773043,1388.9501,1379.0457999999999,15.0014,1364.0443999999998,9404755.075104967,117.868618484825,116.57508706487143,1171.8323900691082,740.9085328172984,1.5816154601610883,5.893430924241251,5.893430924241251,0.28478433921100077,707.5647506349299,True,23537.867476958276,0.6869844571726371,0.4145426235450263,0.499492218373915,True,23572.277785081045,0.6879887684965073,0.413937483068732,1.3666944003629033,0.20837455625440549,0.24,0.006096,2.9186350796015867e-05,50.0,0.05
725,1374.1497,1364.2472,0.3055,287.7788,288.6992,244.5074,0.725,9575753.329684285,9507477.99558869,103431.01205773043,1388.8455999999999,1378.9431,15.0014,1363.9416999999999,9404046.98353096,117.86290154989429,116.56945327281721,1171.8304410438022,740.9079847479339,1.5816139995339278,5.893145077494715,5.893145077494715,0.2843819692352554,707.5136613223311,True,23536.37050452533,0.6869407660100773,0.413983247619757,0.4994924363247579,True,23570.759979074755,0.6879444692779674,0.413379250702791,1.3666099259606612,0.20809300725322077,0.24,0.006096,2.9186350796015867e-05,50.0,0.05
726,1374.0453,1364.1445,0.3055,287.7726,288.6933,244.5024,0.726,9575033.51702288,9506769.904014682,103431.01205773043,1388.7412,1378.8404,15.0014,1363.839,9403338.891956951,117.8572432060556,116.56376944996512,1171.8283277321484,740.90741974607,1.58161235331368,5.89286216030278,5.89286216030278,0.28271598827677735,707.4625786768657,True,23534.86816949635,0.6868969183329082,0.41158430141588953,0.49949268196954616,True,23569.237139798057,0.6879000231566318,0.4109841237967282,1.3665251580441604,0.20688677893161858,0.24,0.006096,2.9186350796015867e-05,50.0,0.05
727,1373.941,1364.042,0.3055,287.7664,288.6874,244.4974,0.727,9574314.393837202,9506063.191392131,103431.01205773043,1388.6369,1378.7378999999999,15.0014,1363.7364999999998,9402632.1793344,117.85159291036321,116.55810204850526,1171.82623654084,740.9068577324175,1.5816107305677705,5.892579645518161,5.892579645518161,0.2821030057552889,707.411594535496,True,23533.369336690455,0.6868531728728509,0.410718064496022,0.4994929241118091,True,23567.717808582845,0.6878556794228092,0.41011946865366594,1.366440586341398,0.20645098555701635,0.24,0.006096,2.9186350796015867e-05,50.0,0.05
728,1373.8369,1363.9396,0.3054,287.7602,288.6814,244.4924,0.728,9573596.649602983,9505357.168245312,103430.32258200111,1388.5328,1378.6355,15.0013,1363.6342,9401926.845663311,117.84595908582538,116.55249235188074,1171.8243195392138,740.9063140719126,1.5816093037445436,5.892297954291269,5.892297954291269,0.2827534270218166,707.3606527028363,True,23531.877563431834,0.6868096334552166,0.41169111970566663,0.49949313701916703,True,23566.205215608094,0.6878115323536366,0.41109143089569433,1.3663564528374617,0.2069397238433888,0.24,0.006096,2.9186350796015867e-05,50.0,0.05
729,1373.7329,1363.8374,0.3054,287.7541,288.6755,244.4874,0.729,9572879.594844494,9504652.524049949,103430.32258200111,1388.4288,1378.5332999999998,15.0013,1363.532,9401222.201467948,117.84028277328235,116.54684940764898,1171.8222611541503,740.905756517155,1.5816077157540855,5.892014138664118,5.892014138664118,0.282140288746632,707.309816228515,True,23530.38396626202,0.6867660408042705,0.41082446129138533,0.49949337397576765,True,23564.6911304497,0.6877673417330686,0.4102263536324385,1.3662721743071191,0.20650372162465688,0.24,0.006096,2.9186350796015867e-05,50.0,0.05
730,1373.6291,1363.7353,0.3054,287.7479,288.6696,244.4825,0.73,9572163.919037463,9503948.569330318,103430.32258200111,1388.325,1378.4312,15.0013,1363.4299,9400518.246748317,117.83467347427552,116.54121449985946,1171.8202134492162,740.9052004318273,1.5816061390394283,5.891733673713777,5.891733673713777,0.2815270398073153,707.2590289152851,True,23528.892102701095,0.6867224987510415,0.40995750149344923,0.4994936092500566,True,23563.178783471216,0.6877232018436293,0.40936097408463956,1.3661879927421854,0.20606756998518178,0.24,0.006096,2.9186350796015867e-05,50.0,0.05
731,1373.5254,1363.6333,0.3054,287.7418,288.6637,244.4775,0.731,9571448.93270616,9503245.304086413,103430.32258200111,1388.2213,1378.3292,15.0013,1363.3278999999998,9399814.981504412,117.82902169169004,116.5355876293219,1171.8181764272101,740.9046458162425,1.5816045736037156,5.891451084584503,5.891451084584503,0.28238773636940095,707.2082907639049,True,23527.40197281045,0.6866790072973216,0.41123688560225835,0.4994938428415601,True,23561.66817472715,0.6876791126869095,0.41063881563313975,1.3661039081474808,0.2067102909853583,0.24,0.006096,2.9186350796015867e-05,50.0,0.05
732,1373.4218,1363.5315,0.3054,287.7357,288.6578,244.4725,0.732,9570734.63585059,9502543.41779397,103430.32258200111,1388.1177,1378.2274,15.0013,1363.2261,9399113.09521197,117.82337796482075,116.52997718673926,1171.816161548385,740.9040941914265,1.5816030316679885,5.8911688982410375,5.8911688982410375,0.2805109853356953,707.1576511227535,True,23525.9153456392,0.6866356180751986,0.40852961592938286,0.49949407292666836,True,23560.1610744847,0.6876351259305485,0.40793580019067704,1.3660200198054677,0.2053491026988333,0.24,0.006096,2.9186350796015867e-05,50.0,0.05
733,1373.3184,1363.4298,0.3053,287.7295,288.6519,244.4676,0.733,9570021.717946475,9501842.220977254,103429.63310627181,1388.0142999999998,1378.1256999999998,15.001200000000003,1363.1245,9398412.587870982,117.81780125227664,116.52437478358443,1171.814157360042,740.9035440371991,1.5816015010196898,5.890890062613832,5.890890062613832,0.2798975583827996,707.1070606454807,True,23524.430452303113,0.6865922794573969,0.40766196585257014,0.4994943013277113,True,23558.65571262289,0.6875911899111748,0.40706972760799576,1.3659362785497489,0.20491260300954475,0.24,0.006096,2.9186350796015867e-05,50.0,0.05
734,1373.2151,1363.3282,0.3053,287.7234,288.646,244.4626,0.734,9569309.489518091,9501141.713636268,103429.63310627181,1387.9109999999998,1378.0240999999999,15.001200000000003,1363.0228999999997,9397712.080529995,117.81218206248543,116.51878042066703,1171.8121638649798,740.9029953538737,1.5815999816619626,5.890609103124272,5.890609103124272,0.2807580187932217,707.056519332841,True,23522.947292863748,0.6865489914457131,0.40894098205870255,0.49949452804421496,True,23557.15208919636,0.687547304630383,0.4083472030250395,1.3658525841795324,0.2055551397311834,0.24,0.006096,2.9186350796015867e-05,50.0,0.05
735,1373.1119,1363.2267,0.3053,287.7173,288.6401,244.4577,0.735,9568597.950565437,9500441.895771012,103429.63310627181,1387.8078,1377.9225999999999,15.001200000000003,1362.9213999999997,9397012.262664739,117.80657093152489,116.51319409879645,1171.810181065995,740.9024481417634,1.581598473597947,5.890328546576245,5.890328546576245,0.28014444408927375,707.0060271855983,True,23521.465867383053,0.6865057540419554,0.408072973081232,0.4994947530757057,True,23555.650204259706,0.6875034700897665,0.4074807710464292,1.3657689868021101,0.20511846937249617,0.24,0.006096,2.9186350796015867e-05,50.0,0.05
736,1373.0089,1363.1254,0.3053,287.7112,288.6343,244.4528,0.736,9567887.79056424,9499743.456857214,103429.63310627181,1387.7048,1377.8212999999998,15.001200000000003,1362.8200999999997,9396313.823750941,117.80097628472186,116.50757454836304,1171.8080568791752,740.9018870294389,1.5815968043723105,5.890048814236093,5.890048814236093,0.27953081272289637,706.9556403929339,True,23519.98262077307,0.6864624634860794,0.4072048037460753,0.49949500215579423,True,23554.14682970253,0.6874595920725631,0.4066141718674153,1.3656852946444469,0.2046817182692676,0.24,0.006096,2.9186350796015867e-05,50.0,0.05
737,1372.906,1363.0242,0.3052,287.7051,288.6284,244.4478,0.737,9567178.320038773,9499045.707419146,103428.94363054248,1387.6019,1377.7201,15.0011,1362.719,9395616.763788603,117.79538969901598,116.50201270369752,1171.8061069401222,740.9013442810203,1.5815953311263824,5.8897694849508,5.8897694849508,0.279127736787359,706.9052959265686,True,23518.50643273964,0.6864193789442948,0.40664314754145536,0.4994952219922197,True,23552.650192450754,0.6874159106927183,0.40605364590132664,1.3656020406707772,0.2043990331548222,0.24,0.006096,2.9186350796015867e-05,50.0,0.05
738,1372.8032,1362.9232,0.3052,287.699,288.6225,244.4429,0.738,9566469.538989035,9498349.336932534,103428.94363054248,1387.4991,1377.6190999999997,15.0011,1362.6179999999997,9394920.393301992,117.78981117525036,116.49646729461648,1171.8041791707883,740.9008045263429,1.5815938814102402,5.889490558762518,5.889490558762518,0.2785139848538165,706.855049977517,True,23517.03374800354,0.6863763966509752,0.40577442087572524,0.49949543831775556,True,23551.15706421341,0.6873723317281998,0.4051864935464791,1.3655189328899644,0.20396200898099126,0.24,0.006096,2.9186350796015867e-05,50.0,0.05
739,1372.7006,1362.8223,0.3052,287.6929,288.6167,244.438,0.739,9565762.136890756,9497653.655921655,103428.94363054248,1387.3964999999998,1377.5182,15.0011,1362.5170999999998,9394224.712291112,117.78424913962182,116.49088027289856,1171.8020985529513,740.9002493485647,1.5815922583144713,5.889212456981092,5.889212456981092,0.27916334496012496,706.8048600337542,True,23515.5574740358,0.6863333096010816,0.40674602420562017,0.49949568051510695,True,23549.660676959254,0.6873286576448733,0.4061569990645758,1.3654356310971005,0.20445002210453725,0.24,0.006096,2.9186350796015867e-05,50.0,0.05
740,1372.5981,1362.7215,0.3052,287.6869,288.6108,244.4331,0.74,9565055.424268207,9496958.664386503,103428.94363054248,1387.2939999999999,1377.4173999999998,15.0011,1362.4162999999999,9393529.72075596,117.77864464145196,116.48535095651684,1171.8001922047538,740.8997125389551,1.581590831219472,5.888932232072598,5.888932232072598,0.2785494393665431,706.7547124229794,True,23514.088258169202,0.6862904285514041,0.40587691125824776,0.49949589346555334,True,23548.171026557273,0.6872851801856776,0.40528945974259173,1.3653527173686562,0.20401280623176327,0.24,0.006096,2.9186350796015867e-05,50.0,0.05
741,1372.4958,1362.6208,0.3052,287.6808,288.605,244.4282,0.741,9564350.090597115,9496264.36232708,103428.94363054248,1387.1916999999999,1377.3166999999999,15.0011,1362.3155999999997,9392835.418696538,117.77310716204717,116.47978003137118,1171.7981330059324,740.8991603048017,1.5815892307447903,5.888655358102358,5.888655358102358,0.2768829640463082,706.7046208163765,True,23512.61545365949,0.6862474427623296,0.40347394655749846,0.4994961322878678,True,23546.678117681524,0.6872416076235235,0.4028902804703101,1.3652696096586598,0.2028046051032613,0.24,0.006096,2.9186350796015867e-05,50.0,0.05
742,1372.3935,1362.5203,0.3051,287.6747,288.5992,244.4233,0.742,9563644.756926024,9495571.439219117,103428.25415481316,1387.0893999999998,1377.2161999999998,15.001,1362.2151999999999,9392143.185064305,117.7675693228901,116.47422554894494,1171.7960959860884,740.8986110642207,1.5815876538126181,5.8883784661445056,5.8883784661445056,0.27774271680800666,706.6546277289988,True,23511.146153282258,0.686204559246095,0.4047520714714447,0.49949636759741767,True,23545.188718582085,0.6871981374989321,0.40416686491447057,1.3651867484055475,0.20344668385654396,0.24,0.006096,2.9186350796015867e-05,50.0,0.05
743,1372.2914,1362.4199,0.3051,287.6687,288.5933,244.4184,0.743,9562940.802206391,9494879.205586884,103428.25415481316,1386.9872999999998,1377.1158,15.001,1362.1148,9391450.951432072,117.76199745337485,116.46872877141007,1171.7942332575922,740.8980801960433,1.5815862729021146,5.888099872668743,5.888099872668743,0.2769179865308615,706.6046769812726,True,23509.683910531367,0.6861618817162186,0.40357529893417876,0.49949657365684363,True,23543.70605588234,0.6871548639852652,0.40299210708461136,1.3651042250946328,0.20285483074500396,0.24,0.006096,2.9186350796015867e-05,50.0,0.05
744,1372.1895,1362.3196,0.3051,287.6626,288.5875,244.4135,0.744,9562238.226438217,9494187.66143038,103428.25415481316,1386.8853999999997,1377.0155,15.001,1362.0145,9390759.407275567,117.75649260342887,116.46319039145877,1171.7922176772504,740.8975339013818,1.5815847186140362,5.887824630171444,5.887824630171444,0.27651447283642483,706.5547822365661,True,23508.218080059745,0.6861190994738663,0.4030123531737613,0.49949680558788595,True,23542.220135558167,0.6871114953934289,0.40243028197060965,1.365021507851047,0.2025715135227001,0.24,0.006096,2.9186350796015867e-05,50.0,0.05
745,1372.0876,1362.2195,0.3051,287.6566,288.5817,244.4086,0.745,9561535.650670044,9493497.496225333,103428.25415481316,1386.7835,1376.9153999999999,15.001,1361.9144,9390069.24207052,117.75093687446139,116.45766845799486,1171.790224289006,740.8969906017627,1.581583187883201,5.88754684372307,5.88754684372307,0.27737396628526767,706.5049860145866,True,23506.755754005317,0.6860764195126636,0.4042901904168241,0.49949703400394113,True,23540.737725263174,0.6870682292465355,0.40370658178947705,1.3649389869776325,0.20321345417750386,0.24,0.006096,2.9186350796015867e-05,50.0,0.05
746,1371.9859,1362.1195,0.3051,287.6506,288.5759,244.4038,0.746,9560834.453853328,9492808.020496016,103428.25415481316,1386.6817999999998,1376.8154,15.001,1361.8144,9389379.766341204,117.74539764477747,116.45215457888116,1171.7882416274658,740.8964487755828,1.5815816684827975,5.887269882238874,5.887269882238874,0.27654895991508965,706.4552389656611,True,23505.295163212908,0.6860337901974269,0.40311273856569707,0.49949726072948875,True,23539.257054635324,0.6870250138741778,0.4025311369022977,1.3648565631835339,0.2026212624644146,0.24,0.006096,2.9186350796015867e-05,50.0,0.05
747,1371.8844,1362.0196,0.305,287.6446,288.5701,244.3989,0.747,9560134.635988072,9492119.23424243,103427.56467908385,1386.5802999999999,1376.7155,15.000900000000001,1361.7146,9388691.669563346,117.73987491606479,116.4466487549145,1171.7862696953875,740.8959084231512,1.5815801604159216,5.88699374580324,5.88699374580324,0.27614526605930223,706.4055410905409,True,23503.836307743328,0.6859912115299311,0.402549276751563,0.4994974857640625,True,23537.778123728334,0.6869818492779234,0.40196879488090476,1.36477428658584,0.20233768233582083,0.24,0.006096,2.9186350796015867e-05,50.0,0.05
748,1371.7829,1361.9199,0.305,287.6386,288.5643,244.394,0.748,9559434.818122815,9491431.8269403,103427.56467908385,1386.4787999999999,1376.6158,15.000900000000001,1361.6148999999998,9388004.262261216,117.73435183413508,116.4411593811942,1171.7843199684955,740.8953710672286,1.5815786759209869,5.886717591706755,5.886717591706755,0.27574151639555566,706.3559417416436,True,23502.38095697545,0.6859487351518886,0.401985603682903,0.49949770728143167,True,23536.302703102894,0.6869387871339776,0.4014062410800749,1.364692156268927,0.2020540054611539,0.24,0.006096,2.9186350796015867e-05,50.0,0.05
749,1371.6816,1361.8203,0.305,287.6326,288.5585,244.3892,0.749,9558736.379209017,9490745.109113902,103427.56467908385,1386.3774999999998,1376.5162,15.000900000000001,1361.5153,9387317.544434818,117.72884525540897,116.4356780647617,1171.7823809785057,740.8948351858872,1.581577202767935,5.886442262770449,5.886442262770449,0.2751270267608561,706.3063915685277,True,23500.927341692364,0.685906309426314,0.40111458807102957,0.4994979271065668,True,23534.829022342357,0.6868957757703392,0.40053678660682823,1.3646101230487833,0.20161584771639615,0.24,0.006096,2.9186350796015867e-05,50.0,0.05
750,1371.5804,1361.7208,0.305,287.6266,288.5528,244.3843,0.75,9558038.62977095,9490059.08076323,103427.56467908385,1386.2763,1376.4167,15.000900000000001,1361.4157999999998,9386631.516084146,117.72334675306465,116.43015516077558,1171.7802891266194,740.8942838721539,1.5815755562352505,5.886167337653233,5.886167337653233,0.27451246705231824,706.2568973935485,True,23499.47014098346,0.6858637790552436,0.40024342360001974,0.49949817280380326,True,23533.35208607623,0.6868526693903726,0.3996671765081241,1.3645278960138874,0.20117761450992308,0.24,0.006096,2.9186350796015867e-05,50.0,0.05
751,1371.4794,1361.6214,0.305,287.6206,288.547,244.3795,0.751,9557342.25928434,9489373.741888288,103427.56467908385,1386.1752999999999,1376.3172999999997,15.000900000000001,1361.3163999999997,9385946.177209204,117.71786475672687,116.42468996241146,1171.7783716148358,740.8937509398716,1.5815741057720616,5.885893237836344,5.885893237836344,0.27389785155583013,706.2074455729351,True,23498.01999708084,0.685821454646597,0.39937194979846374,0.49949838924357176,True,23531.881885420018,0.68680975959828,0.39879726187355724,1.3644460570117567,0.2007392305091839,0.24,0.006096,2.9186350796015867e-05,50.0,0.05
752,1371.3785,1361.5222,0.3049,287.6146,288.5412,244.3746,0.752,9556646.578273458,9488689.781964809,103426.87520335453,1386.0744,1376.2181000000003,15.0008,1361.2173000000003,9385262.906761454,117.71239083900242,116.41924121911315,1171.7764763250127,740.8932210059767,1.5815726788996496,5.885619541950121,5.885619541950121,0.2734939001325074,706.1580922830175,True,23496.5733582453,0.6857792325380679,0.3988074983261113,0.4994986021632947,True,23530.415195369438,0.6867669522679547,0.3982339267044387,1.364364464546302,0.200455162267403,0.24,0.006096,2.9186350796015867e-05,50.0,0.05
753,1371.2777,1361.4231,0.3049,287.6086,288.5355,244.3698,0.753,9555951.586738309,9488006.511517053,103426.87520335453,1385.9736,1376.119,15.0008,1361.1182,9384579.6363137,117.70692500072158,116.41375089453298,1171.7744281720854,740.8926756377709,1.5815710786496915,5.885346250036079,5.885346250036079,0.27287916594150374,706.1087949900987,True,23495.12313489477,0.6857369058106267,0.3979356567063085,0.4994988409548699,True,23528.945250652203,0.6867240499457867,0.39736363676653835,1.3642826281994385,0.20001659502301655,0.24,0.006096,2.9186350796015867e-05,50.0,0.05
754,1371.1771,1361.3241,0.3049,287.6026,288.5297,244.365,0.754,9555257.974154616,9487323.93054503,103426.87520335453,1385.873,1376.02,15.0008,1361.0192,9383897.055341676,117.70147567236475,116.40831827515237,1171.7725543807803,740.8921486552101,1.58156967448995,5.885073783618238,5.885073783618238,0.27373790062029,706.0595400581111,True,23493.67996788349,0.6856947850319783,0.39921245807276173,0.4994990504857866,True,23527.482041099738,0.6866813441985004,0.3986389071626796,1.3642011798717963,0.20065801485820084,0.24,0.006096,2.9186350796015867e-05,50.0,0.05
755,1371.0765,1361.2253,0.3049,287.5967,288.524,244.3602,0.755,9554564.36157092,9486642.728524465,103426.87520335453,1385.7723999999998,1375.9211999999998,15.0008,1360.9204,9383215.85332111,117.69597548469676,116.4028524745036,1171.7705392039632,740.891607760123,1.5815681091954614,5.884798774234838,5.884798774234838,0.2731230225422223,706.0103904754717,True,23492.234986397107,0.685652611295423,0.39834023533608837,0.49949928406170635,True,23526.017348048244,0.686638595153291,0.39776823567752995,1.3641196371225828,0.20021925871424054,0.24,0.006096,2.9186350796015867e-05,50.0,0.05
756,1370.9762,1361.1266,0.3049,287.5907,288.5183,244.3553,0.756,9553872.817414418,9485962.21597963,103426.87520335453,1385.6721,1375.8225,15.0008,1360.8217,9382535.340776276,117.69055075146308,116.39739474000505,1171.7685347795355,740.8910683401665,1.5815665552625335,5.884527537573154,5.884527537573154,0.27250805122139354,705.961290072222,True,23490.791741357534,0.6856104882394134,0.3974677399133288,0.49949951594246766,True,23524.554395735377,0.6865958969138898,0.3968972905988258,1.3640381915301336,0.199780367524536,0.24,0.006096,2.9186350796015867e-05,50.0,0.05
757,1370.8759,1361.028,0.3048,287.5848,288.5125,244.3505,0.757,9553181.273257913,9485282.392910523,103426.18572762521,1385.5718,1375.7239,15.0007,1360.7231999999997,9381856.207182897,117.6850751626479,116.39199471027449,1171.766704738096,740.8905473100222,1.581565197440393,5.884253758132395,5.884253758132395,0.2721038175445756,705.9122320364509,True,23489.355552191577,0.6855685711186064,0.3969024091938725,0.49949971855940245,True,23523.09817814329,0.6865533952364118,0.39633307392045997,1.3639571840621962,0.19949586447734688,0.24,0.006096,2.9186350796015867e-05,50.0,0.05
758,1370.7758,1360.9295,0.3048,287.5788,288.5068,244.3457,0.758,9552491.108052867,9484603.259317147,103426.18572762521,1385.4716999999998,1375.6254,15.0007,1360.6246999999998,9381177.07358952,117.6796665987613,116.38655310931188,1171.764721830301,740.8900108422431,1.5815636662427663,5.883983329938065,5.883983329938065,0.27148872867201135,705.863229995451,True,23487.915779994782,0.6855265494222044,0.39602948842876395,0.499499947047987,True,23521.638707252674,0.6865107986070217,0.3954617017283354,1.3638759327876389,0.19905676326226607,0.24,0.006096,2.9186350796015867e-05,50.0,0.05
759,1370.6758,1360.8312,0.3048,287.5729,288.5011,244.3409,0.759,9551801.63232355,9483925.504675228,103426.18572762521,1385.3717,1375.5271,15.0007,1360.5263999999997,9380499.318947602,117.67421561350102,116.38112797414081,1171.7627611665266,740.8894773741384,1.5815621586629762,5.8837107806750515,5.8837107806750515,0.2723470524001641,705.8143264904776,True,23486.479513966173,0.6854846300580569,0.3973058482392198,0.4995001720124878,True,23520.182747965315,0.6864683044685161,0.3967365290244874,1.3637948780051452,0.19969795809655227,0.24,0.006096,2.9186350796015867e-05,50.0,0.05
760,1370.5759,1360.733,0.3048,287.567,288.4954,244.3361,0.76,9551112.846069962,9483248.439509038,103426.18572762521,1385.2718,1375.4288999999999,15.0007,1360.4281999999996,9379822.253781412,117.66877271666527,116.37571090879999,1171.7608112679231,740.8889453825966,1.5815606624590997,5.883438635833264,5.883438635833264,0.27173182007209107,705.7654721683233,True,23485.04498466309,0.6854427613825901,0.39643254751715135,0.4995003952796647,True,23518.728529663873,0.6864258611430363,0.3958647764517544,1.36371392040128,0.19925866855720922,0.24,0.006096,2.9186350796015867e-05,50.0,0.05
761,1370.4762,1360.6349,0.3048,287.5611,288.4897,244.3313,0.761,9550425.438767834,9482572.06381858,103426.18572762521,1385.1721,1375.3308,15.0007,1360.3301,9379145.878090953,117.66334634069813,116.37030191407376,1171.7588721372092,740.888414867922,1.5815591776341897,5.883167317034907,5.883167317034907,0.2711165327987146,705.7166670297239,True,23483.612192145196,0.6854009433975449,0.39555903068178616,0.4995006168490578,True,23517.27605240123,0.6863834686321255,0.3949928067746375,1.3636330599807085,0.19881927239469402,0.24,0.006096,2.9186350796015867e-05,50.0,0.05
762,1370.3766,1360.537,0.3047,287.5552,288.484,244.3266,0.762,9549738.720941434,9481897.067079578,103425.4962518959,1385.0725,1375.2329,15.000599999999999,1360.2323,9378471.570827682,117.65792805535332,116.36490938883675,1171.7569552634056,740.8878873543664,1.58155771644159,5.882896402767667,5.882896402767667,0.27071198123576323,705.6679604305795,True,23482.182906075028,0.685359227752913,0.3949928304363049,0.49950083489218344,True,23515.827086990033,0.6863411786193431,0.39442771273076255,1.3635524461961763,0.1985343372680331,0.24,0.006096,2.9186350796015867e-05,50.0,0.05
763,1370.2771,1360.4391,0.3047,287.5493,288.4783,244.3218,0.763,9549052.692590764,9481222.070340578,103425.4962518959,1384.973,1375.135,15.000599999999999,1360.1344,9377796.574088681,117.6525178614487,116.35951653796117,1171.755037677569,740.8873597944458,1.581556254384829,5.8826258930724356,5.8826258930724356,0.27030738878374905,705.6192536615093,True,23480.753587326115,0.685317511154508,0.3944265021455245,0.4995010530644672,True,23514.37809198145,0.6862988877427209,0.393862489960907,1.3634717801584122,0.1982493460571248,0.24,0.006096,2.9186350796015867e-05,50.0,0.05
764,1370.1777,1360.3414,0.3047,287.5434,288.4726,244.317,0.764,9548367.353715822,9480548.452553034,103425.4962518959,1384.8736,1375.0373,15.000599999999999,1360.0366999999999,9377122.956301138,117.64711575980198,116.35414015868062,1171.753142355969,740.8868352364649,1.5815548159686044,5.882355787990099,5.882355787990099,0.26969193671220637,705.5706454338525,True,23479.32777518483,0.6852758969011832,0.39355234575118286,0.4995012677092432,True,23512.93260896602,0.6862566993683629,0.39298987821967113,1.3633913106471418,0.19780963440657068,0.24,0.006096,2.9186350796015867e-05,50.0,0.05
765,1370.0785,1360.2439,0.3047,287.5375,288.467,244.3122,0.765,9547683.39379234,9479876.21371695,103425.4962518959,1384.7744,1374.9397999999999,15.000599999999999,1359.9391999999998,9376450.717465054,117.64173018398021,116.34873062354976,1171.7511056462508,740.8862967586026,1.5815532164283417,5.882086509199011,5.882086509199011,0.2690764297203714,705.5221425515754,True,23477.900152216112,0.6852342297964138,0.3926780333205409,0.49950150639766433,True,23511.485645810284,0.6862144677941107,0.3921171038339345,1.3633107469088797,0.1973698442049733,0.24,0.006096,2.9186350796015867e-05,50.0,0.05
766,1369.9794,1360.1464,0.3047,287.5316,288.4613,244.3075,0.766,9547000.123344587,9479203.974880867,103425.4962518959,1384.6752999999999,1374.8423,15.000599999999999,1359.8417,9375778.47862897,117.63635270261317,116.34337039497916,1171.749231885799,740.8857751566115,1.5815518007996707,5.881817635130659,5.881817635130659,0.26846085377792406,705.4736326975366,True,23476.477814506776,0.6851927169490787,0.39180342571836646,0.49950171764242524,True,23510.0436456473,0.6861723810715058,0.39124403893771387,1.3632304718241472,0.19692990974497138,0.24,0.006096,2.9186350796015867e-05,50.0,0.05
767,1369.8805,1360.0491,0.3047,287.5257,288.4556,244.3027,0.767,9546318.231848294,9478533.114996241,103425.4962518959,1384.5764000000001,1374.745,15.000599999999999,1359.7444,9375107.618744345,117.6309917498291,116.33802664169117,1171.7473804024376,740.8852565580002,1.5815504088259682,5.881549587491455,5.881549587491455,0.2693185042880941,705.4252213883188,True,23475.058983684485,0.6851513064549791,0.39307887433152094,0.4995019253575022,True,23508.605157725437,0.6861303968584025,0.39251796090251584,1.363150393287778,0.19757064636024915,0.24,0.006096,2.9186350796015867e-05,50.0,0.05
768,1369.7816,1359.9519,0.3046,287.5199,288.45,244.298,0.768,9545636.340351999,9477862.944587346,103424.80677616659,1384.4775,1374.6478,15.0005,1359.6473,9374438.13781118,117.62557996244165,116.33264133981193,1171.7453760406197,740.8847225133549,1.581548843476791,5.881278998122083,5.881278998122083,0.26891363336790164,705.3768660674507,True,23473.636573264408,0.6851097914854828,0.3925117356516424,0.49950215894448313,True,23507.163419672637,0.6860883177858376,0.39195191988656336,1.3630701713669,0.19728524548243356,0.24,0.006096,2.9186350796015867e-05,50.0,0.05
769,1369.6829,1359.8549,0.3046,287.514,288.4443,244.2932,0.769,9544955.827807164,9477194.15312991,103424.80677616659,1384.3788,1374.5508000000002,15.0005,1359.5503,9373769.346353743,117.62023520449438,116.32732214268236,1171.743557630363,740.8842083975551,1.5815474865697379,5.88101176022472,5.88101176022472,0.26808697717660834,705.3286024938386,True,23472.222987034555,0.6850685340618979,0.3913286975641271,0.49950236142717835,True,23505.730185857643,0.6860464869209404,0.39077086216098145,1.362990386627383,0.1966902920276418,0.24,0.006096,2.9186350796015867e-05,50.0,0.05
770,1369.5844,1359.7579,0.3046,287.5082,288.4387,244.2885,0.77,9544276.694213785,9476525.36167247,103424.80677616659,1384.2803,1374.4537999999998,15.0005,1359.4533,9373100.554896304,117.61485648335459,116.3219530010018,1171.7415748476458,740.8836773097452,1.5815459440305224,5.880742824167729,5.880742824167729,0.2676820108881657,705.2803455508616,True,23470.80405205045,0.6850271205276951,0.3907611872095851,0.4995025916108073,True,23504.291931567954,0.6860045095267077,0.39020444788744385,1.3629103090713681,0.19640471504728244,0.24,0.006096,2.9186350796015867e-05,50.0,0.05
771,1369.4859,1359.6611,0.3046,287.5023,288.433,244.2838,0.771,9543597.560620409,9475857.949166492,103424.80677616659,1384.1817999999998,1374.357,15.0005,1359.3564999999999,9372433.142390326,117.60952792405885,116.31664996398784,1171.7397780312274,740.8831661535977,1.5815446099477253,5.880476396202943,5.880476396202943,0.2672769392925147,705.2321803595746,True,23469.393940966875,0.6849859645309485,0.3901933077935918,0.4995027906879532,True,23502.862181239067,0.685962780332058,0.3896376697918397,1.3628307188142428,0.19611895711087596,0.24,0.006096,2.9186350796015867e-05,50.0,0.05
772,1369.3876,1359.5645,0.3046,287.4965,288.4274,244.279,0.772,9542919.80597849,9475191.915611971,103424.80677616659,1384.0834999999997,1374.2604,15.0005,1359.2598999999998,9371767.108835805,117.60416540578288,116.31131378713052,1171.7378398297894,740.8826410738327,1.5815431147522592,5.8802082702891445,5.8802082702891445,0.2679233313174336,705.1841205126466,True,23467.98202126218,0.6849447557471515,0.3911604973530711,0.49950301380717627,True,23501.430952797957,0.6859210079967066,0.3906037695214024,1.3627510344503808,0.1966047535788453,0.24,0.006096,2.9186350796015867e-05,50.0,0.05
773,1369.2894,1359.4679,0.3045,287.4907,288.4218,244.2743,0.773,9542242.740812302,9474525.882057453,103424.11730043725,1383.9853,1374.1638,15.000399999999999,1359.1634,9371101.764757015,117.59881099080617,116.30597729353792,1171.735900932126,740.8821159483076,1.5815416187126317,5.879940549540309,5.879940549540309,0.2662558577139862,705.1360604995309,True,23466.57006983948,0.6849035460376216,0.38874942209652513,0.49950323705258376,True,23499.999695631857,0.6858792348229775,0.38819641154860984,1.3626713981439198,0.19539256351652384,0.24,0.006096,2.9186350796015867e-05,50.0,0.05
774,1369.1913,1359.3715,0.3045,287.4848,288.4162,244.2696,0.774,9541566.365121841,9473861.22745439,103424.11730043725,1383.8872,1374.0674,15.000399999999999,1359.0669999999998,9370437.110153953,117.59351517147432,116.30065728576729,1171.7339843332618,740.8815938274304,1.5815401463545977,5.8796757585737165,5.8796757585737165,0.2656397695668602,705.0880990364707,True,23465.1616263853,0.6848624387128915,0.38787317649672104,0.4995034567643332,True,23498.571951686776,0.6858375641873494,0.3873216974949708,1.3625919083271323,0.19495181788727103,0.24,0.006096,2.9186350796015867e-05,50.0,0.05
775,1369.0934,1359.2752,0.3045,287.479,288.4106,244.2649,0.775,9540891.368382841,9473197.262327058,103424.11730043725,1383.7893000000001,1373.9711,15.000399999999999,1358.9706999999999,9369773.14502662,117.58818540002349,116.29534536382963,1171.732078540166,740.8810731864997,1.5815386854203108,5.879409270001175,5.879409270001175,0.26628591575763494,705.0401867665464,True,23463.754921154155,0.6848213821205488,0.3888399555123131,0.49950367477158686,True,23497.14595007643,0.6857959444041142,0.3882873877141544,1.362512515791227,0.19543740895693687,0.24,0.006096,2.9186350796015867e-05,50.0,0.05
776,1368.9956,1359.179,0.3045,287.4732,288.405,244.2602,0.776,9540217.06111957,9472533.986675456,103424.11730043725,1383.6915000000001,1373.8749,15.000399999999999,1358.8745,9369109.869375018,117.58286373484401,116.29004152849639,1171.7301835555154,740.8805540258151,1.5815372359127784,5.879143186742201,5.879143186742201,0.2658805820633461,704.9923236904746,True,23462.34995420466,0.684780376262304,0.3882713221348226,0.49950389107389115,True,23495.72169085279,0.6857543754747887,0.38771984776511426,1.3624332205407896,0.19515127644774422,0.24,0.006096,2.9186350796015867e-05,50.0,0.05
777,1368.8979,1359.0829,0.3045,287.4674,288.3994,244.2555,0.777,9539543.443332026,9471871.400499582,103424.11730043725,1383.5937999999999,1373.7787999999998,15.000399999999999,1358.7784,9368447.283199145,117.57755017674096,116.28474578053904,1171.7282993819865,740.8800363456767,1.581535797835004,5.878877508837048,5.878877508837048,0.2654752081166407,704.9445098089709,True,23460.94672559537,0.6847394211398663,0.38770253313985,0.4995041056707931,True,23494.299174067834,0.6857128574008896,0.3871521515913992,1.3623540225804058,0.19486506716793756,0.24,0.006096,2.9186350796015867e-05,50.0,0.05
778,1368.8003,1358.987,0.3045,287.4616,288.3938,244.2508,0.778,9538870.515020214,9471210.193275169,103424.11730043725,1383.4962,1373.6829,15.000399999999999,1358.6825,9367786.07597473,117.57224472651936,116.27946652307511,1171.726437523551,740.8795216720127,1.5815343834571178,5.878612236325968,5.878612236325968,0.2648588779538841,704.896794481844,True,23459.547005307944,0.6846985684125412,0.3868255173483912,0.49950431673127726,True,23492.880170817672,0.6856714418742498,0.3862766651472389,1.3622750212658155,0.19442394070162078,0.24,0.006096,2.9186350796015867e-05,50.0,0.05
779,1368.7029,1358.8912,0.3044,287.4558,288.3882,244.2461,0.779,9538198.965659859,9470549.675526483,103423.42782470793,1383.3988,1373.5871,15.000299999999998,1358.5868,9367126.247701775,117.56695582162278,116.27419535505803,1171.72458648345,740.8790084797033,1.5815329805170877,5.87834779108114,5.87834779108114,0.26550463108560507,704.8491283512031,True,23458.149023517988,0.684657766425613,0.38779174662944793,0.4995045260851383,True,23491.462910145612,0.6856300772071056,0.38724180853782053,1.362196167386402,0.19490924834638132,0.24,0.006096,2.9186350796015867e-05,50.0,0.05
780,1368.6056,1358.7955,0.3044,287.4501,288.3826,244.2414,0.78,9537528.105775233,9469889.847253526,103423.42782470793,1383.3015,1373.4913999999999,15.000299999999998,1358.4911,9366466.419428818,117.56162454127593,116.26893227725881,1171.7227462643589,740.8784967690483,1.5815315890179173,5.878081227063797,5.878081227063797,0.26509908401203575,704.8015114177543,True,23456.752780283976,0.6846170151807887,0.3872224588838627,0.4995047337319227,True,23490.04739210367,0.6855887634009753,0.3866736127601747,1.362117360681706,0.1946227921794934,0.24,0.006096,2.9186350796015867e-05,50.0,0.05
781,1368.5084,1358.7,0.3044,287.4443,288.3771,244.2367,0.781,9536857.935366336,9469231.397932028,103423.42782470793,1383.2042999999999,1373.3959,15.000299999999998,1358.3956,9365807.97010732,117.55635185826232,116.26363608186367,1171.7207646558263,740.8779711279255,1.5815300364133895,5.877817592913116,5.877817592913116,0.2632204228921182,704.7539998246024,True,23455.354731659536,0.6845762112432058,0.3845012703758783,0.4995049654199109,True,23488.630398925925,0.6855474065410142,0.3839565584825395,1.3620384600415822,0.19325476527592492,0.24,0.006096,2.9186350796015867e-05,50.0,0.05
782,1368.4114,1358.6045,0.3044,287.4385,288.3715,244.2321,0.782,9536189.1439089,9468572.948610531,103423.42782470793,1383.1073,1373.3004,15.000299999999998,1358.3001,9365149.520785823,117.55109572436024,116.25838918813088,1171.7189460839386,740.8774623805828,1.5815286678028762,5.877554786218012,5.877554786218012,0.2640768755136378,704.7064812866786,True,23453.961965952516,0.6845355614947041,0.38577524728885954,0.49950516965151603,True,23487.218366522633,0.6855061944679564,0.3852290141865114,1.3619598479758668,0.19389475828241678,0.24,0.006096,2.9186350796015867e-05,50.0,0.05
783,1368.3144,1358.5092,0.3044,287.4328,288.366,244.2274,0.783,9535520.352451462,9467915.878240492,103423.42782470793,1383.0103,1373.2051,15.000299999999998,1358.2048,9364492.450415784,117.54578878324178,116.253109181013,1171.7169861225057,740.8769397016146,1.5815271380891007,5.877289439162089,5.877289439162089,0.26367118764073894,704.6590680884957,True,23452.567395453338,0.6844948590709052,0.3852055046821409,0.49950539792405163,True,23485.804859533993,0.6854649393571333,0.3846603560614264,1.3618811420067964,0.1936080759971512,0.24,0.006096,2.9186350796015867e-05,50.0,0.05
784,1368.2176,1358.414,0.3043,287.427,288.3604,244.2227,0.784,9534852.939945484,9467259.497346181,103422.73834897863,1382.9134999999999,1373.1098999999997,15.0002,1358.1096999999997,9363836.758997202,117.5405488768546,116.247886878337,1171.71520071532,740.8764354450291,1.58152580465256,5.877027443842731,5.877027443842731,0.2628435091319261,704.6116973094967,True,23451.17987754864,0.684454362486603,0.3840190428139332,0.49950559690717217,True,23484.398084125667,0.6854238807165747,0.38347585563715264,1.361802874094719,0.1930114219406797,0.24,0.006096,2.9186350796015867e-05,50.0,0.05
785,1368.121,1358.319,0.3043,287.4213,288.3549,244.2181,0.785,9534186.906390965,9466604.49540333,103422.73834897863,1382.8169,1373.0149,15.0002,1358.0146999999997,9363181.757054351,117.53527504287649,116.24263146699099,1171.713273920271,740.8759172558614,1.5815243101168586,5.876763752143825,5.876763752143825,0.2636997141084976,704.5644318701491,True,23449.790555486627,0.6844138132455324,0.3852927994805033,0.49950581993064574,True,23482.989834715452,0.6853827790552799,0.3847480884652177,1.3617244621789855,0.19365130129669125,0.24,0.006096,2.9186350796015867e-05,50.0,0.05
786,1368.0244,1358.224,0.3043,287.4156,288.3493,244.2134,0.786,9533520.872836445,9465949.49346048,103422.73834897863,1382.7203,1372.9198999999999,15.0002,1357.9196999999997,9362526.7551115,117.53000088829027,116.23742535556889,1171.7115101852892,740.8754159653898,1.5815229995970415,5.876500044414514,5.876500044414514,0.2620318423937533,704.5171594933096,True,23448.406515654857,0.6843734181734867,0.3828784628910426,0.49950601549435514,True,23481.58654543019,0.6853418221619318,0.3823374466877942,1.3616463388132205,0.19243751841034892,0.24,0.006096,2.9186350796015867e-05,50.0,0.05
787,1367.928,1358.1292,0.3043,287.4098,288.3438,244.2088,0.787,9532856.218233384,9465295.870469088,103422.73834897863,1382.6239,1372.8250999999998,15.0002,1357.8248999999998,9361873.132120108,117.52479376918073,116.23218613964805,1171.7096050622172,740.8749007411659,1.5815215279800239,5.876239688459037,5.876239688459037,0.26141495379988555,704.4699924555712,True,23447.02067225962,0.684332970462005,0.38199964795412356,0.4995062350981622,True,23480.18178268957,0.6853008222637991,0.38146014904277575,1.3615681216109725,0.19199550110690464,0.24,0.006096,2.9186350796015867e-05,50.0,0.05
788,1367.8317,1358.0345,0.3043,287.4041,288.3383,244.2042,0.788,9532192.25310605,9464642.936953425,103422.73834897863,1382.5276,1372.7304,15.0002,1357.7302,9361220.198604446,117.51954429013828,116.22695502325017,1171.7077107777718,740.8743869994255,1.5815200678258572,5.875977214506914,5.875977214506914,0.26227094393834705,704.4228746192061,True,23445.6365684044,0.6842925735213484,0.3832731116585248,0.49950645299161717,True,23478.77876347191,0.6852598732527388,0.3827320906642607,1.361490001777971,0.1926352331606161,0.24,0.006096,2.9186350796015867e-05,50.0,0.05
789,1367.7355,1357.9399,0.3043,287.3984,288.3328,244.1995,0.789,9531528.977454448,9463990.692913491,103422.73834897863,1382.4314,1372.6358,15.0002,1357.6355999999998,9360567.954564512,117.51430293142322,116.22173200713411,1171.705827334589,740.8738747404641,1.5815186191375015,5.875715146571161,5.875715146571161,0.26165391665063,704.3758059849094,True,23444.25420414637,0.6842522273531858,0.3823939567763714,0.4995066691742743,True,23477.37748782829,0.6852189751302422,0.3818544525870674,1.3614119793187243,0.19219304709039392,0.24,0.006096,2.9186350796015867e-05,50.0,0.05
790,1367.6395,1357.8455,0.3042,287.3927,288.3273,244.1949,0.79,9530867.080754304,9463339.827825015,103422.04887324931,1382.3354,1372.5413999999998,15.0001,1357.5412999999999,9359917.778951766,117.50907813347224,116.21652549754323,1171.7039662476623,740.8733654914467,1.5815171941974602,5.875453906673613,5.875453906673613,0.2610368361720248,704.3288359153917,True,23442.875349702837,0.6842119836237002,0.38151456335144907,0.4995068818132507,True,23475.979727063474,0.6851781795942313,0.3809765750663764,1.3613342037471137,0.19175073648595103,0.24,0.006096,2.9186350796015867e-05,50.0,0.05
791,1367.5436,1357.7512,0.3042,287.387,288.3218,244.1903,0.791,9530205.873529889,9462689.65221227,103422.04887324931,1382.2395,1372.4470999999999,15.0001,1357.447,9359267.60333902,117.50386145797633,116.21132709027097,1171.7021160091015,740.8728577260049,1.5815157807312048,5.875193072898817,5.875193072898817,0.26063069361725866,704.2819150498265,True,23441.498235010633,0.6841717906712071,0.3809433495665858,0.4995070927402262,True,23474.58371000955,0.6851374349507783,0.38040644157180364,1.3612564754222598,0.19146332695050092,0.24,0.006096,2.9186350796015867e-05,50.0,0.05
792,1367.4478,1357.657,0.3042,287.3813,288.3163,244.1857,0.792,9529545.355781203,9462040.166075254,103422.04887324931,1382.1436999999999,1372.3528999999999,15.0001,1357.3528,9358618.117202004,117.49865290572755,116.2061367860758,1171.700276621541,740.8723514444337,1.5815143787416934,5.874932645286378,5.874932645286378,0.26022451145672676,704.2350433889358,True,23440.122860127954,0.6841316484974053,0.38037198253913806,0.49950730195475396,True,23473.18943671759,0.6850967412013736,0.37983615423480427,1.3611788444877473,0.19117584181574399,0.24,0.006096,2.9186350796015867e-05,50.0,0.05
793,1367.3521,1357.5629,0.3042,287.3756,288.3108,244.181,0.793,9528885.527508248,9461391.369413966,103422.04887324931,1382.048,1372.2587999999998,15.0001,1357.2586999999999,9357969.320540717,117.49345247751806,116.20095458571635,1171.6984480876156,740.8718466470287,1.5815129882318828,5.874672623875903,5.874672623875903,0.25960727143819895,704.1882209334199,True,23438.74922511237,0.6840915571039747,0.3794919974414205,0.4995075094563886,True,23471.796907238775,0.6850560983475111,0.37895768253785683,1.3611013109480827,0.1907332461955885,0.24,0.006096,2.9186350796015867e-05,50.0,0.05
794,1367.2566,1357.4689,0.3042,287.3699,288.3053,244.1764,0.794,9528227.078186749,9460743.26222841,103422.04887324931,1381.9524999999999,1372.1648000000002,15.0001,1357.1647,9357321.213355161,117.48826861487004,116.19578048995092,1171.69663040996,740.8713433340854,1.581511609204731,5.874413430743502,5.874413430743502,0.2604627665073167,704.1414476839562,True,23437.37733002092,0.6840515164925803,0.38076484040678515,0.4995077152446842,True,23470.40612162428,0.6850155063906845,0.38022900806973425,1.3610238748077716,0.1913726653355761,0.24,0.006096,2.9186350796015867e-05,50.0,0.05
795,1367.1611,1357.3751,0.3042,287.3643,288.2998,244.1718,0.795,9527568.628865253,9460096.53399431,103422.04887324931,1381.8570000000002,1372.071,15.0001,1357.0709,9356674.48512106,117.48303396685776,116.19062290631992,1171.6948351081396,740.870843033281,1.581510253947874,5.874151698342889,5.874151698342889,0.2600564209737968,704.094773004445,True,23436.00894516899,0.6840115783322679,0.3801930101941503,0.4995079174859844,True,23469.018851265817,0.6849750170313534,0.3796582568819341,1.3609466354486475,0.1910849508717636,0.24,0.006096,2.9186350796015867e-05,50.0,0.05
796,1367.0658,1357.2814,0.3041,287.3586,288.2943,244.1672,0.796,9526911.558495214,9459450.49523594,103421.35939751999,1381.7617,1371.9773,15.0,1356.9773,9356029.135838421,117.47786635803108,116.18547342931852,1171.6930506696847,740.8703442177335,1.5815089101816406,5.873893317901555,5.873893317901555,0.25943896127273547,704.048147532867,True,23434.642300396023,0.6839716909585105,0.3793124257952263,0.4995081180127444,True,23467.633324908827,0.6849345785730613,0.3787791847408699,1.3608695436443652,0.19064205124171285,0.24,0.006096,2.9186350796015867e-05,50.0,0.05
797,1366.9706,1357.1878,0.3041,287.353,288.2889,244.1627,0.797,9526255.177600903,9458805.1459533,103421.35939751999,1381.6664999999998,1371.8836999999999,15.0,1356.8837,9355383.78655578,117.47265640840685,116.18028246492574,1171.6911133217131,740.8698299337356,1.5815073930416506,5.873632820420343,5.873632820420343,0.2588214849884025,704.0015780329853,True,23433.272085264598,0.6839316993790188,0.3784317720956662,0.4995083444118306,True,23466.244556945323,0.6848940455041042,0.37790003678291806,1.3607922086672772,0.1901991232312281,0.24,0.006096,2.9186350796015867e-05,50.0,0.05
798,1366.8756,1357.0943,0.3041,287.3473,288.2834,244.1581,0.798,9525600.175658053,9458160.486146389,103421.35939751999,1381.5715,1371.7902,15.0,1356.7902000000001,9354739.12674887,117.46751349863155,116.1751492044839,1171.6893506141605,740.8693340886024,1.5815060722624474,5.8733756749315775,5.8733756749315775,0.25820390661192505,703.9550509781718,True,23431.908921037317,0.6838919135896888,0.37755075251092723,0.4995085415086573,True,23464.86251894477,0.6848537088582066,0.37702052755530024,1.3607152615661555,0.1897560157550799,0.24,0.006096,2.9186350796015867e-05,50.0,0.05
799,1366.7807,1357.001,0.3041,287.3417,288.278,244.1535,0.799,9524945.86319093,9457517.205290936,103421.35939751999,1381.4765999999997,1371.6969,15.0,1356.6969,9354095.845893417,117.46232825214238,116.16998286807306,1171.6874465157148,740.8688243014657,1.5815045903982397,5.87311641260712,5.87311641260712,0.2577973697211746,703.9086292581491,True,23430.5439573328,0.683852075280185,0.37697826626548,0.49950876264402705,True,23463.479011251904,0.6848133293173536,0.3764491120202877,1.3606382208468204,0.1894679759625812,0.24,0.006096,2.9186350796015867e-05,50.0,0.05
800,1366.6859,1356.9078,0.3041,287.336,288.2725,244.1489,0.8,9524292.240199538,9456874.613911211,103421.35939751999,1381.3817999999999,1371.6036999999997,15.0,1356.6037,9353453.254513692,117.45720160384269,116.16487423553714,1171.6857170719356,740.8683329559165,1.5815033049086387,5.872860080192135,5.872860080192135,0.2573907446935664,703.8622499874701,True,23429.18604425388,0.683812442752713,0.37640547115146095,0.4995089544750127,True,23462.102233255417,0.6847731461917799,0.37587739257152564,1.3605615679960346,0.1891797848389001,0.24,0.006096,2.9186350796015867e-05,50.0,0.05
801,1366.5912,1356.8147,0.3041,287.3304,288.2671,244.1444,0.801,9523639.306683876,9456232.712007219,103421.35939751999,1381.2871,1371.5106,15.0,1356.5106,9352811.3526097,117.45203262235465,116.15972412332282,1171.6838347165046,740.8678261394266,1.5815018460472343,5.872601631117733,5.872601631117733,0.25824572009014446,703.8159266869264,True,23427.824561946905,0.6837727060524992,0.3776777250747951,0.4995091721781105,True,23460.722214694208,0.6847328684859474,0.3771481288187123,1.3604847221749212,0.1898189048953841,0.24,0.006096,2.9186350796015867e-05,50.0,0.05
802,1366.4966,1356.7217,0.304,287.3248,288.2617,244.1398,0.802,9522987.062643941,9455591.499578955,103420.66992179069,1381.1924999999999,1371.4176,14.9999,1356.4177,9352170.829657163,117.44687177503909,116.15458212486035,1171.6819632347383,740.8673208082229,1.5815003986901912,5.872343588751955,5.872343588751955,0.25762791331544577,703.7696525965607,True,23426.464820532077,0.6837330201625741,0.3767960676437544,0.4995093881646369,True,23459.343940875322,0.6846926417027764,0.37626797430558845,1.3604080239615508,0.18937547322400025,0.24,0.006096,2.9186350796015867e-05,50.0,0.05
803,1366.4022,1356.6288,0.304,287.3192,288.2562,244.1352,0.803,9522336.197555467,9454950.976626419,103420.66992179069,1381.0981,1371.3247,14.9999,1356.3247999999999,9351530.306704627,117.44172750582203,116.149497829394,1171.680266426244,740.866833922376,1.5814991477253877,5.872086375291102,5.872086375291102,0.2570100542138789,703.7234209612187,True,23425.11212926886,0.6836935400408471,0.3759141181859403,0.49950957484405994,True,23457.972396303267,0.684652611321764,0.37538753225187466,1.3603316634546547,0.18893190618027988,0.24,0.006096,2.9186350796015867e-05,50.0,0.05
804,1366.3079,1356.5361,0.304,287.3136,288.2508,244.1307,0.804,9521686.021942722,9454311.832625343,103420.66992179069,1381.0038,1371.232,14.9999,1356.2321,9350891.162703551,117.43659137287052,116.14438046871891,1171.6784282282138,740.8663330918699,1.5814977356825333,5.871829568643527,5.871829568643527,0.25660322145085956,703.6772946597783,True,23423.757640023523,0.6836540074425833,0.37534076982999387,0.49950978556107645,True,23456.599383414086,0.684612538085933,0.3748152526804155,1.3602552094106999,0.18864343961015018,0.24,0.006096,2.9186350796015867e-05,50.0,0.05
805,1366.2137,1356.4434,0.304,287.308,288.2454,244.1261,0.805,9521036.535805704,9453672.688624267,103420.66992179069,1380.9095999999997,1371.1393,14.9999,1356.1394,9350252.018702475,117.43146337696399,116.13926281519788,1171.6765893874563,740.8658322193276,1.5814963228599677,5.8715731688482,5.8715731688482,0.2561963497173565,703.6311682055434,True,23422.40312142896,0.6836144739877227,0.37476729862504,0.4995099963946402,True,23455.22634394002,0.6845724640741861,0.37424284960663107,1.3601787534512426,0.1883549122255424,0.24,0.006096,2.9186350796015867e-05,50.0,0.05
806,1366.1196,1356.3509,0.304,287.3024,288.24,244.1216,0.806,9520387.739144418,9453034.923574647,103420.66992179069,1380.8155,1371.0467999999998,14.9999,1356.0468999999998,9349614.253652856,117.42634351888184,116.13416168802138,1171.6747729576425,740.8653343617362,1.581494933849285,5.8713171759440925,5.8713171759440925,0.2555783336783861,703.5851403300196,True,23421.052114422426,0.6835750430233021,0.3738848225763471,0.49951020367497645,True,23453.856820938596,0.6845324926954434,0.37336187311139946,1.3601024943641624,0.18791108371422188,0.24,0.006096,2.9186350796015867e-05,50.0,0.05
807,1366.0257,1356.2586,0.304,287.2968,288.2346,244.1171,0.807,9519740.32143459,9452398.537476487,103420.66992179069,1380.7215999999999,1370.9544999999998,14.9999,1355.9545999999998,9348977.867554696,117.42124024361686,116.1290770886999,1171.6729789440649,740.8648395196903,1.5814935686564253,5.871062012180843,5.871062012180843,0.25517137735005235,703.5392110345923,True,23419.704619117947,0.6835357145526496,0.3733109652025325,0.49951040740118996,True,23452.490814511195,0.6844926239526636,0.37278908262961624,1.3600264321583997,0.18762236623966808,0.24,0.006096,2.9186350796015867e-05,50.0,0.05
808,1365.9318,1356.1663,0.3039,287.2912,288.2292,244.1125,0.808,9519092.903724762,9451762.15137833,103419.98044606137,1380.6277,1370.8622,14.9998,1355.8624000000002,9348342.170932269,117.41613666378784,116.12399219851478,1171.6711842946418,740.8643446363793,1.5814922026915805,5.870806833189392,5.870806833189392,0.254764368724409,703.4932815881997,True,23418.35709461475,0.683496385229793,0.37273696573941156,0.49951061124278473,True,23451.124781632578,0.6844527544378695,0.3722161494311511,1.3599504181996709,0.1873335713677496,0.24,0.006096,2.9186350796015867e-05,50.0,0.05
809,1365.8381,1356.0742,0.3039,287.2856,288.2238,244.108,0.809,9518446.86496639,9451127.144231629,103419.98044606137,1380.5339999999999,1370.7701,14.9998,1355.7703000000001,9347707.163785568,117.41104966886786,116.1189238381856,1171.669412068438,740.8638527693965,1.581490860552398,5.870552483443394,5.870552483443394,0.2554076048581919,703.4474507237509,True,23417.01308196549,0.6834571584051375,0.3736995094969687,0.49951081152907456,True,23449.762265462643,0.6844129875629684,0.3731776127855749,1.3598745509839745,0.1878170340590496,0.24,0.006096,2.9186350796015867e-05,50.0,0.05
810,1365.7445,1355.9821,0.3039,287.2801,288.2185,244.1035,0.81,9517801.51568375,9450492.137084927,103419.98044606137,1380.4404,1370.6779999999999,14.9998,1355.6782,9347072.156638866,117.40592035959352,116.1138056067097,1171.6674753876898,740.8633438950334,1.5814893327394712,5.870296017979676,5.870296017979676,0.254789356008132,703.4016264567584,True,23415.66373248197,0.6834177758177651,0.3728164016560087,0.49951103952351017,True,23448.394739845156,0.6843730744805739,0.3722959968895799,1.359798391549559,0.18737289115174394,0.24,0.006096,2.9186350796015867e-05,50.0,0.05
811,1365.6511,1355.8902,0.3039,287.2745,288.2131,244.099,0.811,9517157.545352569,9449858.508889684,103419.98044606137,1380.347,1370.5860999999998,14.9998,1355.5863,9346438.528443623,117.40085809462754,116.10875348936918,1171.665724955591,740.8628550033112,1.5814880136626022,5.870042904731378,5.870042904731378,0.25438214495034117,703.3558940248489,True,23414.323202925636,0.6833786506518814,0.37224186723960956,0.49951123636859296,True,23447.035714330734,0.6843334094851693,0.37172252797319266,1.3597227193504906,0.18708383799886338,0.24,0.006096,2.9186350796015867e-05,50.0,0.05
812,1365.5577,1355.7985,0.3039,287.269,288.2077,244.0945,0.812,9516513.575021386,9449226.259645902,103419.98044606137,1380.2535999999998,1370.4944,14.9998,1355.4946,9345806.27919984,117.3957450737955,116.1037179053867,1171.663996958957,740.862369129291,1.5814867184251395,5.8697872536897755,5.8697872536897755,0.2539749306183694,703.3102601781029,True,23412.98618548852,0.6833396279919414,0.3716672064880811,0.4995114296562975,True,23445.680205760513,0.6842938471365319,0.37114893211614064,1.3596472440653453,0.18679472320995874,0.24,0.006096,2.9186350796015867e-05,50.0,0.05
813,1365.4645,1355.7068,0.3039,287.2634,288.2024,244.09,0.813,9515870.983641664,9448594.010402117,103419.98044606137,1380.1604,1370.4026999999999,14.9998,1355.4028999999998,9345174.029956056,117.39069909740283,116.09863245531729,1171.6621045039665,740.8618662457994,1.5814852375128703,5.869534954870142,5.869534954870142,0.2533564907703294,703.2646329270862,True,23411.643832003505,0.6833004495922355,0.37078343929309826,0.49951165065236797,True,23444.319688469073,0.6842541386015998,0.3702666545621637,1.35957147660179,0.18635025456961388,0.24,0.006096,2.9186350796015867e-05,50.0,0.05
814,1365.3714,1355.6152,0.3039,287.2579,288.197,244.0855,0.814,9515229.08173767,9447962.450634064,103419.98044606137,1380.0673,1370.3111,14.9998,1355.3113,9344542.470188003,117.38561081416468,116.09360470815584,1171.660386786456,740.8613818198747,1.5814839530552305,5.8692805407082345,5.8692805407082345,0.2539993085065362,703.2190481502925,True,23410.308527452147,0.68326147692518,0.37174539628604025,0.49951184233174706,True,23442.965899257557,0.6842146264347686,0.37122753401231456,1.3594960969597372,0.18683342237948228,0.24,0.006096,2.9186350796015867e-05,50.0,0.05
815,1365.2785,1355.5238,0.3038,287.2524,288.1917,244.081,0.815,9514588.558785133,9447332.269817468,103419.29097033205,1379.9743999999998,1370.2196999999999,14.9997,1355.2199999999998,9343912.978847135,117.38053912506257,116.08854392120635,1171.6585276749815,740.8608834415651,1.581482507528548,5.869026956253129,5.869026956253129,0.2523306423672693,703.1735687030101,True,23408.971428594286,0.6832224518888655,0.3693242832838198,0.49951205804761967,True,23441.610645115237,0.6841750715119531,0.36881005004997597,1.3594206741309889,0.18561630492236847,0.24,0.006096,2.9186350796015867e-05,50.0,0.05
816,1365.1856,1355.4325,0.3038,287.2468,288.1863,244.0765,0.816,9513948.035832599,9446702.778476601,103419.29097033205,1379.8815,1370.1283999999998,14.9997,1355.1286999999998,9343283.487506269,117.37551758847,116.08354083709986,1171.6568433150092,740.8604035234998,1.5814812584700981,5.8687758794235005,5.8687758794235005,0.2519231991304878,703.1281317341325,True,23407.641378397842,0.6831836325772558,0.36874887968279857,0.4995122444447099,True,23440.262118792383,0.6841357129496366,0.36823570873727124,1.3593455889621473,0.18532682283011614,0.24,0.006096,2.9186350796015867e-05,50.0,0.05
817,1365.0929,1355.3413,0.3038,287.2413,288.181,244.072,0.817,9513308.891831523,9446073.976611465,103419.29097033205,1379.7888,1370.0372,14.9997,1355.0375,9342654.685641132,117.37046219709735,116.07849630534034,1171.655006025933,740.8599081225184,1.5814798360396265,5.868523109854868,5.868523109854868,0.2525658027607278,703.0827507263946,True,23406.307763825906,0.6831447092345326,0.3697105449937967,0.4995124567143031,True,23438.910356383218,0.6840962599377699,0.36919629232252044,1.35927031107485,0.18580984275380083,0.24,0.006096,2.9186350796015867e-05,50.0,0.05
818,1365.0003,1355.2503,0.3038,287.2358,288.1756,244.0675,0.818,9512670.437306175,9445446.553697785,103419.29097033205,1379.6962,1369.9461999999996,14.9997,1354.9464999999996,9342027.262727452,117.36541495635957,116.07351788851737,1171.6533550382712,740.8594327139697,1.5814786223969455,5.868270747817979,5.868270747817979,0.25215825185296126,703.0374615693042,True,23404.98296830554,0.6831060432877422,0.3691348573632009,0.4995126378266053,True,23437.567093234044,0.6840570549882867,0.36862166688315057,1.3591955204036645,0.1855202199151402,0.24,0.006096,2.9186350796015867e-05,50.0,0.05
819,1364.9078,1355.1593,0.3038,287.2303,288.1703,244.0631,0.819,9512032.672256557,9444819.13078411,103419.29097033205,1379.6037000000001,1369.8552,14.9997,1354.8555,9341399.839813776,117.36037586702324,116.0684896151465,1171.6515395827405,740.8589402915676,1.5814772230751957,5.868018793351162,5.868018793351162,0.2517506626186332,702.992179004058,True,23403.652838262162,0.6830672216456919,0.3685591324556585,0.4995128466480324,True,23436.218822773448,0.6840177038936559,0.36804699817794895,1.3591204376311807,0.18523057681143473,0.24,0.006096,2.9186350796015867e-05,50.0,0.05
820,1364.8154,1355.0685,0.3038,287.2248,288.165,244.0586,0.82,9511395.596682668,9444193.08682189,103419.29097033205,1379.5113,1369.7644,14.9997,1354.7647,9340773.795851557,117.35534492985482,116.06347788560862,1171.6497465850302,740.8584508882697,1.581475847620086,5.8677672464927415,5.8677672464927415,0.2513430350627459,702.946995029371,True,23402.326221398383,0.6830285025405337,0.3679832307551912,0.49951305190801326,True,23434.874070217476,0.6839784554738234,0.36747215215811,1.3590455518415252,0.1849408467009606,0.24,0.006096,2.9186350796015867e-05,50.0,0.05
821,1364.7231,1354.9778,0.3037,287.2193,288.1597,244.0542,0.821,9510759.210584508,9443567.732335398,103418.60149460273,1379.4189999999999,1369.6736999999998,14.9996,1354.6741,9340149.130840795,117.35032214562072,116.058474287992,1171.6479645100783,740.8579629746588,1.5814744837265855,5.867516107281037,5.867516107281037,0.25072416495231664,702.9018602773809,True,23401.001347071924,0.682989834293681,0.36709794547909325,0.49951325544282843,True,23433.531063882925,0.6839392580198219,0.3665883512495347,1.3589708137857262,0.1844956215460336,0.24,0.006096,2.9186350796015867e-05,50.0,0.05
822,1364.631,1354.8872,0.3037,287.2138,288.1544,244.0497,0.822,9510124.203437809,9442943.067324637,103418.60149460273,1379.3269,1369.5830999999998,14.9996,1354.5834999999997,9339524.465830034,117.34531596325674,116.05347882302952,1171.6461933604378,740.857476551021,1.5814731313975603,5.867265798162837,5.867265798162837,0.25136632596831987,702.8567747487754,True,23399.678215338812,0.6829512169067691,0.3680589766086241,0.499513457252045,True,23432.189803819158,0.6839001115330922,0.36754830380833603,1.3588961231515528,0.18497832298273903,0.24,0.006096,2.9186350796015867e-05,50.0,0.05
823,1364.539,1354.7967,0.3037,287.2084,288.1491,244.0452,0.823,9509489.885766836,9442319.091789607,103418.60149460273,1379.2349,1369.4926,14.9996,1354.4930000000002,9338900.490295004,117.340267492582,116.048491491454,1171.6444331386597,740.8569916176431,1.5814717906358726,5.8670133746291,5.8670133746291,0.2509585337866156,702.8117384442157,True,23398.35682625413,0.6829126503814056,0.36748262555460887,0.49951365733523145,True,23430.85029007556,0.6838610160150754,0.3669730075402972,1.3588215301013464,0.1846883701996524,0.24,0.006096,2.9186350796015867e-05,50.0,0.05
824,1364.4471,1354.7063,0.3037,287.2029,288.1438,244.0408,0.824,9508856.257571595,9441695.805730304,103418.60149460273,1379.143,1369.4022,14.9996,1354.4026,9338277.2042357,117.33527762190528,116.043512293998,1171.6426838472955,740.8565081748104,1.5814704614443882,5.866763881095264,5.866763881095264,0.24928962085368767,702.7667513643858,True,23397.037179873852,0.6828741347192241,0.36505939847346475,0.4995138556919562,True,23429.512522701538,0.6838219714672138,0.36455339438539813,1.3587470346394543,0.183470222564156,0.24,0.006096,2.9186350796015867e-05,50.0,0.05
825,1364.3553,1354.6161,0.3037,287.1974,288.1385,244.0364,0.825,9508223.318852082,9441073.898622459,103418.60149460273,1379.0512,1369.312,14.9996,1354.3123999999998,9337655.297127856,117.33029590774785,116.03854964579071,1171.6409570326934,740.8560277532074,1.5814691561408047,5.866514795387393,5.866514795387393,0.249931556631509,702.7218628801033,True,23395.721047083505,0.6828357216059109,0.3660200377972515,0.4995140504840279,True,23428.178273596168,0.6837830296047751,0.3655129563188616,1.3586727361924682,0.18395272825736894,0.24,0.006096,2.9186350796015867e-05,50.0,0.05
826,1364.2637,1354.5259,0.3037,287.192,288.1333,244.0319,0.826,9507591.759084027,9440451.991514616,103418.60149460273,1378.9596,1369.2218,14.9996,1354.2222,9337033.390020013,117.32528035964002,116.03353715404404,1171.639065732032,740.8555303107813,1.5814676651472674,5.866264017982001,5.866264017982001,0.24952364348337142,702.6769809807436,True,23394.399581947673,0.6827971528608917,0.3654432981125913,0.49951427298704226,True,23426.839019196646,0.6837439416560657,0.36493726420304556,1.358598145751825,0.18366258209876277,0.24,0.006096,2.9186350796015867e-05,50.0,0.05
827,1364.1721,1354.4359,0.3037,287.1865,288.128,244.0275,0.827,9506960.199315973,9439831.46335823,103418.60149460273,1378.868,1369.1317999999999,14.9996,1354.1322,9336412.861863628,117.32031496200851,116.02859077948038,1171.6373607900737,740.855052871048,1.5814663829984121,5.866015748100426,5.866015748100426,0.24911563169052897,702.6321909488018,True,23393.08693510732,0.6827588414897379,0.36486621124813845,0.4995144643240485,True,23425.508263320422,0.6837051017482383,0.364361229795622,1.358524042516893,0.183372265704625,0.24,0.006096,2.9186350796015867e-05,50.0,0.05
828,1364.0807,1354.346,0.3036,287.1811,288.1227,244.0231,0.828,9506330.018499378,9439211.624677574,103417.91201887341,1378.7766000000001,1369.0419,14.9995,1354.0424,9335793.712658701,117.31531573437239,116.02365254246254,1171.6356667904836,740.8545769232012,1.5814651124331762,5.86576578671862,5.86576578671862,0.24975733218116147,702.5874501447374,True,23391.77603123167,0.6827205809893634,0.36582657552116865,0.4995146539325701,True,23424.179254044742,0.6836663128173072,0.36532051894138434,1.358450087053352,0.18385462562184846,0.24,0.006096,2.9186350796015867e-05,50.0,0.05
829,1363.9894,1354.2563,0.3036,287.1757,288.1175,244.0187,0.829,9505700.52715851,9438593.164948378,103417.91201887341,1378.6852999999996,1368.9522,14.9995,1353.9527,9335175.252929505,117.31032466872126,116.01868129714595,1171.6338313939366,740.8540870138637,1.5814636808125102,5.865516233436064,5.865516233436064,0.24808829856601733,702.54281466556,True,23390.46333755224,0.6826822682511478,0.36340228844899436,0.49951486757584185,True,23422.84878398532,0.6836274812514291,0.36289983268647114,1.35837598832675,0.1826359569794906,0.24,0.006096,2.9186350796015867e-05,50.0,0.05
830,1363.8982,1354.1666,0.3036,287.1702,288.1122,244.0143,0.83,9505071.725293376,9437974.705219181,103417.91201887341,1378.5941,1368.8625,14.9995,1353.863,9334556.793200308,117.30539220242974,116.01375933864625,1171.632159283991,740.8536140497934,1.5814624334210845,5.865269610121487,5.865269610121487,0.2474689041023339,702.498172318316,True,23389.155919996865,0.6826441095037398,0.3625152559834374,0.4995150537264207,True,23421.523268267345,0.6835887942846988,0.3620142784249165,1.3583021779420077,0.18218987506688628,0.24,0.006096,2.9186350796015867e-05,50.0,0.05
831,1363.8072,1354.0771,0.3036,287.1648,288.107,244.0098,0.831,9504444.302379696,9437357.624441441,103417.91201887341,1378.5031,1368.773,14.9995,1353.7734999999998,9333939.712422568,117.30042591255716,116.00880437580548,1171.6303457769354,740.8531271231301,1.5814610249761556,5.865021295627859,5.865021295627859,0.24832164356530484,702.4536352954506,True,23387.84671319974,0.6826058985348943,0.3637847901670466,0.4995152639114979,True,23420.196292282882,0.6835500646981184,0.3632823057005679,1.3582282744865253,0.18282762053321427,0.24,0.006096,2.9186350796015867e-05,50.0,0.05
832,1363.7162,1353.9876,0.3036,287.1594,288.1017,244.0054,0.832,9503816.879466018,9436740.543663703,103417.91201887341,1378.4121,1368.6834999999999,14.9995,1353.684,9333322.63164483,117.29545933668713,116.0038986987367,1171.6286955667797,740.8526571439746,1.581459800769925,5.864772966834357,5.864772966834357,0.24791339287139635,702.409091407705,True,23386.54278218628,0.6825678415469216,0.3632069631489577,0.4995154466024177,True,23418.874270319244,0.6835114797013275,0.36270552907132814,1.3581546593600287,0.18253693801574467,0.24,0.006096,2.9186350796015867e-05,50.0,0.05
833,1363.6254,1353.8983,0.3036,287.154,288.0965,244.0011,0.833,9503190.835503798,9436124.841837425,103417.91201887341,1378.3212999999998,1368.5942,14.9995,1353.5947,9332706.929818552,117.29050937684231,115.998960021269,1171.6269039593124,740.8521732011183,1.5814584155120677,5.864525468842116,5.864525468842116,0.2472938354139842,702.364652843822,True,23385.23706249112,0.6825297323538575,0.3623195059373248,0.4995156533275904,True,23417.550788604807,0.683472852099738,0.3618195436062427,1.358080951192857,0.18209064429979382,0.24,0.006096,2.9186350796015867e-05,50.0,0.05
834,1363.5347,1353.8091,0.3036,287.1486,288.0913,243.9967,0.834,9502565.481017306,9435509.829486873,103417.91201887341,1378.2305999999999,1368.5049999999999,14.9995,1353.5055,9332091.917468,117.28556758327056,115.99402948820203,1171.625123304157,740.8516907501792,1.58145704185109,5.864278379163529,5.864278379163529,0.24688550292285072,702.3202635099634,True,23383.93308654191,0.6824916740543743,0.36174141357097533,0.49951585832231704,True,23416.229054203217,0.6834342754958339,0.36124249510859613,1.3580073406816637,0.18179982944637424,0.24,0.006096,2.9186350796015867e-05,50.0,0.05
835,1363.4441,1353.72,0.3035,287.1432,288.086,243.9923,0.835,9501940.816006547,9434895.506612051,103417.22254314409,1378.1399999999999,1368.4159,14.9994,1353.4164999999998,9331478.284068907,117.2806339567254,115.9891566562205,1171.6235175138559,740.851226781479,1.5814558647676198,5.86403169783627,5.86403169783627,0.2464771327613562,702.2759166883999,True,23382.636156884026,0.6824538214104214,0.3611630926938969,0.4995160339814546,True,23414.914045358593,0.6833958951863949,0.36066522274637025,1.3579341680839707,0.18150889678925491,0.24,0.006096,2.9186350796015867e-05,50.0,0.05
836,1363.3536,1353.6311,0.3035,287.1378,288.0808,243.9879,0.836,9501316.840471514,9434282.56268869,103417.22254314409,1378.0494999999996,1368.327,14.9994,1353.3275999999998,9330865.340145545,117.27570849796012,115.98425083023389,1171.621770327705,740.8507488476203,1.5814545266373035,5.863785424898007,5.863785424898007,0.24585742366116392,702.2316751903863,True,23381.337439419818,0.6824159165869262,0.3602750429544628,0.49951623367418124,True,23413.597577567863,0.683357472295643,0.3597786424069391,1.357860852327186,0.18106231079554155,0.24,0.006096,2.9186350796015867e-05,50.0,0.05
837,1363.2633,1353.5422,0.3035,287.1324,288.0756,243.9835,0.837,9500694.243887942,9433669.618765326,103417.22254314409,1377.9592,1368.2380999999998,14.9994,1353.2386999999999,9330252.396222182,117.27079965977896,115.97934473393661,1171.6200225488578,740.8502708751439,1.5814531877876736,5.863539982988948,5.863539982988948,0.24670969892849826,702.1874335519881,True,23380.03869484948,0.6823780109723019,0.36154403418856995,0.49951643347442537,True,23412.281085220187,0.6833190486881634,0.3610461312356677,1.3577875348023578,0.18169978189143546,0.24,0.006096,2.9186350796015867e-05,50.0,0.05
838,1363.173,1353.4535,0.3035,287.1271,288.0704,243.9791,0.838,9500071.64730437,9433058.053793423,103417.22254314409,1377.8689,1368.1494,14.9994,1353.1499999999999,9329640.831250278,117.26584011000298,115.97445520253648,1171.6182972875326,740.849795927386,1.5814518728737939,5.863292005500149,5.863292005500149,0.2463011734680549,702.1432905193622,True,23378.743465315965,0.6823402079487754,0.36096535217890197,0.4995166297028388,True,23410.968112444338,0.6832807278041418,0.3604684918592576,1.3577144143918245,0.18140867538655633,0.24,0.006096,2.9186350796015867e-05,50.0,0.05
839,1363.0829,1353.3649,0.3035,287.1217,288.0652,243.9748,0.839,9499450.429672254,9432447.178297248,103417.22254314409,1377.7787999999998,1368.0608,14.9994,1353.0613999999998,9329029.955754103,117.26094761284024,115.96957381963203,1171.6165829928186,740.84932247315,1.581450569572844,5.863047380642012,5.863047380642012,0.24568125556379528,702.0991967205318,True,23377.44997983885,0.6823024558278907,0.3600767569650487,0.49951682419838533,True,23409.656887256926,0.6832424579258495,0.35958136487832026,1.3576413916615462,0.1809618188372401,0.24,0.006096,2.9186350796015867e-05,50.0,0.05
840,1362.9929,1353.2764,0.3035,287.1164,288.06,243.9704,0.84,9498829.90151587,9431836.992276803,103417.22254314409,1377.6888,1367.9723,14.9994,1352.9729,9328419.769733658,117.25601285978043,115.964700585943,1171.6148796672242,740.8488505127168,1.5814492778876401,5.862800642989022,5.862800642989022,0.2452726487522341,702.055152156172,True,23376.158238473286,0.6822647546112577,0.35949775669122186,0.49951701696064016,True,23408.34740970646,0.6832042390547022,0.3590034059091894,1.3575684666157923,0.1806705553228271,0.24,0.006096,2.9186350796015867e-05,50.0,0.05
841,1362.903,1353.188,0.3035,287.111,288.0548,243.9661,0.841,9498210.062835213,9431227.495732088,103417.22254314409,1377.5988999999997,1367.8839,14.9994,1352.8845000000001,9327810.273188943,117.25113670689014,115.959835502189,1171.613187313258,740.848380046368,1.5814479978209974,5.862556835344507,5.862556835344507,0.24465262447665737,702.0111568269296,True,23374.868241273554,0.6822271043004604,0.3586087725545856,0.49951720798917887,True,23407.03967984153,0.6831660711921179,0.3581158883516288,1.3574956392588313,0.1802235067290775,0.24,0.006096,2.9186350796015867e-05,50.0,0.05
842,1362.8133,1353.0997,0.3034,287.1057,288.0497,243.9617,0.842,9497591.603106016,9430618.688663099,103416.53306741477,1377.5092,1367.7956,14.999299999999998,1352.7963,9327202.155595684,117.24622675480136,115.95492902003893,1171.611341999092,740.8478940778558,1.5814465443779304,5.862311337740068,5.862311337740068,0.24424393633444197,701.9672174439012,True,23373.5746872333,0.6821893501784679,0.3580295357447975,0.4995174248914401,True,23405.728720847892,0.6831278090830503,0.35753768634054883,1.3574226697437786,0.1799321182550638,0.24,0.006096,2.9186350796015867e-05,50.0,0.05
843,1362.7236,1353.0116,0.3034,287.1003,288.0445,243.9574,0.843,9496973.14337682,9430011.260545572,103416.53306741477,1377.4195,1367.7075,14.999299999999998,1352.7082,9326594.727478158,117.24136694943677,115.95008865812078,1171.609683151863,740.8474281317469,1.5814452998863788,5.862068347471839,5.862068347471839,0.24383515159115632,701.9233699599454,True,23372.289949895785,0.6821518533838545,0.3574499583657182,0.49951761061131633,True,23404.426258835014,0.683089794969844,0.3569591485434514,1.3573501372352914,0.17964056944644374,0.24,0.006096,2.9186350796015867e-05,50.0,0.05
844,1362.6341,1352.9235,0.3034,287.095,288.0393,243.953,0.844,9496356.06259908,9429403.832428044,103416.53306741477,1377.3299999999997,1367.6194,14.999299999999998,1352.6201,9325987.29936063,117.2364733487377,115.94524802970184,1171.608023725163,740.8469621485037,1.581444054690357,5.8618236674368855,5.8618236674368855,0.24447559968530186,701.879522339108,True,23371.005185742735,0.6821143558065934,0.35840852432465214,0.49951779643647215,True,23403.123772522922,0.6830517801474323,0.35791664232619874,1.357277602981405,0.1801220318881599,0.24,0.006096,2.9186350796015867e-05,50.0,0.05
845,1362.5447,1352.8356,0.3034,287.0897,288.0342,243.9487,0.845,9495739.671297072,9428797.783261975,103416.53306741477,1377.2405999999999,1367.5315,14.999299999999998,1352.5322,9325381.25019456,117.23158792544935,115.94037442731316,1171.6062228966377,740.8464821935295,1.5814426484522093,5.861579396272468,5.861579396272468,0.24280617071372035,701.8357800377067,True,23369.71863672261,0.6820768061355758,0.3559806879952138,0.49951800629471277,True,23401.819829974786,0.6830137228228045,0.35549237533652306,1.3572049758898632,0.1789016213667522,0.24,0.006096,2.9186350796015867e-05,50.0,0.05
846,1362.4554,1352.7478,0.3034,287.0843,288.029,243.9444,0.846,9495123.969470792,9428192.423571635,103416.53306741477,1377.1513,1367.4437,14.999299999999998,1352.4444,9324775.89050422,117.22676110190916,115.93555852600409,1171.6045969951101,740.8460207325948,1.5814414388519686,5.861338055095459,5.861338055095459,0.24239726802670702,701.7920802669893,True,23368.43913283184,0.6820394620861749,0.35540064981764996,0.4995181868080864,True,23400.522611869957,0.682975861760138,0.3549133748329121,1.3571327365151116,0.17860984523086695,0.24,0.006096,2.9186350796015867e-05,50.0,0.05
847,1362.3662,1352.6601,0.3034,287.079,288.0239,243.9401,0.847,9494508.95712024,9427587.753357023,103416.53306741477,1377.0620999999999,1367.356,14.999299999999998,1352.3567,9324171.220289608,117.2218920347283,115.9307012352824,1171.6028181304087,740.8455437664953,1.5814400558771293,5.861094601736415,5.861094601736415,0.24324886812064506,701.7484364405636,True,23367.156073423997,0.6820020142642055,0.35666884119554987,0.499518393195002,True,23399.222165856754,0.6829379064866054,0.3561800652888726,1.3570603048809728,0.17924691131687057,0.24,0.006096,2.9186350796015867e-05,50.0,0.05
848,1362.2771,1352.5725,0.3034,287.0737,288.0187,243.9357,0.848,9493894.63424542,9426983.772618141,103416.53306741477,1376.973,1367.2684,14.999299999999998,1352.2691,9323567.239550726,117.21703114718434,115.92590164510821,1171.6012142045531,740.8450852968296,1.581438869551433,5.860851557359218,5.860851557359218,0.24283986776117672,701.7048351483871,True,23365.880058849303,0.6819647720552077,0.3560885806892059,0.499518570235319,True,23397.928444005764,0.6829001474668299,0.3556008424686598,1.3569882609539043,0.17895502470336092,0.24,0.006096,2.9186350796015867e-05,50.0,0.05
849,1362.1881,1352.485,0.3034,287.0684,288.0136,243.9314,0.849,9493281.000846328,9426380.48135499,103416.53306741477,1376.884,1367.1808999999998,14.999299999999998,1352.1816,9322963.948287575,117.21217844001784,115.9210606688986,1171.599457313604,740.8446113207191,1.581437509851046,5.860608922000893,5.860608922000893,0.24221944647069904,701.6612897995608,True,23364.600489269633,0.6819274260885875,0.3551982765380563,0.49951877314922843,True,23396.63149471905,0.6828622942499832,0.3547119946588045,1.3569160247940428,0.17850732252017135,0.24,0.006096,2.9186350796015867e-05,50.0,0.05
850,1362.0993,1352.3977,0.3033,287.0631,288.0085,243.9271,0.85,9492668.746398695,9425778.569043295,103415.84359168547,1376.7952,1367.0936,14.9992,1352.0943999999997,9322362.72545161,117.20734236932552,115.91623627204324,1171.597722977069,740.8441403724025,1.581436174129876,5.860367118466276,5.860367118466276,0.24159897551317044,701.6178430656963,True,23363.324436078026,0.6818901827525029,0.35430774870219917,0.4995189724847901,True,23395.338066222314,0.682824543792148,0.3538229223153309,1.3568440360162934,0.17805950359814918,0.24,0.006096,2.9186350796015867e-05,50.0,0.05
851,1362.0106,1352.3104,0.3033,287.0578,288.0034,243.9228,0.851,9492057.181426791,9425176.656731602,103415.84359168547,1376.7065,1367.0062999999998,14.9992,1352.0070999999998,9321760.813139915,117.2025144809973,115.91141161441816,1171.5959880672985,740.8436693865865,1.5814348377132952,5.860125724049865,5.860125724049865,0.2424502400695019,701.5743961961779,True,23362.048356762843,0.6818529386539663,0.35557555936932467,0.4995191719243027,True,23394.04461405853,0.6827867926435579,0.35508923529525654,1.3567719953586777,0.1786963770617977,0.24,0.006096,2.9186350796015867e-05,50.0,0.05
852,1361.922,1352.2233,0.3033,287.0526,287.9982,243.9185,0.852,9491446.305930616,9424576.123371368,103415.84359168547,1376.6179,1366.9192,14.9992,1351.92,9321160.279779682,117.19764435972272,115.90665307729414,1171.5944396871312,740.8432184349945,1.5814337103092928,5.8598822179861365,5.8598822179861365,0.24204104363434453,701.5310412442002,True,23360.781093018384,0.6818159518497695,0.35499469171656395,0.49951934017205274,True,23392.759657789215,0.682749289459124,0.3545094039220314,1.3567004418500488,0.17840419017206782,0.24,0.006096,2.9186350796015867e-05,50.0,0.05
853,1361.8335,1352.1363,0.3033,287.0473,287.9931,243.9142,0.853,9490836.11991017,9423976.279486861,103415.84359168547,1376.5294,1366.8321999999998,14.9992,1351.8329999999996,9320560.435895175,117.19283283925193,115.90185316136571,1171.5927383398412,740.8427519746093,1.5814324095324277,5.859641641962597,5.859641641962597,0.2403714090178255,701.4877422341308,True,23359.510275327233,0.6817788613188378,0.35256506567664675,0.4995195342931945,True,23391.47147505983,0.6827116921060948,0.35208333443990775,1.356628696164547,0.17718290177511517,0.24,0.006096,2.9186350796015867e-05,50.0,0.05
854,1361.7451,1352.0494,0.3033,287.042,287.988,243.9099,0.854,9490226.623365454,9423377.125078086,103415.84359168547,1376.441,1366.7453,14.9992,1351.7460999999998,9319961.2814864,117.18802950336202,115.89706140756944,1171.5910479930687,740.8422870104861,1.5814311204086082,5.859401475168101,5.859401475168101,0.2412224935960694,701.4444924663245,True,23358.24120298352,0.6817418217282287,0.353832618020361,0.49951972667545763,True,23390.185041083027,0.682674145792772,0.3533493908956284,1.3565570482467089,0.1778196456299711,0.24,0.006096,2.9186350796015867e-05,50.0,0.05
855,1361.6568,1351.9626,0.3033,287.0368,287.9829,243.9057,0.855,9489617.816296468,9422778.660145039,103415.84359168547,1376.3527,1366.6585,14.9992,1351.6592999999998,9319362.816553352,117.1831839395081,115.892277816612,1171.589368649281,740.8418235429016,1.5814298429406033,5.859159196975405,5.859159196975405,0.24060176503098774,701.4012919414309,True,23356.973876040993,0.6817048330795108,0.35294126336775594,0.4995199173184237,True,23388.900355906386,0.6826366505205441,0.3524594890232117,1.3564854981007237,0.17737142444048615,0.24,0.006096,2.9186350796015867e-05,50.0,0.05
856,1361.5687,1351.8759,0.3033,287.0315,287.9778,243.9014,0.856,9489010.388178939,9422180.88468772,103415.84359168547,1376.2646,1366.5718,14.9992,1351.5725999999997,9318765.041096034,117.17840543276078,115.88750238920005,1171.5877003109435,740.8413615721323,1.5814285771311805,5.8589202716380395,5.8589202716380395,0.2399809411044771,701.3581406600925,True,23355.7082945531,0.6816678953742442,0.3520496457776181,0.4995201062216764,True,23387.617419577586,0.6825992062908028,0.35156932339332336,1.3564140457307818,0.17692307290668383,0.24,0.006096,2.9186350796015867e-05,50.0,0.05
857,1361.4807,1351.7893,0.3032,287.0263,287.9727,243.8971,0.857,9488403.64953714,9421583.798706131,103415.15411595615,1376.1766,1366.4851999999998,14.9991,1351.4860999999999,9318168.644590175,117.17358470186392,115.88273512604025,1171.5860429805234,740.840901098455,1.5814273229831084,5.858679235093196,5.858679235093196,0.23978296950235745,701.315038622977,True,23354.44445857418,0.6816310086140149,0.35177825901717247,0.49952029338479725,True,23386.336232144284,0.682561813104939,0.35129854160987545,1.3563427413207525,0.17678641408060794,0.24,0.006096,2.9186350796015867e-05,50.0,0.05
858,1361.3927,1351.7029,0.3032,287.021,287.9677,243.8928,0.858,9487796.910895342,9420988.091676002,103415.15411595615,1376.0886,1366.3988,14.9991,1351.3997,9317572.937560046,117.16881411398067,115.87793491684528,1171.5842442437454,740.8404266445973,1.5814259078032042,5.858440705699034,5.858440705699034,0.23937348766003197,701.2720419007024,True,23353.17884175337,0.6815940698775095,0.35119655266814487,0.4995205045797282,True,23385.053592184107,0.6825243775251163,0.35071785791449367,1.3562712941084039,0.17649380968237124,0.24,0.006096,2.9186350796015867e-05,50.0,0.05
859,1361.3049,1351.6165,0.3032,287.0158,287.9626,243.8886,0.859,9487191.551205002,9420392.384645874,103415.15411595615,1376.0008,1366.3124,14.9991,1351.3133,9316977.230529917,117.16400976235751,115.87318398550211,1171.582608933951,740.8399691651153,1.581424676984232,5.858200488117876,5.858200488117876,0.24001279808044274,701.2290383530417,True,23351.918497168685,0.6815572850183369,0.3521535215840079,0.4995206882616396,True,23383.775902885933,0.6824870864370515,0.351673757423658,1.35620013510262,0.17697446849338472,0.24,0.006096,2.9186350796015867e-05,50.0,0.05
860,1361.2172,1351.5303,0.3032,287.0106,287.9575,243.8843,0.86,9486586.880990392,9419798.056567201,103415.15411595615,1375.9131,1366.2261999999998,14.9991,1351.2270999999998,9316382.902451245,117.15921360205748,115.86844964347145,1171.5809962134563,740.8395147173436,1.5814234701836278,5.857960680102874,5.857960680102874,0.23939176098519965,701.1861334294707,True,23350.66166972669,0.6815206028117248,0.3512612237950691,0.4995208683592984,True,23382.5017350476,0.682449898127549,0.3507829096934786,1.3561291733622547,0.176525780646452,0.24,0.006096,2.9186350796015867e-05,50.0,0.05
861,1361.1297,1351.4442,0.3032,287.0054,287.9525,243.8801,0.861,9485983.589727238,9419204.41796426,103415.15411595615,1375.8256,1366.1400999999998,14.9991,1351.1409999999998,9315789.263848303,117.1544340919181,115.86367393842119,1171.5792305132245,740.8390447540993,1.5814220900062002,5.857721704595906,5.857721704595906,0.23772196254321898,701.1432844422919,True,23349.401290799233,0.6814838169502121,0.34882994523197386,0.4995210743311304,True,23381.224343023918,0.6824126157158417,0.34835516968550156,1.3560580195710243,0.17530368104634636,0.24,0.006096,2.9186350796015867e-05,50.0,0.05
862,1361.0422,1351.3582,0.3032,287.0001,287.9474,243.8758,0.862,9485380.298464088,9418611.468837047,103415.15411595615,1375.7381,1366.0540999999998,14.9991,1351.0549999999998,9315196.31472109,117.14970472355574,115.8589559331436,1171.5776398306223,740.8385933024609,1.5814209065540734,5.857485236177787,5.857485236177787,0.23752377487289777,701.1004780127043,True,23348.147955126224,0.6814472366555945,0.34855783705076937,0.4995212509446576,True,23379.953673653203,0.6823755295138423,0.34808366449207423,1.3559872534432502,0.17516667230444466,0.24,0.006096,2.9186350796015867e-05,50.0,0.05
863,1360.9548,1351.2723,0.3032,286.9949,287.9424,243.8716,0.863,9484777.696676664,9418019.209185565,103415.15411595615,1375.6507,1365.9682,14.9991,1350.9691,9314604.055069609,117.14493314092319,115.85419656817382,1171.5758961664553,740.8381263340998,1.5814195497250951,5.85724665704616,5.85724665704616,0.2381628042221564,701.0577275185921,True,23346.89106847152,0.6814105527207794,0.34951440548022744,0.4995214534323986,True,23378.67978056191,0.6823383492232031,0.34903915996116724,1.3559162952907746,0.1756471288451347,0.24,0.006096,2.9186350796015867e-05,50.0,0.05
864,1360.8676,1351.1865,0.3032,286.9897,287.9373,243.8674,0.864,9484176.4738407,9417427.639009811,103415.15411595615,1375.5635000000002,1365.8824,14.9991,1350.8833,9314012.484893855,117.14017821138685,115.84949490245813,1171.5743275315513,740.8376778796952,1.5814183896324499,5.857008910569343,5.857008910569343,0.23754159027248534,701.0150195855534,True,23345.641224780997,0.6813740743443877,0.3486214096141621,0.499521626560135,True,23377.412609848398,0.6823013651342401,0.3481476110277897,1.3558457247922426,0.17519809660415755,0.24,0.006096,2.9186350796015867e-05,50.0,0.05
865,1360.7805,1351.1008,0.3031,286.9845,287.9323,243.8631,0.865,9483575.940480465,9416836.758309785,103414.46464022683,1375.4764,1365.7966999999999,14.999,1350.7976999999998,9313422.293669559,117.1354314773123,115.84475188036167,1171.572605913207,740.8372139073127,1.5814170561628729,5.856771573865615,5.856771573865615,0.23839187968769693,700.9723675870645,True,23344.38783061038,0.6813374923424383,0.34988809858108005,0.4995218255621339,True,23376.14221587752,0.682264286970157,0.3494128070902889,1.3557750124793142,0.1758343954516083,0.24,0.006096,2.9186350796015867e-05,50.0,0.05
866,1360.6935,1351.0152,0.3031,286.9794,287.9273,243.8589,0.866,9482976.09659596,9416246.567085491,103414.46464022683,1375.3894,1365.7111,14.999,1350.7121000000002,9312832.102445265,117.13064253619935,115.84001703123475,1171.5708953197945,740.836751432887,1.5814157343757642,5.8565321268099675,5.8565321268099675,0.2379820296196158,700.9297648368084,True,23343.13618286091,0.6813009613121493,0.34930528963481144,0.49952202282085345,True,23374.87357162998,0.6822272598741129,0.34883101807384403,1.3557043478210486,0.17554124540657529,0.24,0.006096,2.9186350796015867e-05,50.0,0.05
867,1360.6066,1350.9298,0.3031,286.9742,287.9222,243.8547,0.867,9482376.942187183,9415657.754812654,103414.46464022683,1375.3025,1365.6256999999998,14.999,1350.6267,9312243.290172428,117.1259121961275,115.83534830519791,1171.5693713529317,740.836309010385,1.5814146216968272,5.856295609806375,5.856295609806375,0.23631206259915416,700.8872540323125,True,23341.893349241076,0.6812646875341397,0.34687261342503095,0.49952218887315764,True,23373.61342188191,0.6821904807015102,0.34640187643215087,1.3556341702849821,0.17431846126265504,0.24,0.006096,2.9186350796015867e-05,50.0,0.05
868,1360.5198,1350.8445,0.3031,286.969,287.9172,243.8505,0.868,9481778.477254136,9415069.632015547,103414.46464022683,1375.2157,1365.5403999999999,14.999,1350.5414,9311655.16737532,117.12119005369539,115.83063822821391,1171.5676944015272,740.835851068219,1.5814133356427493,5.8560595026847695,5.8560595026847695,0.2359021624356501,700.8447991614138,True,23340.646965927677,0.6812283101535286,0.346289428844325,0.49952238079950806,True,23372.350049601497,0.6821536074749481,0.3458197095942405,1.3555638007920892,0.17402512688654467,0.24,0.006096,2.9186350796015867e-05,50.0,0.05
869,1360.4331,1350.7592,0.3031,286.9638,287.9122,243.8462,0.869,9481180.701796819,9414481.50921844,103414.46464022683,1375.1290000000001,1365.4551,14.999,1350.4560999999999,9311067.044578213,117.11647610963009,115.82592790167294,1171.56601690245,740.8353930903769,1.5814120489239731,5.855823805481505,5.855823805481505,0.23654070772681735,700.8023441612074,True,23339.40055759475,0.6811919320426887,0.3472453160411094,0.49952257282521545,True,23371.086654651597,0.6821167335867464,0.34677452711506584,1.355493429667424,0.17450524108025636,0.24,0.006096,2.9186350796015867e-05,50.0,0.05
870,1360.3466,1350.6741,0.3031,286.9587,287.9072,243.842,0.87,9480584.30529096,9413894.76537279,103414.46464022683,1375.0425,1365.37,14.999,1350.3709999999999,9310480.300732564,117.11172842538629,115.82123417620264,1171.5643620204223,740.8349381463163,1.5814107862567304,5.855586421269315,5.855586421269315,0.23613070661895108,700.7599877918844,True,23338.157667545584,0.6811556566177128,0.3466618889894582,0.49952276126170514,True,23369.82678219281,0.682079962507206,0.34619211763819613,1.3554232558842203,0.17421178631386952,0.24,0.006096,2.9186350796015867e-05,50.0,0.05
871,1360.2601,1350.5891,0.3031,286.9535,287.9022,243.8378,0.871,9479987.9087851,9413308.711002871,103414.46464022683,1374.956,1365.2849999999999,14.999,1350.2859999999998,9309894.246362645,117.10703088136532,115.81654862764799,1171.5627181771376,740.8344847017639,1.5814095352874549,5.855351544068267,5.855351544068267,0.2357206118058457,700.7176806744211,True,23336.916524216704,0.681119432173128,0.346078236314259,0.49952294795257796,True,23368.56865972284,0.6820432425034532,0.3456094820918224,1.3553531799627256,0.17391821946537092,0.24,0.006096,2.9186350796015867e-05,50.0,0.05
872,1360.1738,1350.5042,0.3031,286.9484,287.8972,243.8336,0.872,9479392.891230699,9412723.346108682,103414.46464022683,1374.8696999999997,1365.2001,14.999,1350.2011,9309308.881468456,117.10229960091407,115.81187125670267,1171.5610853750204,740.8340327569914,1.5814082960188685,5.855114980045704,5.855114980045704,0.23531053839997185,700.6754228094371,True,23335.677127660274,0.6810832587104567,0.34549452712360307,0.4995231328974241,True,23367.31228728847,0.6820065735768532,0.345026789354627,1.3552832019070513,0.17362462551654206,0.24,0.006096,2.9186350796015867e-05,50.0,0.05
873,1360.0875,1350.4194,0.303,286.9432,287.8922,243.8295,0.873,9478797.8736763,9412138.670690222,103413.77516449752,1374.7834,1365.1153,14.9989,1350.1163999999999,9308724.895525724,117.09761845982933,115.80720206406019,1171.5594636164935,740.8335823122713,1.5814070684536887,5.854880922991467,5.854880922991467,0.23490037169131028,700.6332141975706,True,23334.439477929096,0.6810471362312399,0.3449105931069552,0.4995233160958336,True,23366.057664936452,0.6819699557287706,0.34444387134370125,1.3552133719100685,0.17333091346363882,0.24,0.006096,2.9186350796015867e-05,50.0,0.05
874,1360.0014,1350.3347,0.303,286.9381,287.8872,243.8253,0.874,9478204.235073358,9411554.684747491,103413.77516449752,1374.6973,1365.0306,14.9989,1350.0317,9308140.909582993,117.09290358604642,115.80254105041406,1171.5578529039794,740.8331333678749,1.5814058525946355,5.854645179302321,5.854645179302321,0.2355385643736554,700.5910548394553,True,23333.203575075953,0.6810110647370183,0.3458659874558893,0.4995234975473958,True,23364.804792713603,0.681933388960572,0.34539819898344026,1.3551435895989292,0.17381078003945383,0.24,0.006096,2.9186350796015867e-05,50.0,0.05
875,1359.9154,1350.2502,0.303,286.933,287.8823,243.8211,0.875,9477611.285946146,9410972.077756217,103413.77516449752,1374.6113,1364.9461,14.9989,1349.9471999999998,9307558.302591719,117.08819691725436,115.79784712570704,1171.5561007803597,740.8326704328863,1.5814044757175616,5.854409845862719,5.854409845862719,0.2336568967821222,700.549000790756,True,23331.965896402056,0.6809749414130692,0.34312113790452886,0.49952370302903004,True,23363.550472589563,0.6818967799334212,0.3426572813629299,1.355073714932571,0.17243113360349482,0.24,0.006096,2.9186350796015867e-05,50.0,0.05
876,1359.8296,1350.1657,0.303,286.9278,287.8773,243.8169,0.876,9477019.715770392,9410389.470764944,103413.77516449752,1374.5255,1364.8616,14.9989,1349.8627,9306975.695600446,117.08355731017514,115.7932024732982,1171.5545121645716,740.8322244891492,1.5814032832770373,5.854177865508757,5.854177865508757,0.23324661018023107,700.5069399411752,True,23330.73348767465,0.680938971899627,0.34253673207973256,0.49952388098596956,True,23362.301100961966,0.6818603153348236,0.34207388952632717,1.3550041283919207,0.17213719522540594,0.24,0.006096,2.9186350796015867e-05,50.0,0.05
877,1359.7438,1350.0814,0.303,286.9227,287.8723,243.8127,0.877,9476428.145594636,9409808.24272513,103413.77516449752,1374.4396999999997,1364.7773,14.9989,1349.7783999999997,9306394.467560632,117.07886705284717,115.788574428932,1171.5529461902852,740.8317815819397,1.5814021149154838,5.853943352642359,5.853943352642359,0.23430768792513845,700.4649777288427,True,23329.504597759456,0.6809031050874725,0.3441131141486541,0.49952405534955424,True,23361.055252294744,0.6818239535585834,0.3436483665647666,1.354934739233981,0.17292913166991752,0.24,0.006096,2.9186350796015867e-05,50.0,0.05
878,1359.6581,1349.9971,0.303,286.9176,287.8674,243.8086,0.878,9475837.264894614,9409227.014685316,103413.77516449752,1374.354,1364.6929999999998,14.9989,1349.6940999999997,9305813.239520818,117.07418500265813,115.78389662516359,1171.5512156281857,740.8313216117907,1.5814007608092198,5.853709250132907,5.853709250132907,0.23368574953929055,700.423022062007,True,23328.27038926461,0.6808670830453866,0.3432178693292962,0.4995242574334163,True,23359.80441107525,0.681787446067961,0.34275455039105635,1.3548650587707431,0.1724789845501747,0.24,0.006096,2.9186350796015867e-05,50.0,0.05
879,1359.5726,1349.913,0.303,286.9125,287.8624,243.8044,0.879,9475247.763146047,9408647.165596962,103413.77516449752,1374.2685,1364.6089,14.9989,1349.61,9305233.390432464,117.0695196228656,115.7792849466423,1171.5496717667497,740.8308817070505,1.5813996158842902,5.85347598114328,5.85347598114328,0.23327533292012959,700.381158362412,True,23327.044993824642,0.6808313182242118,0.34263308205118026,0.4995244282996499,True,23358.562063313795,0.6817511864703846,0.3421707765964601,1.3547958654105818,0.172184857420888,0.24,0.006096,2.9186350796015867e-05,50.0,0.05
880,1359.4871,1349.829,0.303,286.9074,287.8575,243.8003,0.88,9474658.261397481,9408068.005984334,103413.77516449752,1374.183,1364.5249,14.9989,1349.5259999999998,9304654.230819836,117.06485398934132,115.77463193917832,1171.5479749047583,740.8304262736256,1.5813982975802445,5.853242699467066,5.853242699467066,0.23286486840834186,700.3393505892366,True,23325.8160520918,0.6807954498996892,0.3420482149853572,0.4995246250407812,True,23357.316496161493,0.6817148329105376,0.3415869175299301,1.3547264802684678,0.17189068922768436,0.24,0.006096,2.9186350796015867e-05,50.0,0.05
881,1359.4018,1349.7451,0.3029,286.9023,287.8525,243.7961,0.881,9474070.138600374,9407489.535847438,103413.08568876819,1374.0977,1364.441,14.9988,1349.4422,9304076.45015867,117.06020502812925,115.77003662949413,1171.5464531666405,740.8299893725302,1.5813971761036827,5.853010251406463,5.853010251406463,0.23224279851865504,700.2975854051106,True,23324.59415135474,0.6807597870761395,0.34115234613979906,0.49952479240789355,True,23356.07764950779,0.6816786754975201,0.3406924800004249,1.354657532917048,0.17144022963394714,0.24,0.006096,2.9186350796015867e-05,50.0,0.05
882,1359.3166,1349.6613,0.3029,286.8972,287.8476,243.792,0.882,9473482.705278996,9406911.75518627,103413.08568876819,1374.0125,1364.3572,14.9988,1349.3584,9303498.669497503,117.05556427740058,115.7653999941049,1171.5447784261082,740.829536941517,1.5813958812479059,5.852778213870029,5.852778213870029,0.23309195548335992,700.255876146501,True,23323.36870481516,0.6807240207635534,0.3424177028774535,0.4995249856499532,True,23354.835583916145,0.6816424241354506,0.34195635017729137,1.3545883436164832,0.172075860966772,0.24,0.006096,2.9186350796015867e-05,50.0,0.05
883,1359.2315,1349.5776,0.3029,286.8922,287.8427,243.7878,0.883,9472895.961433347,9406334.664000833,103413.08568876819,1373.9274,1364.2735,14.9988,1349.2747000000002,9302921.578312065,117.05088134990991,115.76077154625406,1171.543114748287,740.829086011678,1.5813945981189776,5.852544067495496,5.852544067495496,0.2326813559106995,700.214216145576,True,23322.14500604718,0.6806883054620426,0.34183245700505804,0.4995251771420772,True,23353.595269264533,0.6816062238769313,0.34137211157964975,1.354519252246871,0.17178150515375,0.24,0.006096,2.9186350796015867e-05,50.0,0.05
884,1359.1465,1349.494,0.3029,286.8871,287.8377,243.7837,0.884,9472309.907063428,9405758.262291124,103413.08568876819,1373.8424,1364.1899,14.9988,1349.1911,9302345.176602356,117.04625702316415,115.75620079543862,1171.541626211446,740.8286536176214,1.5813935118337594,5.852312851158207,5.852312851158207,0.2310110217467809,700.1725987388046,True,23320.92834785239,0.6806527956491706,0.33939627255398963,0.49952533925768233,True,23352.361674710148,0.6815702197535269,0.3389394299391783,1.3544505484608775,0.17055699966993185,0.24,0.006096,2.9186350796015867e-05,50.0,0.05
885,1359.0616,1349.4105,0.3029,286.882,287.8328,243.7796,0.885,9471724.542169238,9405182.550057145,103413.08568876819,1373.7575,1364.1064000000001,14.9988,1349.1076,9301769.464368377,117.04164090904005,115.75158872376788,1171.539984669443,740.8282056918066,1.5813922521692128,5.852082045452003,5.852082045452003,0.23186000527084616,700.131037256206,True,23319.708144589396,0.6806171823686944,0.3406614044974936,0.4995255272483053,True,23351.12486189587,0.6815341217008605,0.3402030769819832,1.3543816529565846,0.17119251782885644,0.24,0.006096,2.9186350796015867e-05,50.0,0.05
886,1358.9768,1349.3272,0.3029,286.877,287.8279,243.7754,0.886,9471139.866750777,9404608.216774624,103413.08568876819,1373.6726999999998,1364.0231,14.9988,1349.0243,9301195.131085856,117.0369826229533,115.74699327075044,1171.5383657929679,740.8277608041933,1.5813910166125846,5.851849131147666,5.851849131147666,0.2314492990931285,700.089574416681,True,23318.491461187674,0.6805816718201241,0.340075715636227,0.49952571164124326,True,23349.89157299096,0.6814981264982489,0.3396183937913191,1.3543129549041,0.17089794368061526,0.24,0.006096,2.9186350796015867e-05,50.0,0.05
887,1358.8921,1349.2439,0.3029,286.8719,287.823,243.7713,0.887,9470555.880808046,9404033.883492103,103413.08568876819,1373.588,1363.9398,14.9988,1348.941,9300620.797803335,117.03238293707632,115.74239757916202,1171.5367463939083,740.8273158826953,1.5813897804213968,5.851619146853817,5.851619146853817,0.23082689501779896,700.0481114540459,True,23317.27475384756,0.6805461605728794,0.33917889540878515,0.49952589612902926,True,23348.65826239366,0.6814621306625156,0.338722996673916,1.3542442552913612,0.1704470180441248,0.24,0.006096,2.9186350796015867e-05,50.0,0.05
888,1358.8076,1349.1608,0.3029,286.8669,287.8181,243.7672,0.888,9469973.273816774,9403460.92916104,103413.08568876819,1373.5035,1363.8566999999998,14.9988,1348.8579,9300047.843472272,117.02774954715261,115.73781850805122,1171.5351496667797,740.8268740001181,1.5813885683453122,5.851387477357631,5.851387477357631,0.23041611177904997,700.0067471361543,True,23316.061566506927,0.6805107520615744,0.33859290405186915,0.49952607701804685,True,23347.42847582844,0.681426237680419,0.3381380097182469,1.3541757531412235,0.17015229466674733,0.24,0.006096,2.9186350796015867e-05,50.0,0.05
889,1358.7231,1349.0777,0.3029,286.8618,287.8132,243.7631,0.889,9469390.6668255,9402887.974829977,103413.08568876819,1373.4189999999999,1363.7735999999998,14.9988,1348.7748,9299474.88914121,117.02316629260517,115.73323919926753,1171.5335524201894,740.8264320840063,1.581387355638173,5.851158314630259,5.851158314630259,0.23000523710470588,699.9653826959687,True,23314.848355296097,0.6804753428535855,0.33800671768674945,0.49952625800138395,True,23346.198667631554,0.6813903440669727,0.3375528272559422,1.3541072494361666,0.16985747414060237,0.24,0.006096,2.9186350796015867e-05,50.0,0.05
890,1358.6388,1348.9948,0.3028,286.8568,287.8083,243.759,0.89,9468809.438785685,9402316.399450375,103412.39621303887,1373.3346999999997,1363.6907,14.9987,1348.6919999999998,9298904.003237335,117.01854933766842,115.7286765127856,1171.5319778519295,740.8259932075345,1.581386167053317,5.850927466883421,5.850927466883421,0.2306422688807288,699.9241169021902,True,23313.6386642231,0.6804400363855742,0.3389604616828196,0.4995264353848701,True,23344.972383589582,0.6813545533107482,0.3385055075364541,1.3540389934027321,0.17033650434329023,0.24,0.006096,2.9186350796015867e-05,50.0,0.05
891,1358.5546,1348.912,0.3028,286.8518,287.8034,243.7549,0.891,9468228.900221601,9401745.5135465,103412.39621303887,1373.2504999999999,1363.6079,14.9987,1348.6091999999999,9298333.11733346,117.01394060184995,115.72412201975432,1171.530414367083,740.825555834562,1.5813849902185397,5.850697030092498,5.850697030092498,0.22918343765832105,699.8829003715032,True,23312.43072137028,0.6804047809417303,0.33683396130919935,0.4995266110149176,True,23343.74785088588,0.6813188136696968,0.33638207702485245,1.353970785137585,0.16926763869209507,0.24,0.006096,2.9186350796015867e-05,50.0,0.05
892,1358.4704,1348.8293,0.3028,286.8467,287.7986,243.7508,0.892,9467648.361657517,9401175.317118356,103412.39621303887,1373.1662999999999,1363.5252,14.9987,1348.5265,9297762.920905316,117.00938200016208,115.71952621942393,1171.5286978657819,740.8251029239982,1.581383640000614,5.850469100008104,5.850469100008104,0.2287724572447587,699.8417397601758,True,23311.21923556884,0.680369422092145,0.3362474117976677,0.4995268125207161,True,23342.520101881633,0.6812829801565694,0.3357965249508849,1.3539023852625338,0.1689726377137578,0.24,0.006096,2.9186350796015867e-05,50.0,0.05
893,1358.3864,1348.7466,0.3028,286.8417,287.7937,243.7467,0.893,9467069.202044891,9400605.12069021,103412.39621303887,1373.0823,1363.4424999999999,14.9987,1348.4437999999998,9297192.72447717,117.00478970356016,115.71497968555434,1171.5271449501697,740.8246670210772,1.5813824742917728,5.850239485178008,5.850239485178008,0.2294092994266066,699.8005723714942,True,23310.013017444297,0.6803342169868256,0.33720088406349996,0.49952698649061916,True,23341.29729922885,0.681247291009391,0.33674893457072724,1.3538342734316293,0.16945153770196092,0.24,0.006096,2.9186350796015867e-05,50.0,0.05
894,1358.3025,1348.6641,0.3028,286.8367,287.7888,243.7426,0.894,9466490.731907994,9400036.303213524,103412.39621303887,1372.9984,1363.36,14.9987,1348.3612999999998,9296623.907000484,117.000205628185,115.7104497776253,1171.5256147256548,740.8242341592294,1.58138133271954,5.850010281409251,5.850010281409251,0.2289982205529668,699.7595036325265,True,23308.810319733442,0.680299114629535,0.33661402113931976,0.499527156858511,True,23340.078020976074,0.6812117047265874,0.336163073775836,1.3537663590956426,0.16915638286797482,0.24,0.006096,2.9186350796015867e-05,50.0,0.05
895,1358.2187,1348.5818,0.3028,286.8317,287.784,243.7385,0.895,9465912.951246826,9399468.864688296,103412.39621303887,1372.9145999999998,1363.2776999999999,14.9987,1348.2789999999998,9296056.468475256,116.99562977473802,115.70588699833193,1171.523943085005,740.8237872950261,1.5813800301453556,5.849781488736902,5.849781488736902,0.2285871066137588,699.7185401969898,True,23307.605851889602,0.6802639606085222,0.3360270716227255,0.4995273512544383,True,23338.857300062526,0.6811760763377807,0.3355771210326643,1.3536983527083966,0.16886118399746572,0.24,0.006096,2.9186350796015867e-05,50.0,0.05
896,1358.135,1348.4995,0.3028,286.8267,287.7791,243.7345,0.896,9465335.860061388,9398901.426163068,103412.39621303887,1372.8309,1363.1953999999998,14.9987,1348.1966999999997,9295489.029950028,116.99106214392047,115.70137348454125,1171.5224350461294,740.8233574417833,1.5813789120953736,5.849553107196024,5.849553107196024,0.22796428565288807,699.6775699889125,True,23306.406651289177,0.6802289603191234,0.3351287565674073,0.4995275181121388,True,23337.64152508999,0.6811405923029432,0.3346802234794707,1.3536306343503215,0.16840952019551486,0.24,0.006096,2.9186350796015867e-05,50.0,0.05
897,1358.0515,1348.4173,0.3028,286.8217,287.7743,243.7304,0.897,9464760.14782741,9398334.67711357,103412.39621303887,1372.7474,1363.1132,14.9987,1348.1145,9294922.28090053,116.98651120331192,115.69681867142639,1171.5207739863363,740.8229120479319,1.5813776206621128,5.849325560165596,5.849325560165596,0.22881246409542655,699.636655697997,True,23305.203908946613,0.6801938566591961,0.3363930177482779,0.49952771084569675,True,23336.422534930764,0.6811050144285391,0.3359430032788774,1.3535627244450696,0.16904459613368455,0.24,0.006096,2.9186350796015867e-05,50.0,0.05
898,1357.968,1348.3352,0.3028,286.8168,287.7694,243.7263,0.898,9464184.43559343,9397768.6175398,103412.39621303887,1372.6639,1363.0311,14.9987,1348.0323999999998,9294356.221326761,116.98190964535665,115.69232155424665,1171.5192881417436,740.8224852042648,1.5813765261440789,5.849095482267833,5.849095482267833,0.22840120562887023,699.5957840230676,True,23304.008205644885,0.6801589584431839,0.3358056271899408,0.4995278741917429,True,23335.210263405406,0.68106963264654,0.3353566135981361,1.3534952020795574,0.16874918010639905,0.24,0.006096,2.9186350796015867e-05,50.0,0.05
899,1357.8847,1348.2532,0.3027,286.8118,287.7646,243.7223,0.899,9463610.102310909,9397203.247441761,103411.70673730956,1372.5806,1362.9491,14.9986,1347.9505,9293791.540704452,116.97737515508678,115.68778314091406,1171.517649274415,740.8220428187806,1.5813752582426746,5.848868757754339,5.848868757754339,0.2267305555724306,699.5549682644178,True,23302.808961081024,0.6801239568706529,0.33336651838533987,0.49952806341369516,True,23333.99477713681,0.681034157037917,0.33292097500449924,1.353427538394998,0.1675232320463242,0.24,0.006096,2.9186350796015867e-05,50.0,0.05
900,1357.8014,1348.1714,0.3027,286.8068,287.7598,243.7182,0.9,9463035.769028388,9396639.25629518,103411.70673730956,1372.4973,1362.8673,14.9986,1347.8687,9293227.54955787,116.97284042313375,115.68326136123093,1171.5160331123175,740.8216034749535,1.5813740144956847,5.848642021156688,5.848642021156688,0.22631924866527697,699.5142511587347,True,23301.61323775504,0.6800890580702056,0.3327788412115786,0.49952824903098625,True,23332.78281601704,0.6809987843155243,0.33233429174583873,1.3533600220545203,0.16722767406835642,0.24,0.006096,2.9186350796015867e-05,50.0,0.05
901,1357.7183,1348.0896,0.3027,286.8018,287.7549,243.7142,0.901,9462462.814697325,9396075.265148599,103411.70673730956,1372.4142,1362.7855,14.9986,1347.7868999999998,9292663.558411289,116.96832238514016,115.6787888447035,1171.5145805759744,740.8211811472862,1.5813729552949432,5.848416119257008,5.848416119257008,0.2271672003976164,699.4735272877938,True,23300.422780896955,0.6800543129787381,0.3340427316791663,0.49952840710664,True,23331.575800107246,0.6809635559257646,0.33359670781321676,1.353292793713932,0.16786256562719604,0.24,0.006096,2.9186350796015867e-05,50.0,0.05
902,1357.6352,1348.008,0.3027,286.7969,287.7501,243.7101,0.902,9461889.860366262,9395512.652953476,103411.70673730956,1372.3310999999999,1362.7039,14.9986,1347.7052999999999,9292100.946216166,116.96375373511783,115.67428346951459,1171.5129866228663,740.8207448136826,1.5813717350983514,5.848187686755892,5.848187686755892,0.22675580235591042,699.4329087186736,True,23299.23055570689,0.680019516276113,0.3334548449398314,0.49952858920952936,True,23330.367343195383,0.6809282854784131,0.3330098149713287,1.3532254734188678,0.16756690352792528,0.24,0.006096,2.9186350796015867e-05,50.0,0.05
903,1357.5523,1347.9264,0.3027,286.7919,287.7453,243.7061,0.903,9461318.28498666,9394950.040758355,103411.70673730956,1372.2482,1362.6223,14.9986,1347.6237,9291538.334021045,116.95925215304592,115.6697778651773,1171.5113921671025,740.8203084474275,1.5813705142915087,5.847962607652296,5.847962607652296,0.2261326243883559,699.3922900312871,True,23298.03830753543,0.6799847189027448,0.33255545029490385,0.4995287714036364,True,23329.15886545772,0.6808930144232326,0.33211182902193115,1.3531581516256432,0.16711470430613526,0.24,0.006096,2.9186350796015867e-05,50.0,0.05
904,1357.4695,1347.845,0.3027,286.787,287.7405,243.702,0.904,9460747.399082785,9394388.80751469,103411.70673730956,1372.1654,1362.5409,14.9986,1347.5422999999998,9290977.10077738,116.9547084301423,115.66528889807617,1171.5098204291671,740.8198751242445,1.581369317653216,5.847735421507116,5.847735421507116,0.226980367010583,699.351770000133,True,23296.849580873226,0.6799500243093812,0.3338191909635194,0.49952894999095016,True,23327.953913110116,0.6808578462613228,0.3333740930753183,1.3530910274003327,0.16774951752261333,0.24,0.006096,2.9186350796015867e-05,50.0,0.05
905,1357.3868,1347.7637,0.3027,286.7821,287.7357,243.698,0.905,9460177.20265464,9393828.263746755,103411.70673730956,1372.0826999999997,1362.4596,14.9986,1347.461,9290416.557009446,116.9501729383655,115.66080813613362,1171.5082598027263,740.8194433067112,1.5813681327984572,5.847508646918275,5.847508646918275,0.22530959921186877,699.3112992389752,True,23295.66260355938,0.6799153807731124,0.33137888270107324,0.4995291268198155,True,23326.750713119713,0.6808227292443252,0.33093724626665993,1.3530240012164967,0.16652298777353108,0.24,0.006096,2.9186350796015867e-05,50.0,0.05
906,1357.3042,1347.6824,0.3027,286.7771,287.7309,243.694,0.906,9459607.695702225,9393267.71997882,103411.70673730956,1372.0001,1362.3782999999999,14.9986,1347.3797,9289856.01324151,116.94569604617384,115.65632714636433,1171.5066986782333,740.8190114570431,1.5813669473386132,5.8472848023086925,5.8472848023086925,0.2248980131753342,699.2708283607618,True,23294.475603364826,0.6798807365690392,0.3307903887823959,0.4995293037391193,True,23325.54749239284,0.6807876116221058,0.3303497439377194,1.3529569735423466,0.16622702537723757,0.24,0.006096,2.9186350796015867e-05,50.0,0.05
907,1357.2217,1347.6013,0.3027,286.7722,287.7261,243.6899,0.907,9459038.878225539,9392708.555162344,103411.70673730956,1371.9176,1362.2971999999997,14.9986,1347.2985999999999,9289296.848425034,116.94117701783848,115.65186279651411,1171.505160280991,740.8185826515061,1.5813657860578902,5.847058850891925,5.847058850891925,0.22574558685619195,699.2304561412255,True,23293.29212488291,0.6798461951509065,0.33205390934942697,0.499529477050036,True,23324.347797236624,0.680752596898428,0.3316117894881485,1.3528901434519767,0.1668617277971951,0.24,0.006096,2.9186350796015867e-05,50.0,0.05
908,1357.1393,1347.5203,0.3026,286.7673,287.7213,243.6859,0.908,9458470.750224581,9392150.079821598,103411.01726158024,1371.8352,1362.2161999999998,14.9985,1347.2177,9288739.062560018,116.9366662226996,115.64740665382429,1171.5036330022542,740.818155352406,1.5813646365685676,5.84683331113498,5.84683331113498,0.2253339098269862,699.1901331935044,True,23292.11039590133,0.6798117047943043,0.3314651810756438,0.49952964860131793,True,23323.14985457266,0.6807176333236041,0.33102405284668956,1.3528234616229846,0.16656564305637686,0.24,0.006096,2.9186350796015867e-05,50.0,0.05
909,1357.057,1347.4394,0.3026,286.7624,287.7166,243.6819,0.909,9457903.311699353,9391592.293956582,103411.01726158024,1371.7529,1362.1353000000001,14.9985,1347.1368000000002,9288181.276695002,116.9321636614454,115.6429092329981,1171.5019526870115,740.8177125039666,1.5813633136920153,5.84660818307227,5.84660818307227,0.2236630900797536,699.149866156071,True,23290.925128450304,0.6797771111626915,0.3290241557224544,0.49952984602929296,True,23321.948699746055,0.6806825759974745,0.32858647770144106,1.35275653820771,0.16533876108711226,0.24,0.006096,2.9186350796015867e-05,50.0,0.05
910,1356.9748,1347.3586,0.3026,286.7574,287.7118,243.6779,0.91,9457336.562649855,9391035.197567293,103411.01726158024,1371.6707,1362.0545,14.9985,1347.056,9287624.180305714,116.9277196990964,115.63846950751449,1171.5004476490028,740.8172882176615,1.5813621877906299,5.8463859849548205,5.8463859849548205,0.2230396111885966,699.1096417527796,True,23289.7468988069,0.6797427229390008,0.32812357331938935,0.4995300140605469,True,23320.754262374223,0.6806477147293363,0.3276872989682918,1.3526900022980086,0.1648859759513911,0.24,0.006096,2.9186350796015867e-05,50.0,0.05
911,1356.8928,1347.2779,0.3026,286.7525,287.707,243.6739,0.911,9456771.192551816,9390478.790653735,103411.01726158024,1371.5887,1361.9738000000002,14.9985,1346.9753000000003,9287067.773392156,116.92324207699785,115.63403799118839,1171.4989537364947,740.816865438579,1.5813610736884924,5.846162103849893,5.846162103849893,0.22514602021783503,699.0694666231225,True,23288.57041881578,0.6797083857812755,0.331239138618315,0.49953018033098284,True,23319.561577629494,0.6806129046139876,0.33079892945245803,1.352623564453459,0.16645135138452768,0.24,0.006096,2.9186350796015867e-05,50.0,0.05
912,1356.8108,1347.1973,0.3026,286.7477,287.7023,243.6699,0.912,9456205.822453775,9389923.073215906,103411.01726158024,1371.5067,1361.8932,14.9985,1346.8947,9286512.055954326,116.91871385828769,115.62956520141377,1171.497306784845,740.8164271083797,1.5813597861990414,5.845935692914384,5.845935692914384,0.2247341665379281,699.0293474024611,True,23287.390401064007,0.6796739453692268,0.330649965426942,0.49953037247817567,True,23318.365681376672,0.6805780007664372,0.330210741876526,1.3525569352670064,0.16615505098390823,0.24,0.006096,2.9186350796015867e-05,50.0,0.05
913,1356.729,1347.1168,0.3026,286.7428,287.6975,243.6659,0.913,9455641.831307195,9389368.045253806,103411.01726158024,1371.4249,1361.8127000000002,14.9985,1346.8142000000003,9285957.027992226,116.91425271033633,115.62515010627583,1171.4958351270147,740.8160073436594,1.5813586957004913,5.845712635516817,5.845712635516817,0.22306322477516005,698.9892708208524,True,23286.21742071333,0.679639710353235,0.328208051085222,0.4995305352262243,True,23317.17650219268,0.6805432929656138,0.3277722770628068,1.352490693572831,0.16492773357715398,0.24,0.006096,2.9186350796015867e-05,50.0,0.05
914,1356.6472,1347.0364,0.3026,286.7379,287.6928,243.6619,0.914,9455077.840160614,9388813.706767434,103411.01726158024,1371.3431,1361.7323,14.9985,1346.7338,9285402.689505855,116.9097913292967,115.62069374080997,1171.4942104283134,740.8155720266433,1.581357431814596,5.845489566464835,5.845489566464835,0.22265132376242036,698.9492501473875,True,23285.040903073783,0.6796053720966895,0.32761854585626066,0.49953072385106845,True,23315.984111936075,0.6805084914452988,0.327183755326171,1.3524242605612837,0.16463127012378165,0.24,0.006096,2.9186350796015867e-05,50.0,0.05
915,1356.5656,1346.9561,0.3026,286.733,287.688,243.6579,0.915,9454515.227965489,9388260.057756793,103411.01726158024,1371.2614999999996,1361.652,14.9985,1346.6535000000001,9284849.040495213,116.90534665738583,115.6162950695114,1171.4927610344487,740.8151552773281,1.5813563649300535,5.845267332869292,5.845267332869292,0.22223940005460463,698.9092721162347,True,23283.87142256509,0.6795712392283138,0.32702884881792277,0.4995308830751587,True,23314.79843849179,0.6804738859642244,0.3265950459505051,1.352358215033178,0.16433471367580837,0.24,0.006096,2.9186350796015867e-05,50.0,0.05
916,1356.484,1346.876,0.3026,286.7281,287.6833,243.654,0.916,9453952.615770368,9387707.78769761,103411.01726158024,1371.1798999999999,1361.5719,14.9985,1346.5734,9284296.77043603,116.90090175329449,115.61186356689251,1171.4911702177897,740.8147245134768,1.5813551370582646,5.845045087664725,5.845045087664725,0.22308638884851462,698.8693993820713,True,23282.700177686624,0.6795370548644227,0.32829172044639054,0.4995310663254594,True,23313.611327698207,0.6804392385321691,0.32785644362566807,1.3522920777611316,0.1649690865732636,0.24,0.006096,2.9186350796015867e-05,50.0,0.05
917,1356.4026,1346.7959,0.3026,286.7233,287.6786,243.65,0.917,9453391.382526703,9387155.517638428,103411.01726158024,1371.0984999999998,1361.4918,14.9985,1346.4933,9283744.500376849,116.89642320183191,115.60743184350673,1171.4895789150717,740.8142937178528,1.5813539085967558,5.844821160091596,5.844821160091596,0.22246258017821674,698.8295265335977,True,23281.528910699268,0.679502869855254,0.3273901995816518,0.49953124966391604,True,23312.424196870015,0.6804045905153767,0.32695631875398,1.3522259390466855,0.16451583552305768,0.24,0.006096,2.9186350796015867e-05,50.0,0.05
918,1356.3213,1346.7159,0.3025,286.7184,287.6738,243.646,0.918,9452830.83875877,9386603.937054973,103410.32778585092,1371.0172,1361.4117999999999,14.9984,1346.4133999999997,9283193.609269122,116.89200325008737,115.60305781358961,1171.4881629336699,740.8138814932528,1.5813528771522347,5.844600162504369,5.844600162504369,0.22205047239731357,698.7896963323176,True,23280.36468043954,0.6794688902224862,0.326800057504627,0.49953140359921083,True,23311.243782471094,0.6803701385266452,0.3263671637296843,1.3521602380159057,0.1642190519691214,0.24,0.006096,2.9186350796015867e-05,50.0,0.05
919,1356.2401,1346.6361,0.3025,286.7136,287.6691,243.6421,0.919,9452270.984466564,9386053.735422978,103410.32778585092,1370.936,1361.3319999999999,14.9984,1346.3335999999997,9282643.407637127,116.88754118293602,115.59865095766969,1171.4866055292098,740.8134552526157,1.581351684723026,5.844377059146801,5.844377059146801,0.22163837326388602,698.7499714273602,True,23279.19868656362,0.6794348591161976,0.32620989384058263,0.4995315815603804,True,23310.0619314169,0.6803356446071889,0.325777981825214,1.3520943950688131,0.1639222631735013,0.24,0.006096,2.9186350796015867e-05,50.0,0.05
920,1356.159,1346.5563,0.3025,286.7087,287.6644,243.6381,0.92,9451711.81965009,9385503.533790983,103410.32778585092,1370.8549,1361.2522,14.9984,1346.2537999999997,9282093.206005132,116.88313771515682,115.59424388227919,1171.4850476432132,740.8130289807145,1.581350491709171,5.844156885757841,5.844156885757841,0.22143801018592058,698.7102464092802,True,23278.032670677203,0.679400827367503,0.32593132252124835,0.4995317596089412,True,23308.8800604156,0.6803011501055491,0.325499979165939,1.3520285506870142,0.16378205184602054,0.24,0.006096,2.9186350796015867e-05,50.0,0.05
921,1356.0779,1346.4766,0.3025,286.7039,287.6597,243.6341,0.921,9451152.654833613,9384954.021634718,103410.32778585092,1370.7738,1361.1725,14.9984,1346.1740999999997,9281543.693848867,116.87868366252856,115.58984502442426,1171.4835008994196,740.8126042169285,1.5813493105152134,5.843934183126429,5.843934183126429,0.22102584855701934,698.670570668789,True,23276.868405313417,0.6793668467101758,0.32534094006402264,0.4995319358936036,True,23307.69994283074,0.6802667067797369,0.3249105775046921,1.3519628044260201,0.16348515494171198,0.24,0.006096,2.9186350796015867e-05,50.0,0.05
922,1355.997,1346.3971,0.3025,286.699,287.655,243.6302,0.922,9450594.868968597,9384405.888429912,103410.32778585092,1370.6929000000002,1361.0929999999998,14.9984,1346.0946,9280995.56064406,116.87429668121453,115.58546282200012,1171.4819769247183,740.8121825009919,1.5813481535492295,5.843714834060727,5.843714834060727,0.22040179798023019,698.6309935973908,True,23275.707663071844,0.6793329688799296,0.3244385420357622,0.4995321085625462,True,23306.52335208549,0.6802323663895027,0.3240095721261631,1.3518972558465785,0.16303147079192143,0.24,0.006096,2.9186350796015867e-05,50.0,0.05
923,1355.9162,1346.3176,0.3025,286.6942,287.6503,243.6262,0.923,9450037.772579307,9383857.755225105,103410.32778585092,1370.6120999999998,1361.0135,14.9984,1346.0150999999998,9280447.427439254,116.86986759060936,115.58108040140152,1171.4804524730012,740.811760754299,1.5813469960036712,5.843493379530468,5.843493379530468,0.22103654224929414,698.5914164140632,True,23274.54689891869,0.6792990904101641,0.32538913325473645,0.49953228131811506,True,23305.346741480687,0.6801980254196407,0.3249591060087657,1.3518317058401217,0.16350892000415596,0.24,0.006096,2.9186350796015867e-05,50.0,0.05
924,1355.8356,1346.2383,0.3025,286.6894,287.6456,243.6223,0.924,9449482.055141479,9383311.000971757,103410.32778585092,1370.5315,1360.9342,14.9984,1345.9358,9279900.673185905,116.86545521952456,115.57671463798647,1171.4789507965384,740.8113420561476,1.5813458626930006,5.8432727609762285,5.8432727609762285,0.22062420356451184,698.5519379014208,True,23273.389658020627,0.6792653147713578,0.3247982765596893,0.4995324504569217,True,23304.173657833504,0.6801637873888009,0.32436922937562507,1.3517663535255784,0.1632117880350372,0.24,0.006096,2.9186350796015867e-05,50.0,0.05
925,1355.755,1346.1591,0.3025,286.6846,287.6409,243.6184,0.925,9448926.337703649,9382764.936194139,103410.32778585092,1370.4509,1360.855,14.9984,1345.8566,9279354.608408287,116.86104262246677,115.57235709516812,1171.4774602730276,740.8109248673197,1.581344741214286,5.843052131123339,5.843052131123339,0.2204236611005399,698.5125086691498,True,23272.234167877337,0.6792315902306943,0.3245191541012914,0.4995326178300118,True,23303.00232780901,0.6801296005398081,0.3240906746678767,1.351701099349945,0.16307130415632956,0.24,0.006096,2.9186350796015867e-05,50.0,0.05
926,1355.6745,1346.0799,0.3025,286.6798,287.6362,243.6144,0.926,9448371.30974155,9382218.871416518,103410.32778585092,1370.3704,1360.7758,14.9984,1345.7773999999997,9278808.543630667,116.85663827308055,115.56799933547096,1171.4759692770194,740.8105076482433,1.5813436191610657,5.842831913654027,5.842831913654027,0.21875251429582931,698.4730793261164,True,23271.078655920912,0.6791978650533852,0.3220747966848148,0.499532785288964,True,23301.83097801269,0.6800954131137479,0.32164974219469167,1.3516358437549836,0.16184278872637198,0.24,0.006096,2.9186350796015867e-05,50.0,0.05
927,1355.5941,1346.0009,0.3025,286.6749,287.6316,243.6105,0.927,9447816.971255178,9381674.185590358,103410.32778585092,1370.29,1360.6968,14.9984,1345.6983999999998,9278263.857804507,116.85229252189495,115.56360876561628,1171.4743368509226,740.81007640747,1.5813423361247223,5.842614626094748,5.842614626094748,0.21834010116072022,698.4337552756217,True,23269.9213827089,0.6791640884714526,0.321483577926099,0.4995329767737215,True,23300.65819373954,0.6800611838205436,0.3210594963442825,1.3515704965802795,0.1615454774376628,0.24,0.006096,2.9186350796015867e-05,50.0,0.05
928,1355.5138,1345.9219,0.3024,286.6701,287.6269,243.6066,0.928,9447263.322244536,9381129.499764198,103409.63831012162,1370.2096999999999,1360.6178,14.998300000000002,1345.6195,9277719.861454077,116.84790466903411,115.55926745057971,1171.4728681666918,740.8096622072133,1.5813412377429508,5.842395233451706,5.842395233451706,0.22023324620658968,698.3944244946813,True,23268.769372640898,0.6791304655014873,0.3242870956230241,0.4995331407001208,True,23299.49035153331,0.6800270987682382,0.3238595147244977,1.3515054875053836,0.16295401553499975,0.24,0.006096,2.9186350796015867e-05,50.0,0.05
929,1355.4337,1345.8431,0.3024,286.6654,287.6222,243.6027,0.929,9446711.052185355,9380586.192889497,103409.63831012162,1370.1296,1360.539,14.998300000000002,1345.5407,9277176.554579375,116.84348319204669,115.55494279709848,1171.4714222730852,740.8092510572257,1.5813401636133078,5.842174159602335,5.842174159602335,0.2198207177252698,698.3551923883862,True,23267.620886159686,0.6790969453721621,0.32369563612865687,0.49953330100715887,True,23298.326036579358,0.6799931166635551,0.32326903366880994,1.3514406259300633,0.1626565855040719,0.24,0.006096,2.9186350796015867e-05,50.0,0.05
930,1355.3536,1345.7644,0.3024,286.6606,287.6176,243.5988,0.93,9446158.78212617,9380043.575490525,103409.63831012162,1370.0494999999999,1360.4603,14.998300000000002,1345.462,9276633.937180404,116.83911184032509,115.55057690013177,1171.4698233198308,740.8088243440567,1.5813389160922853,5.841955592016255,5.841955592016255,0.2183613099359718,698.3160161818575,True,23266.468866514704,0.6790633221226798,0.3215625153386249,0.4995334871918999,True,23297.158514364222,0.6799590409506221,0.32113891688342,1.3513755732502155,0.16158447307937307,0.24,0.006096,2.9186350796015867e-05,50.0,0.05
931,1355.2736,1345.6857,0.3024,286.6558,287.6129,243.5949,0.931,9445607.201542718,9379500.958091551,103409.63831012162,1369.9695000000002,1360.3816,14.998300000000002,1345.3833,9276091.31978143,116.83474873964926,115.54626025664427,1171.4683881223864,740.8084146744218,1.5813378532386617,5.841737436982463,5.841737436982463,0.21773686494270805,698.2768332490774,True,23265.322109567758,0.6790298524721485,0.3206587518206924,0.4995336458163004,True,23295.995933795537,0.6799251094663158,0.3202365406296191,1.3513108084346461,0.16113011424435633,0.24,0.006096,2.9186350796015867e-05,50.0,0.05
932,1355.1938,1345.6072,0.3024,286.651,287.6083,243.591,0.932,9445056.999910723,9378959.719644038,103409.63831012162,1369.8897,1360.3030999999999,14.998300000000002,1345.3048,9275550.081333917,116.8304023657274,115.54191081173026,1171.4668114944516,740.8079909806304,1.58133662940615,5.84152011828637,5.84152011828637,0.21732425633535968,698.2377556077408,True,23264.17359260131,0.6789963314530706,0.3200669079761887,0.49953382846594957,True,23294.831919888788,0.6798911361481019,0.31964566793237253,1.3512459521058147,0.16083249388956633,0.24,0.006096,2.9186350796015867e-05,50.0,0.05
933,1355.114,1345.5288,0.3024,286.6462,287.6036,243.5871,0.933,9444506.798278729,9378419.170672255,103409.63831012162,1369.8099,1360.2247,14.998300000000002,1345.2264,9275009.532362133,116.82605576939582,115.53761905907514,1171.4654102647905,740.807585872822,1.5813356026647136,5.8413027884697915,5.8413027884697915,0.218170202537749,698.1987206360538,True,23263.032110770127,0.6789630157639184,0.32132855173603264,0.4995339817010505,True,23293.67462089091,0.679857358813574,0.3209058484245578,1.3511814832012563,0.16146624657766487,0.24,0.006096,2.9186350796015867e-05,50.0,0.05
934,1355.0344,1345.4505,0.3024,286.6415,287.599,243.5832,0.934,9443957.975598192,9377879.311176198,103409.63831012162,1369.7303,1360.1463999999996,14.998300000000002,1345.1480999999999,9274469.672866076,116.8216755576259,115.53328606901371,1171.4638559720102,740.8071651995141,1.5813344025317462,5.841083777881295,5.841083777881295,0.21775750611732292,698.1597415624706,True,23261.887096694627,0.6789295969814445,0.32073650505955825,0.4995341608139436,True,23292.51411548094,0.6798234878955779,0.3203147728705291,1.3511168232400024,0.1611685254537328,0.24,0.006096,2.9186350796015867e-05,50.0,0.05
935,1354.9548,1345.3723,0.3024,286.6367,287.5944,243.5793,0.935,9443409.152917655,9377340.141155872,103409.63831012162,1369.6507,1360.0682,14.998300000000002,1345.0699,9273930.502845751,116.81734546915114,115.52896130778807,1171.462312848681,740.80674603642,1.5813332142511143,5.840867273457557,5.840867273457557,0.21734472289608675,698.1208117731313,True,23260.7438342282,0.6788962293220474,0.32014424813219156,0.4995343381580805,True,23291.35536446905,0.6797896681820598,0.319723486644516,1.351052261472344,0.16087069989374783,0.24,0.006096,2.9186350796015867e-05,50.0,0.05
936,1354.8754,1345.2941,0.3024,286.632,287.5898,243.5754,0.936,9442861.709188577,9376800.971135547,103409.63831012162,1369.5712999999998,1359.99,14.998300000000002,1344.9917,9273391.332825426,116.81298176871005,115.52463633571558,1171.4607692615323,740.8063268430876,1.5813320254075838,5.8406490884355025,5.8406490884355025,0.21672005516575155,698.0818818749399,True,23259.60055063745,0.6788628610461084,0.31923981646571753,0.499534515586363,True,23290.196594312725,0.6797558479097853,0.31882043506084534,1.3509876983270432,0.16041600929018124,0.24,0.006096,2.9186350796015867e-05,50.0,0.05
937,1354.7961,1345.2161,0.3024,286.6272,287.5851,243.5715,0.937,9442314.95493523,9376263.18006668,103409.63831012162,1369.492,1359.912,14.998300000000002,1344.9137,9272853.54175656,116.8086766669445,115.5203774951011,1171.4594127289,740.8059277806899,1.5813310460924144,5.840433833347226,5.840433833347226,0.21651910960372334,698.0430440462421,True,23258.466074422995,0.6788297498253436,0.31895937038621486,0.49953466174380545,True,23289.04631213787,0.6797222753707155,0.31854055317759805,1.3509236221626029,0.16027487124483947,0.24,0.006096,2.9186350796015867e-05,50.0,0.05
938,1354.7168,1345.1382,0.3023,286.6225,287.5805,243.5676,0.938,9441768.200681882,9375726.078473544,103408.9488343923,1369.4127,1359.8341,14.9982,1344.8359,9272317.12963915,116.80432100432591,115.51607742314197,1171.4579031297442,740.8055131504918,1.5813298933856166,5.840216050216296,5.840216050216296,0.21736476335854604,698.0042621139851,True,23257.328066880204,0.6787965355379912,0.3202207907355774,0.4995348337791201,True,23287.892824396855,0.6796886092728673,0.3198005092230153,1.3508594052130782,0.1609085020393073,0.24,0.006096,2.9186350796015867e-05,50.0,0.05
939,1354.6377,1345.0604,0.3023,286.6178,287.5759,243.5638,0.939,9441222.825379992,9375189.666356135,103408.9488343923,1369.3336,1359.7563,14.9982,1344.7581,9271780.717521742,116.79998207641016,115.51178558258738,1171.4564047090573,740.8051000315215,1.581328752541271,5.839999103820508,5.839999103820508,0.21548144144526304,697.9655294683271,True,23256.191811141663,0.6787633723794122,0.3174617992274547,0.49953500404415274,True,23286.74109122689,0.6796549943845454,0.31704532921205125,1.3507952362489162,0.15952191395317852,0.24,0.006096,2.9186350796015867e-05,50.0,0.05
940,1354.5587,1344.9827,0.3023,286.613,287.5713,243.5599,0.94,9440678.139553832,9374653.943714455,103408.9488343923,1369.2546,1359.6786,14.9982,1344.6803999999997,9271244.994880062,116.7957017466681,115.50750197407844,1171.4549174690894,740.8046884240313,1.5813276235619032,5.839785087333405,5.839785087333405,0.21528041304918588,697.9268461098414,True,23255.057307255767,0.678730260351019,0.3171811036358527,0.4995351725385232,True,23285.59111267121,0.6796214307070113,0.3167651920941182,1.3507311654973406,0.15938065141920332,0.24,0.006096,2.9186350796015867e-05,50.0,0.05
941,1354.4797,1344.9051,0.3023,286.6083,287.5667,243.556,0.941,9440133.453727672,9374118.910548504,103408.9488343923,1369.1756,1359.6009999999999,14.9982,1344.6027999999997,9270709.961714111,116.79137085988819,115.5032265982561,1171.4534414120901,740.8042783282742,1.5813265064500361,5.83956854299441,5.83956854299441,0.21612590471431758,697.8882120391213,True,23253.92455527149,0.6786971994542409,0.3184423110749689,0.49953533926185095,True,23284.44288877303,0.6795879182415266,0.31802493674925236,1.350667192962143,0.16001418102140522,0.24,0.006096,2.9186350796015867e-05,50.0,0.05
942,1354.4009,1344.8276,0.3023,286.6036,287.5621,243.5522,0.942,9439590.14685297,9373584.566858286,103408.9488343923,1369.0968,1359.5235000000002,14.9982,1344.5253,9270175.618023893,116.78705671047952,115.49895945576124,1171.4519765403088,740.8038697445032,1.5813254012081934,5.839352835523976,5.839352835523976,0.21550094085887395,697.8496272567327,True,23252.793555237073,0.6786641896904861,0.317536926410035,0.49953550421375553,True,23283.296419575585,0.6795544569893532,0.3171209292241464,1.3506033186471154,0.1595590192053866,0.24,0.006096,2.9186350796015867e-05,50.0,0.05
943,1354.3222,1344.7501,0.3023,286.5989,287.5575,243.5483,0.943,9439047.529453998,9373050.223168064,103408.9488343923,1369.0181,1359.446,14.9982,1344.4477999999997,9269641.27433367,116.78275082225385,115.4946921053838,1171.4505112150603,740.8034611316575,1.5813242954150657,5.8391375411126925,5.8391375411126925,0.2150878651664243,697.8110423681998,True,23251.662534303916,0.6786311793167734,0.3169436826981169,0.4995356692480541,True,23282.149931433967,0.6795209951842686,0.31652865281682435,1.3505394429720252,0.15926070599841013,0.24,0.006096,2.9186350796015867e-05,50.0,0.05
944,1354.2436,1344.6728,0.3023,286.5942,287.553,243.5445,0.944,9438505.601530755,9372517.258429302,103408.9488343923,1368.9395,1359.3687,14.9982,1344.3704999999998,9269108.309594909,116.77845319587287,115.49039197603335,1171.4489044520712,740.8030384871447,1.5813230286479172,5.838922659793644,5.838922659793644,0.2148867057321695,697.7725627665486,True,23250.529756644282,0.6785981176706255,0.3166626905329409,0.4995358583070945,True,23281.00201299182,0.6794874916339307,0.3162482140994852,1.3504754759576243,0.15911929506146197,0.24,0.006096,2.9186350796015867e-05,50.0,0.05
945,1354.165,1344.5956,0.3023,286.5895,287.5484,243.5406,0.945,9437963.673607511,9371984.98316627,103408.9488343923,1368.8609,1359.2915,14.9982,1344.2932999999998,9268576.034331877,116.77415535402456,115.48614953799121,1171.4474731454993,740.8026344399292,1.5813219590277936,5.838707767701228,5.838707767701228,0.2144735694969313,697.7341258514869,True,23249.40401291261,0.6785652613191665,0.3160691855636456,0.4995360179429886,True,23279.8608083062,0.6794541840336462,0.31565567559491353,1.3504118963324894,0.15882085316295605,0.24,0.006096,2.9186350796015867e-05,50.0,0.05
946,1354.0866,1344.5185,0.3023,286.5848,287.5438,243.5368,0.946,9437423.124635728,9371453.397378966,103408.9488343923,1368.7825,1359.2143999999998,14.9982,1344.2161999999998,9268044.448544573,116.769874253093,115.48191533583524,1171.4460530331269,740.8022319057088,1.5813209012877698,5.83849371265465,5.83849371265465,0.21384845085049164,697.6957382270741,True,23248.280021325303,0.6785324561064076,0.31516318626467577,0.49953617580594084,True,23278.72135849407,0.6794209276517149,0.3147510507066905,1.3503484149426603,0.1583653881354556,0.24,0.006096,2.9186350796015867e-05,50.0,0.05
947,1354.0083,1344.4415,0.3023,286.5801,287.5393,243.533,0.947,9436883.265139671,9370922.501067393,103408.9488343923,1368.7042,1359.1373999999998,14.9982,1344.1391999999998,9267513.552233,116.76560141599055,115.47763991755934,1171.4444798403272,740.8018137968905,1.5813196701506838,5.838280070799527,5.838280070799527,0.2134352428583952,697.6574064934506,True,23247.152500808108,0.678499547897063,0.31456946953010506,0.4995363595477616,True,23277.578705333723,0.6793875777757389,0.31415829467645745,1.3502847426660525,0.15806684035915322,0.24,0.006096,2.9186350796015867e-05,50.0,0.05
948,1353.9301,1344.3646,0.3023,286.5754,287.5347,243.5292,0.948,9436344.095119346,9370392.294231549,103408.9488343923,1368.626,1359.0605,14.9982,1344.0623,9266983.345397156,116.76133684337866,115.47342218992873,1171.4430821198919,740.8014142885828,1.5813186361757545,5.838066842168933,5.838066842168933,0.21428029099570267,697.6191174511006,True,23246.032013831304,0.6784668449710956,0.315830158222148,0.4995365138641066,True,23276.442765561922,0.679354423839076,0.3154175250450138,1.3502214577660534,0.1587001078698825,0.24,0.006096,2.9186350796015867e-05,50.0,0.05
949,1353.852,1344.2878,0.3022,286.5708,287.5302,243.5253,0.949,9435805.61457475,9369862.776871433,103408.25935866298,1368.5479,1358.9837,14.9981,1343.9856,9266454.51751277,116.7570302043507,115.46916324916447,1171.4415313173738,740.8009992045464,1.5813174288037386,5.8378515102175355,5.8378515102175355,0.21386699680806487,697.5808842987276,True,23244.907998375493,0.6784340390617022,0.3152362418369372,0.49953669405935663,True,23275.303622858275,0.6793211764205206,0.31482456933695624,1.3501580322323739,0.1584014550166795,0.24,0.006096,2.9186350796015867e-05,50.0,0.05
950,1353.774,1344.2111,0.3022,286.5661,287.5256,243.5215,0.95,9435267.823505882,9369333.948987046,103408.25935866298,1368.4698999999998,1358.907,14.9981,1343.9089,9265925.689628383,116.75278216350632,115.46496199860451,1171.4401559978126,740.8006027231554,1.5813164186039297,5.837639108175317,5.837639108175317,0.21219538046761954,697.5426938407397,True,23243.79101620252,0.6784014384281688,0.3127873386578726,0.499536844827583,True,23274.171193298644,0.6792881249341415,0.3123790519497045,1.3500949438377798,0.15717070968685576,0.24,0.006096,2.9186350796015867e-05,50.0,0.05
951,1353.6961,1344.1345,0.3022,286.5614,287.5211,243.5177,0.951,9434730.721912744,9368805.81057839,103408.25935866298,1368.3919999999998,1358.8303999999998,14.9981,1343.8322999999998,9265397.551219726,116.748542389132,115.46071953788127,1171.4386275944626,740.800190664901,1.5813152350069517,5.8374271194566,5.8374271194566,0.21304026843472457,697.50455927192,True,23242.67050599964,0.678368734824317,0.3140478879674451,0.4995370214747585,True,23273.0355612219,0.6792549799779743,0.31363813989502537,1.350031664603233,0.15780390491606427,0.24,0.006096,2.9186350796015867e-05,50.0,0.05
952,1353.6183,1344.058,0.3022,286.5568,287.5165,243.5139,0.952,9434194.309795337,9368278.361645462,103408.25935866298,1368.3142,1358.7539,14.9981,1343.7558,9264870.102286799,116.74426055276894,115.45653476693687,1171.437274684709,740.7997972114309,1.5813142485922824,5.837213027638447,5.837213027638447,0.21262687558419202,697.4664674005901,True,23241.55702882419,0.6783362364888711,0.3134535119113903,0.49953716869335607,True,23271.90664204644,0.679222030946899,0.3130447274917898,1.3499687727285767,0.15750503261970086,0.24,0.006096,2.9186350796015867e-05,50.0,0.05
953,1353.5406,1343.9815,0.3022,286.5521,287.512,243.5101,0.953,9433658.587153658,9367750.912712537,103408.25935866298,1368.2365,1358.6774000000003,14.9981,1343.6793000000002,9264342.653353874,116.74003731410863,115.45230034478051,1171.4357570408442,740.799386637785,1.5813130763479148,5.837001865705432,5.837001865705432,0.21242540860021109,697.4283820206027,True,23240.438251006017,0.678303583447007,0.3131715853846834,0.4995373436464436,True,23270.772746934654,0.6791889366864006,0.31276335217794266,1.3499055904405504,0.15736315939760254,0.24,0.006096,2.9186350796015867e-05,50.0,0.05
954,1353.4629,1343.9052,0.3022,286.5475,287.5075,243.5063,0.954,9433122.864511978,9367224.842731066,103408.25935866298,1368.1588,1358.6010999999999,14.9981,1343.6029999999998,9263816.583372403,116.73576353642493,115.44808260907615,1171.4342622506483,740.7989791195885,1.5813119284301034,5.836788176821247,5.836788176821247,0.21327012196934447,697.3903953307382,True,23239.32299911452,0.6782710333140759,0.3144320065200086,0.49953751496901183,True,23269.642381185873,0.6791559454351289,0.3140223146139202,1.349842606029149,0.157996288616733,0.24,0.006096,2.9186350796015867e-05,50.0,0.05
955,1353.3854,1343.829,0.3022,286.5429,287.503,243.5025,0.955,9432588.520821758,9366699.462225327,103408.25935866298,1368.0812999999998,1358.5249,14.9981,1343.5267999999999,9263291.202866664,116.73150650922986,115.44387311666199,1171.4327786685192,740.798573115003,1.5813107924097791,5.836575325461493,5.836575325461493,0.21138642982532474,697.352457934743,True,23238.20950015313,0.6782385343427778,0.311669743197592,0.49953768451604796,True,23268.513771024216,0.6791230054230388,0.3112638331161349,1.3497797199026487,0.15660809442341506,0.24,0.006096,2.9186350796015867e-05,50.0,0.05
956,1353.308,1343.7529,0.3022,286.5382,287.4985,243.4987,0.956,9432054.866607266,9366174.771195317,103408.25935866298,1368.0038999999997,1358.4488,14.9981,1343.4506999999999,9262766.511836654,116.72730807923192,115.43967186816582,1171.431306296662,740.7981686242763,1.581309668289417,5.836365403961596,5.836365403961596,0.210972865477288,697.3145698331825,True,23237.09775416925,0.6782060865344961,0.31107486303362325,0.4995378522871787,True,23267.386916491927,0.6790901166513633,0.3106699100814611,1.3497169320647617,0.15630897150749026,0.24,0.006096,2.9186350796015867e-05,50.0,0.05
957,1353.2307,1343.6769,0.3022,286.5336,287.4939,243.4949,0.957,9431521.901868505,9365650.769641036,103408.25935866298,1367.9266,1358.3727999999999,14.9981,1343.3746999999998,9262242.510282373,116.72306759461077,115.43552830836676,1171.4300094447524,740.7977827436407,1.5813087413763705,5.836153379730539,5.836153379730539,0.21181741413101918,697.2767244368483,True,23235.993040575413,0.6781738439760173,0.3123349802009023,0.49953799062588167,True,23266.2667742552,0.6790574237871008,0.3119285743902397,1.3496545315659578,0.156941950089446,0.24,0.006096,2.9186350796015867e-05,50.0,0.05
958,1353.1535,1343.601,0.3022,286.529,287.4894,243.4911,0.958,9430989.626605472,9365127.457562486,103408.25935866298,1367.8493999999998,1358.2969,14.9981,1343.2988,9261719.198203823,116.71883538266667,115.43134354874756,1171.4285595031035,740.7973812821855,1.581307641065866,5.835941769133334,5.835941769133334,0.21140376406356154,697.2389349268533,True,23234.884800515232,0.6781414984928548,0.3117399016774506,0.4995381548436882,True,23265.14343094567,0.6790246374952045,0.31133445296387285,1.349591940308585,0.15664272862745754,0.24,0.006096,2.9186350796015867e-05,50.0,0.05
959,1353.0764,1343.5252,0.3022,286.5244,287.4849,243.4874,0.959,9430458.040818168,9364604.834959663,103408.25935866298,1367.7722999999999,1358.2211,14.9981,1343.223,9261196.575601,116.71461144404823,115.42716703493369,1171.427120778358,740.7969813353347,1.581306552662761,5.8357305722024115,5.8357305722024115,0.20973201680635611,697.2011947130096,True,23233.778313576157,0.6781092041768997,0.30928944116151963,0.4995383172844683,True,23264.021843392846,0.6789919024474393,0.3088873608807013,1.3495294473509871,0.15541121923500256,0.24,0.006096,2.9186350796015867e-05,50.0,0.05
960,1352.9994,1343.4494,0.3021,286.5197,287.4805,243.4836,0.96,9429927.144506594,9364082.212356841,103407.56988293366,1367.6952999999999,1358.1453000000001,14.998000000000001,1343.1473,9260674.642473908,116.71044610199442,115.4229408804242,1171.4255173022318,740.7965642621556,1.581305278418764,5.835522305099722,5.835522305099722,0.20931832215956092,697.1634609844205,True,23232.666527791163,0.6780767552069689,0.3086941420011822,0.49953850746156864,True,23262.895281570203,0.6789590222188903,0.3082930122579306,1.349466714303386,0.15511188230204997,0.24,0.006096,2.9186350796015867e-05,50.0,0.05
961,1352.9225,1343.3738,0.3021,286.5151,287.476,243.4798,0.961,9429396.937670749,9363560.968705477,103407.56988293366,1367.6183999999996,1358.0697,14.998000000000001,1343.0717,9260153.398822544,116.70623871116184,115.41878086072151,1171.4241010140734,740.7961673443601,1.5813042138344855,5.835311935558092,5.835311935558092,0.21016265976140858,697.125819363426,True,23231.563547394187,0.6780445632341815,0.30995405192685405,0.49953866634770366,True,23261.777205805112,0.6789263896673938,0.30955146678621126,1.3494044179635074,0.15574475447366745,0.24,0.006096,2.9186350796015867e-05,50.0,0.05
962,1352.8457,1343.2983,0.3021,286.5105,287.4715,243.4761,0.962,9428867.420310635,9363040.414529841,103407.56988293366,1367.5416,1357.9941999999996,14.998000000000001,1342.9961999999998,9259632.844646908,116.70203959560398,115.41462908870265,1171.4226959494197,740.7957719419115,1.5813031611650115,5.835101979780199,5.835101979780199,0.21100688408569113,697.0882270402835,True,23230.462320260765,0.6780124224327594,0.3112138909322378,0.4995388234556957,True,23260.660885923382,0.678893808363725,0.31080985197708827,1.3493422199345118,0.15637758973845198,0.24,0.006096,2.9186350796015867e-05,50.0,0.05
963,1352.769,1343.2229,0.3021,286.506,287.467,243.4723,0.963,9428338.59242625,9362520.549829938,103407.56988293366,1367.4649,1357.9188,14.998000000000001,1342.9207999999999,9259112.979947004,116.69779843579842,115.41048556499507,1171.4213021104752,740.7953780550574,1.5813021204128148,5.834889921789921,5.834889921789921,0.2105930517723209,697.0506840155576,True,23229.36284643868,0.677980332804097,0.31061823121227905,0.499538978785172,True,23259.546321967417,0.6788612783091217,0.31021514777931797,1.349280120220109,0.15607808090877875,0.24,0.006096,2.9186350796015867e-05,50.0,0.05
964,1352.6924,1343.1475,0.3021,286.5014,287.4625,243.4685,0.964,9427810.45401759,9362000.685130034,103407.56988293366,1367.3882999999996,1357.8434,14.998000000000001,1342.8454000000002,9258593.1152471,116.69361587353308,115.40634184388186,1171.4199078425713,740.7949841409393,1.5813010791386566,5.834680793676654,5.834680793676654,0.20892118289066275,697.013140890694,True,23228.263352739203,0.677948242595286,0.3081668625482111,0.49953913419265406,True,23258.43173999021,0.678828747728544,0.30776714096116625,1.349218019213532,0.15484612561907843,0.24,0.006096,2.9186350796015867e-05,50.0,0.05
965,1352.6159,1343.0723,0.3021,286.4968,287.4581,243.4648,0.965,9427283.005084665,9361482.199381588,103407.56988293366,1367.3118,1357.7682000000002,14.998000000000001,1342.7702000000002,9258074.629498655,116.6894415884828,115.40216538100336,1171.4183721290515,740.7945761834848,1.581299876902591,5.83447207942414,5.83447207942414,0.20850730594020206,696.9757030463893,True,23227.162107690605,0.6779161012709852,0.30757095981240734,0.499539313623415,True,23257.31573267039,0.6787961755474168,0.3071721872505408,1.3491558271538653,0.15454649621909294,0.24,0.006096,2.9186350796015867e-05,50.0,0.05
966,1352.5395,1342.9972,0.3021,286.4922,287.4536,243.461,0.966,9426756.245627468,9360964.40310887,103407.56988293366,1367.2354000000003,1357.6931,14.998000000000001,1342.6951000000001,9257556.833225938,116.68527558129546,115.39804660659104,1171.4170119765583,740.7941868439965,1.581298871913592,5.834263779064774,5.834263779064774,0.20809339659490433,696.9383079191523,True,23226.06789424379,0.6778841651734808,0.3069748598444545,0.4995394636156455,True,23256.206436891494,0.6787637992516774,0.30657704023744764,1.3490940224119046,0.15424677089805486,0.24,0.006096,2.9186350796015867e-05,50.0,0.05
967,1352.4632,1342.9222,0.3021,286.4876,287.4492,243.4573,0.967,9426230.175645998,9360447.296311881,103407.56988293366,1367.1590999999999,1357.6181,14.998000000000001,1342.6200999999999,9257039.726428948,116.68111785261898,115.39388664720065,1171.41549872071,740.7937819170439,1.5812976935217962,5.83405589263095,5.83405589263095,0.20893735899198873,696.9009686727511,True,23224.970156667878,0.6778521262195083,0.30823442298140513,0.4995396394879574,True,23255.093942201627,0.6787313295914003,0.30783514755060754,1.3490320270305618,0.15487946527992646,0.24,0.006096,2.9186350796015867e-05,50.0,0.05
968,1352.387,1342.8472,0.3021,286.4831,287.4447,243.4536,0.968,9425704.795140259,9359930.189514894,103407.56988293366,1367.0828999999999,1357.5430999999999,14.998000000000001,1342.5450999999998,9256522.619631961,116.67691808693579,115.38977592866387,1171.4141493764091,740.7933940667068,1.5812966999418543,5.83384590434679,5.83384590434679,0.2085233653983778,696.8636227465786,True,23223.877677142627,0.6778202407288468,0.30763815074946227,0.4995397877776215,True,23253.986384768286,0.678699004031624,0.30723982820028073,1.3489703193432967,0.15457965413196842,0.24,0.006096,2.9186350796015867e-05,50.0,0.05
969,1352.3109,1342.7724,0.3021,286.4785,287.4403,243.4498,0.969,9425180.104110248,9359414.461669367,103407.56988293366,1367.0067999999999,1357.4683,14.998000000000001,1342.4703000000002,9256006.891786434,116.67277691800305,115.38563247502945,1171.4126585862025,740.7929921711534,1.5812955454032676,5.833638845900153,5.833638845900153,0.20810929939307243,696.8263821001456,True,23222.78344721132,0.6777883041502203,0.30704173872399626,0.4995399600901356,True,23252.877402861115,0.6786666368966549,0.3066443642267369,1.3489085206536915,0.15427977228005132,0.24,0.006096,2.9186350796015867e-05,50.0,0.05
970,1352.2349,1342.6976,0.3021,286.474,287.4358,243.4461,0.97,9424656.102555968,9358898.733823836,103407.56988293366,1366.9307999999999,1357.3935,14.998000000000001,1342.3954999999999,9255491.163940903,116.66859371496007,115.38153826141266,1171.411331716463,740.7926073541408,1.5812945756847465,5.833429685748004,5.833429685748004,0.20769524143724993,696.7891347765911,True,23221.694475049237,0.6777565210266906,0.306445212983898,0.49954010481873307,True,23251.773357945014,0.678634413854439,0.3060487903311645,1.348847009647557,0.15397983607608623,0.24,0.006096,2.9186350796015867e-05,50.0,0.05
971,1352.159,1342.623,0.3021,286.4694,287.4314,243.4424,0.971,9424132.790477417,9358384.384929767,103407.56988293366,1366.8549,1357.3189,14.998000000000001,1342.3209000000002,9254976.815046834,116.66446910834556,115.37741131600973,1171.409863400604,740.7922084909655,1.5812934450091347,5.833223455417278,5.833223455417278,0.20728111147445816,696.7519927323732,True,23220.603752950345,0.6777246868288913,0.305848548094562,0.49954027356997693,True,23250.667888987293,0.6786021492496448,0.3054530724720758,1.3487854076643249,0.15367982949445183,0.24,0.006096,2.9186350796015867e-05,50.0,0.05
972,1352.0832,1342.5484,0.302,286.4649,287.427,243.4387,0.972,9423610.167874595,9357870.036035696,103406.88040720434,1366.7791,1357.2442999999998,14.9979,1342.2463999999998,9254463.155628491,116.66030247050108,115.37328417814992,1171.408394661252,740.7918096002172,1.5812923138194865,5.833015123525055,5.833015123525055,0.208124793085517,696.7148505890785,True,23219.513011568666,0.6776928520682979,0.30710784753052434,0.499540442398063,True,23249.56240255217,0.6785698841347491,0.3067109194669005,1.3487238546651876,0.15431238378829054,0.24,0.006096,2.9186350796015867e-05,50.0,0.05
973,1352.0075,1342.474,0.302,286.4604,287.4226,243.435,0.973,9423088.234747501,9357357.066093083,103406.88040720434,1366.7033999999999,1357.1698999999999,14.9979,1342.1719999999998,9253950.185685879,116.65614411662214,115.36917374428725,1171.406948825497,740.79141376961,1.581291207014193,5.832807205831108,5.832807205831108,0.2066649044445512,696.677807148364,True,23218.425797661836,0.6776611202618229,0.30496792314823024,0.4995406075869455,True,23248.460446871075,0.678537722069679,0.30457393557160084,1.3486624494111916,0.15323693822333262,0.24,0.006096,2.9186350796015867e-05,50.0,0.05
974,1351.9318,1342.3996,0.302,286.4558,287.4182,243.4312,0.974,9422566.301620409,9356844.096150473,103406.88040720434,1366.6277,1357.0955,14.9979,1342.0975999999998,9253437.215743268,116.65203587432329,115.36506311878043,1171.4055025690955,740.7910179117503,1.5812900996980552,5.832601793716165,5.832601793716165,0.20625068406206992,696.6407636093206,True,23217.338564534148,0.6776293878943611,0.30437092568102037,0.4995407728521886,True,23247.35847376739,0.678505559496107,0.30397788371143525,1.3486010429048132,0.15293676743554727,0.24,0.006096,2.9186350796015867e-05,50.0,0.05
975,1351.8563,1342.3254,0.302,286.4513,287.4137,243.4275,0.975,9422045.747444773,9356332.505159318,103406.88040720434,1366.5521999999996,1357.0212999999997,14.9979,1342.0233999999996,9252925.624752114,116.64789408925967,115.3610186280773,1171.4042435838849,740.7906422250969,1.5812892021224285,5.832394704462984,5.832394704462984,0.20688210629623427,696.6038122017769,True,23216.260135263372,0.6775979124793555,0.30531691802184735,0.4995409068140672,True,23246.264985253398,0.6784736445567463,0.3049228337106483,1.348540123301098,0.15341190278403177,0.24,0.006096,2.9186350796015867e-05,50.0,0.05
976,1351.7809,1342.2512,0.302,286.4468,287.4093,243.4238,0.976,9421525.88274487,9355820.914168166,103406.88040720434,1366.4768,1356.9470999999999,14.9979,1341.9491999999998,9252414.033760961,116.64376059007145,115.35692451655586,1171.4028198220533,740.7902494018895,1.5812881186919487,5.832188029503573,5.832188029503573,0.20646779665048598,696.5668672701565,True,23215.176410404805,0.677566282505467,0.30471970341708976,0.49954106851462016,True,23245.166525487257,0.6784415845246764,0.3043265645267596,1.3484789135351176,0.15311162419975732,0.24,0.006096,2.9186350796015867e-05,50.0,0.05
977,1351.7056,1342.1772,0.302,286.4423,287.4049,243.4202,0.977,9421006.707520694,9355310.702128472,103406.88040720434,1366.4015,1356.8730999999998,14.9979,1341.8751999999997,9251903.821721267,116.63963537739365,115.3528471123306,1171.401418975449,740.7898596401313,1.5812870596588682,5.8319817688696824,5.8319817688696824,0.20605345525154917,696.53002104408,True,23214.096213270597,0.6775347554929793,0.30412233997003324,0.4995412265740026,True,23244.071596697326,0.6784096275489168,0.3037301460417315,1.3484179017745537,0.1528112723662133,0.24,0.006096,2.9186350796015867e-05,50.0,0.05
978,1351.6304,1342.1032,0.302,286.4378,287.4005,243.4165,0.978,9420488.221772248,9354800.490088778,103406.88040720434,1366.3263,1356.7991,14.9979,1341.8011999999999,9251393.609681573,116.63551845186139,115.34876951808594,1171.400017713887,740.7894698517603,1.5812860001213254,5.83177592259307,5.83177592259307,0.20585121819931373,696.4931747211592,True,23213.015997039412,0.6775032279231203,0.30383798883194796,0.4995413847087837,True,23242.976650594595,0.6783776700678598,0.30344633569486734,1.3483568887712327,0.1526681992828378,0.24,0.006096,2.9186350796015867e-05,50.0,0.05
979,1351.5552,1342.0293,0.302,286.4333,287.3962,243.4128,0.979,9419969.736023802,9354290.967524812,103406.88040720434,1366.2511,1356.7251999999999,14.9979,1341.7272999999998,9250884.087117607,116.63140132866567,115.34465075741248,1171.39846333158,740.7890644675468,1.5812847671739594,5.831570066433284,5.831570066433284,0.20543681869230568,696.4563842721209,True,23211.93225960597,0.6774715975822171,0.30324048923301783,0.4995415687249211,True,23241.87850828825,0.6783456193012828,0.3028497757587232,1.3482956852776546,0.1523677787710194,0.24,0.006096,2.9186350796015867e-05,50.0,0.05
980,1351.4802,1341.9555,0.302,286.4288,287.3918,243.4091,0.98,9419452.629226813,9353782.134436578,103406.88040720434,1366.1761,1356.6514,14.9979,1341.6535,9250375.254029373,116.62730097911371,115.34058968350388,1171.3970845751742,740.7886777141055,1.5812837315357222,5.831365048955686,5.831365048955686,0.20481025134586162,696.4196365589867,True,23210.855552341785,0.6774401724263,0.3023296516536939,0.49954172329298485,True,23240.787076158438,0.6783137643802721,0.3019402850139455,1.348234869057887,0.15190992018251087,0.24,0.006096,2.9186350796015867e-05,50.0,0.05
981,1351.4053,1341.8819,0.302,286.4243,287.3874,243.4054,0.981,9418936.211905556,9353274.6802998,103406.88040720434,1366.1011999999998,1356.5778,14.9979,1341.5799,9249867.799892595,116.62320891861185,115.33654532017266,1171.3957287455667,740.7882940234151,1.5812827203078628,5.831160445930593,5.831160445930593,0.20439578297646221,696.3829875543743,True,23209.782373050883,0.6774088502390486,0.3017317870948005,0.49954187421792157,True,23239.69917522576,0.6782820125220197,0.30134336338430723,1.348174250862909,0.1516093211583274,0.24,0.006096,2.9186350796015867e-05,50.0,0.05
982,1351.3305,1341.8083,0.302,286.4198,287.383,243.4017,0.982,9418420.484060027,9352767.226163022,103406.88040720434,1366.0264,1356.5041999999999,14.9979,1341.5062999999998,9249360.345755817,116.61912514779463,115.33250076844632,1171.394372506688,740.7879103067512,1.5812817085819175,5.830956257389732,5.830956257389732,0.20419344049196297,696.3463384543646,True,23208.709174786352,0.6773775274980264,0.30144702503812826,0.4995420252172959,True,23238.6112570903,0.6782502601616808,0.30105914068250783,1.3481136314347955,0.15146604539161895,0.24,0.006096,2.9186350796015867e-05,50.0,0.05
983,1351.2557,1341.7348,0.302,286.4153,287.3787,243.3981,0.983,9417904.756214498,9352260.461501975,103406.88040720434,1365.9515999999999,1356.4307,14.9979,1341.4327999999998,9248853.58109477,116.61504118099215,115.3284150560067,1171.3928631438112,740.7875109920626,1.581280523446031,5.830752059049608,5.830752059049608,0.20503650026830655,696.309745226707,True,23207.632456182877,0.6773461020111567,0.3027056620825277,0.49954220209810507,True,23237.52014354822,0.6782184145390833,0.3023163274144498,1.3480528215613645,0.15209826869456475,0.24,0.006096,2.9186350796015867e-05,50.0,0.05
984,1351.1811,1341.6614,0.302,286.4109,287.3743,243.3944,0.984,9417390.407320427,9351754.386316655,103406.88040720434,1365.8769999999997,1356.3573,14.9979,1341.3593999999998,9248347.50590945,116.6109236877839,115.32438702950473,1171.3915294272892,740.787130312263,1.581279535638685,5.8305461843891955,5.8305461843891955,0.20462193358389413,696.273194740915,True,23206.56276725648,0.6773148816949084,0.30210754128397344,0.4995423495278532,True,23236.43573971522,0.6781867647484089,0.30171914908985875,1.3479923989456963,0.15179754258550332,0.24,0.006096,2.9186350796015867e-05,50.0,0.05
985,1351.1065,1341.5881,0.3019,286.4064,287.3699,243.3908,0.985,9416876.058426358,9351249.000607066,103406.19093147502,1365.8024,1356.2839999999999,14.9978,1341.2861999999998,9247842.809675591,116.60685630364881,115.32036726613457,1171.3902069767043,740.7867511516588,1.5812785597955294,5.830342815182441,5.830342815182441,0.20294973840009334,696.2366935635222,True,23205.49483298532,0.6772837125906432,0.29965247152305,0.49954249517204397,True,23235.35309301737,0.6781551662420973,0.29926740737626634,1.3479321249856637,0.150563767001437,0.24,0.006096,2.9186350796015867e-05,50.0,0.05
986,1351.0321,1341.5149,0.3019,286.4019,287.3656,243.3871,0.986,9416363.088483745,9350744.304373207,103406.19093147502,1365.7279999999998,1356.2107999999998,14.9978,1341.213,9247338.113441732,116.60280569824792,115.31630634631014,1171.3887313996274,740.7863563913905,1.5812774105422784,5.830140284912396,5.830140284912396,0.20358047636455012,696.2002482573216,True,23204.423379018783,0.677252440759314,0.3005976266933821,0.4995426666977376,True,23234.26725150758,0.6781234744908836,0.30021151607735264,1.3478716103665795,0.15103847784818505,0.24,0.006096,2.9186350796015867e-05,50.0,0.05
987,1350.9578,1341.4418,0.3019,286.3975,287.3612,243.3834,0.987,9415850.808016863,9350240.297615077,103406.19093147502,1365.6536999999998,1356.1377,14.9978,1341.1399000000001,9246834.106683603,116.59871308459421,115.31230311182703,1171.3874314842851,740.7859802690999,1.581276458632173,5.829935654229711,5.829935654229711,0.20337798329046564,696.1638456974373,True,23203.358954364,0.6772213740879437,0.3003124104940832,0.49954280877012414,True,23233.188119359562,0.6780919785614563,0.2999268384237836,1.3478114829933903,0.15089497741833902,0.24,0.006096,2.9186350796015867e-05,50.0,0.05
988,1350.8835,1341.3688,0.3019,286.393,287.3569,243.3798,0.988,9415338.52754998,9349736.980332674,103406.19093147502,1365.5793999999999,1356.0647,14.9978,1341.0668999999998,9246330.7894012,116.59467057891628,115.30825872372418,1171.3859784408135,740.785588546058,1.5812753333118914,5.829733528945814,5.829733528945814,0.20296324067476235,696.1274990079847,True,23202.291010442164,0.6771902047020104,0.2997137868585591,0.4995429767240557,True,23232.105792795122,0.6780603893986707,0.2993291509842622,1.3477511652306962,0.15059400125988456,0.24,0.006096,2.9186350796015867e-05,50.0,0.05
989,1350.8094,1341.2959,0.3019,286.3886,287.3526,243.3762,0.989,9414827.626034558,9349234.352526003,103406.19093147502,1365.5053,1355.9918,14.9978,1340.994,9245828.161594529,116.59059455496723,115.30422260280301,1171.3845366659186,740.7851983416055,1.5812742199605165,5.829529727748362,5.829529727748362,0.20380598488554824,696.0912016272534,True,23201.224821695785,0.6771590865432439,0.3009720890344031,0.49954314289174934,True,23231.02522384336,0.6780288515341854,0.3005860066638663,1.3476909459053739,0.15122605483457643,0.24,0.006096,2.9186350796015867e-05,50.0,0.05
990,1350.7353,1341.223,0.3019,286.3842,287.3482,243.3725,0.99,9414316.724519134,9348731.72471933,103406.19093147502,1365.4312,1355.9189,14.9978,1340.9210999999998,9245325.533787856,116.58651833952086,115.30023571485549,1171.3832588918842,740.7848252329236,1.581273291503465,5.829325916976043,5.829325916976043,0.2023459112983801,696.054897593294,True,23200.16388825124,0.6771281217675602,0.2988295786182692,0.499543281464056,True,23229.9495895537,0.677997457694479,0.2984464159887185,1.3476310141717138,0.1501493429362389,0.24,0.006096,2.9186350796015867e-05,50.0,0.05
991,1350.6613,1341.1503,0.3019,286.3797,287.3439,243.3689,0.991,9413806.51247944,9348230.475864118,103406.19093147502,1365.3572,1355.8462,14.9978,1340.8484,9244824.284932643,116.58250071851529,115.29621612908129,1171.3818396626484,740.7844380670537,1.581272202098579,5.829125035925765,5.829125035925765,0.20171888531922377,696.0186988324118,True,23199.101209809392,0.677097106061773,0.2979172167674581,0.49954344405794904,True,23228.87253577814,0.6779660224251595,0.29753539063455275,1.347570991723029,0.14969072988229162,0.24,0.006096,2.9186350796015867e-05,50.0,0.05
992,1350.5875,1341.0777,0.3019,286.3753,287.3396,243.3653,0.992,9413297.679391203,9347729.916484633,103406.19093147502,1365.2834,1355.7735999999998,14.9978,1340.7758,9244323.725553159,116.5784495841081,115.2922048122969,1171.3804317083573,740.7840524204896,1.5812711246697426,5.8289224792054055,5.8289224792054055,0.20256147695909021,695.9825493819045,True,23198.04028668029,0.6770661415871595,0.29917531614304516,0.49954360486452654,True,23227.79723973692,0.6779346384576908,0.2987920449380193,1.3475110677224,0.15032268143182315,0.24,0.006096,2.9186350796015867e-05,50.0,0.05
993,1350.5137,1341.0051,0.3019,286.3709,287.3353,243.3616,0.993,9412788.846302968,9347229.35710515,103406.19093147502,1365.2096,1355.701,14.9978,1340.7032000000002,9243823.166173676,116.57439825943693,115.28819331274099,1171.3790233528912,740.7836667479593,1.5812700467536571,5.828719912971847,5.828719912971847,0.20235877440836703,695.9463998377717,True,23196.979345218784,0.6770351765774899,0.2988896019130346,0.4995437657439378,True,23226.72192707743,0.6779032540051956,0.2985068639408185,1.3474511425274822,0.15017893266897414,0.24,0.006096,2.9186350796015867e-05,50.0,0.05
994,1350.44,1340.9327,0.3019,286.3665,287.331,243.358,0.994,9412280.702690462,9346730.176677125,103406.19093147502,1365.1359,1355.6286,14.9978,1340.6308,9243323.98574565,116.57035523313175,115.28419853553643,1171.3776379541202,740.7832841406404,1.5812689932832367,5.828517761656588,5.828517761656588,0.2004742480207824,695.9103490094557,True,23195.921932836147,0.6770043145687542,0.29611960176130153,0.4995439229749315,True,23225.650146612672,0.6778719726445748,0.29574057655559105,1.347391415432426,0.1487869417339601,0.24,0.006096,2.9186350796015867e-05,50.0,0.05
995,1350.3665,1340.8603,0.3019,286.362,287.3267,243.3544,0.995,9411773.938029414,9346230.9962491,103406.19093147502,1365.0624,1355.5562,14.9978,1340.5584000000001,9242824.805317625,116.56637928951609,115.28020357635548,1171.3762521569615,740.7829015076691,1.5812679393286924,5.828318964475805,5.828318964475805,0.2000592972931372,695.8742980882416,True,23194.864502181717,0.6769734520267315,0.29552015177876945,0.4995440802782878,True,23224.578349583317,0.6778406908004939,0.2951420592010754,1.3473316871477892,0.14848555793759244,0.24,0.006096,2.9186350796015867e-05,50.0,0.05
996,1350.293,1340.7881,0.3019,286.3576,287.3224,243.3508,0.996,9411267.173368365,9345733.194772532,103406.19093147502,1364.9888999999998,1355.484,14.9978,1340.4861999999998,9242327.003841057,116.56235286124004,115.27622534113509,1171.3748893221784,740.7825219405483,1.5812669098261842,5.8281176430620025,5.8281176430620025,0.2011139079354507,695.8383458842915,True,23193.810600727837,0.6769426924891941,0.29709148228771376,0.4995442339322661,True,23223.51008485702,0.6778095120514491,0.2967115455886154,1.3472721569725121,0.14927489363944002,0.24,0.006096,2.9186350796015867e-05,50.0,0.05
997,1350.2196,1340.7159,0.3019,286.3532,287.3181,243.3472,0.997,9410761.098183045,9345235.393295966,103406.19093147502,1364.9154999999998,1355.4118,14.9978,1340.414,9241829.202364491,116.55833473319869,115.27224692473337,1171.3735260917947,740.7821423480883,1.5812658798426793,5.827916736659935,5.827916736659935,0.20069888066018393,695.8023935881633,True,23192.756681062685,0.6769119324201363,0.29649186407843814,0.49954438765813575,True,23222.4418036199,0.6777783328205138,0.29611286012197163,1.347212625612362,0.14897342620208764,0.24,0.006096,2.9186350796015867e-05,50.0,0.05
998,1350.1463,1340.6439,0.3018,286.3488,287.3138,243.3436,0.998,9410255.712473458,9344738.970770858,103405.5014557457,1364.8422,1355.3398,14.9977,1340.3420999999998,9241333.469315112,116.55432490601362,115.26828523390093,1171.3721858294628,740.781765822118,1.581264874317575,5.827716245300682,5.827716245300682,0.20154111636929883,695.7665400107501,True,23191.706290720158,0.6768812753591265,0.2977495813610283,0.49954453773366775,True,23221.37705479423,0.6777472566877781,0.2973691363270895,1.3471533426251534,0.14960517855863556,0.24,0.006096,2.9186350796015867e-05,50.0,0.05
999,1350.0731,1340.5719,0.3018,286.3445,287.3095,243.34,0.999,9409751.016239598,9344242.548245749,103405.5014557457,1364.769,1355.2677999999999,14.9977,1340.2700999999997,9240837.046790002,116.5502730885439,115.26432336268188,1171.3708451743164,740.7813892711216,1.5812638683145988,5.827513654427196,5.827513654427196,0.20112600790525903,695.7306863418778,True,23190.655882226994,0.6768506177683659,0.297149773709875,0.4995446878806198,True,23220.312289511516,0.6777161800747215,0.2967702613844691,1.3470940082041762,0.1493036170306941,0.24,0.006096,2.9186350796015867e-05,50.0,0.05
1000,1350.0,1340.5,0.3018,286.3401,287.3052,243.3364,1.0,9409247.009481467,9343746.81519637,103405.5014557457,1364.6959,1355.1959,14.9977,1340.1981999999998,9240341.313740624,116.54627986569743,115.26036976485366,1171.369515809601,740.7810142411732,1.5812628743050408,5.827313993284871,5.827313993284871,0.19966114232428095,695.6948819873446,True,23189.60722938043,0.6768200114185229,0.294998875558981,0.4995448362376378,True,23219.24928226007,0.677685154772182,0.2946222754302493,1.3470347722572684,0.1482227084529544,0.24,0.006096,2.9186350796015867e-05,50.0,0.05
